# Male_Basic_Tee – rest-pose, app coordinates
v -0.194342 0.858456 -0.023913
v -0.196268 0.858456 -0.010738
v -0.196713 0.858456 0.002395
v -0.195537 0.858456 0.015384
v -0.192676 0.858456 0.028112
v -0.188149 0.858456 0.040448
v -0.182038 0.858456 0.052259
v -0.174425 0.858456 0.063412
v -0.165347 0.858456 0.073787
v -0.154776 0.858456 0.083282
v -0.142677 0.858456 0.091822
v -0.129131 0.858456 0.099358
v -0.114455 0.858456 0.105864
v -0.099220 0.858456 0.111330
v -0.084103 0.858456 0.115764
v -0.069642 0.858456 0.119177
v -0.056047 0.858456 0.121596
v -0.043187 0.858456 0.123063
v -0.030759 0.858456 0.123643
v -0.018505 0.858456 0.123429
v -0.006349 0.858456 0.122542
v 0.005601 0.858456 0.121115
v 0.017167 0.858456 0.119280
v 0.028252 0.858456 0.117137
v 0.038975 0.858456 0.114738
v 0.049724 0.858456 0.112080
v 0.061068 0.858456 0.109102
v 0.073535 0.858456 0.105702
v 0.087352 0.858456 0.101757
v 0.102277 0.858456 0.097144
v 0.117651 0.858456 0.091754
v 0.132635 0.858456 0.085506
v 0.146497 0.858456 0.078349
v 0.158784 0.858456 0.070264
v 0.169312 0.858456 0.061266
v 0.178062 0.858456 0.051401
v 0.185052 0.858456 0.040749
v 0.190291 0.858456 0.029415
v 0.193778 0.858456 0.017525
v 0.195527 0.858456 0.005213
v 0.195596 0.858456 -0.007385
v 0.194095 0.858456 -0.020149
v 0.190262 0.875956 -0.021597
v 0.189908 0.890956 -0.022313
v 0.189742 0.903456 -0.023102
v 0.188727 0.918456 -0.023960
v 0.187776 0.930459 -0.024877
v 0.186859 0.944988 -0.025766
v 0.185982 0.959517 -0.026579
v 0.185167 0.974069 -0.027306
v 0.184437 0.988637 -0.027966
v 0.183794 1.003203 -0.028601
v 0.183205 1.017733 -0.029274
v 0.182639 1.032197 -0.030061
v 0.182104 1.046581 -0.031024
v 0.181679 1.060909 -0.032174
v 0.181488 1.075231 -0.033460
v 0.181621 1.089599 -0.034808
v 0.182065 1.104026 -0.036151
v 0.182737 1.118498 -0.037444
v 0.183553 1.132994 -0.038647
v 0.184442 1.147506 -0.039730
v 0.185355 1.162036 -0.040667
v 0.186277 1.176574 -0.041447
v 0.187242 1.191100 -0.042082
v 0.188322 1.205601 -0.042618
v 0.189607 1.220073 -0.043151
v 0.191198 1.234504 -0.043848
v 0.193190 1.248822 -0.044961
v 0.195883 1.262830 -0.046783
v 0.199280 1.276265 -0.049543
v 0.203759 1.288756 -0.053284
v 0.209913 1.299854 -0.057801
v 0.230373 1.309636 -0.062663
v 0.265669 1.324201 -0.067444
v 0.225804 1.564838 -0.088329
v 0.210599 1.570246 -0.086001
v 0.194005 1.574222 -0.083950
v 0.176954 1.573211 -0.082127
v 0.160050 1.570189 -0.080436
v 0.143463 1.568631 -0.078631
v 0.127652 1.569209 -0.077606
v 0.112989 1.572599 -0.079566
v -0.108114 1.577863 -0.089720
v -0.122768 1.576874 -0.087136
v -0.143785 1.585664 -0.082992
v -0.152388 1.574150 -0.085207
v -0.167163 1.573130 -0.085833
v -0.186562 1.580016 -0.086368
v -0.200870 1.572764 -0.086632
v -0.218079 1.569085 -0.087164
v -0.271374 1.319240 -0.066178
v -0.230004 1.300899 -0.060420
v -0.217162 1.290309 -0.055306
v -0.213475 1.278516 -0.051166
v -0.210962 1.265552 -0.048176
v -0.208566 1.251830 -0.046255
v -0.206626 1.237674 -0.045166
v -0.204841 1.223332 -0.044625
v -0.203194 1.208915 -0.044367
v -0.201636 1.194473 -0.044175
v -0.200114 1.180018 -0.043895
v -0.198583 1.165557 -0.043447
v -0.197019 1.151089 -0.042810
v -0.195425 1.136613 -0.042002
v -0.193836 1.122124 -0.041064
v -0.192317 1.107621 -0.040041
v -0.190956 1.093107 -0.038971
v -0.189853 1.078589 -0.037879
v -0.189086 1.064075 -0.036790
v -0.188666 1.049567 -0.035746
v -0.188523 1.035048 -0.034791
v -0.188561 1.020500 -0.033936
v -0.188701 1.005922 -0.033144
v -0.188900 0.991337 -0.032349
v -0.189140 0.976763 -0.031499
v -0.189425 0.962205 -0.030580
v -0.189762 0.947663 -0.029605
v -0.190175 0.933156 -0.028609
v -0.190696 0.926108 -0.027654
v -0.191342 0.918456 -0.026814
v -0.192066 0.903456 -0.026157
v -0.192182 0.890956 -0.025756
v -0.191891 0.875956 -0.025291
v -0.191293 0.873456 -0.015288
v -0.190556 0.873456 -0.003016
v -0.189425 0.873456 0.010775
v -0.187413 0.873456 0.024677
v -0.183751 0.873456 0.038114
v -0.178458 0.873456 0.051071
v -0.172149 0.873456 0.063632
v -0.164842 0.873456 0.075657
v -0.156229 0.873456 0.086789
v -0.145849 0.873456 0.096365
v -0.133763 0.873456 0.104036
v -0.120641 0.873456 0.110355
v -0.107046 0.873456 0.115970
v -0.093161 0.873456 0.120841
v -0.079084 0.873456 0.124736
v -0.064927 0.873456 0.127585
v -0.050800 0.873456 0.129568
v -0.036747 0.873456 0.130835
v -0.022792 0.873456 0.131326
v -0.009128 0.873456 0.130309
v 0.003594 0.873456 0.126467
v 0.014976 0.873456 0.119966
v 0.025980 0.873456 0.113201
v 0.037536 0.873456 0.109501
v 0.049341 0.873456 0.110959
v 0.060930 0.873456 0.114682
v 0.073108 0.873456 0.115732
v 0.085021 0.873456 0.111593
v 0.095844 0.873456 0.104031
v 0.107501 0.873456 0.097293
v 0.120754 0.873456 0.093088
v 0.134144 0.873456 0.088604
v 0.146458 0.873456 0.081731
v 0.157247 0.873456 0.072676
v 0.166569 0.873456 0.062167
v 0.174611 0.873456 0.050748
v 0.181010 0.873456 0.038550
v 0.185276 0.873456 0.025748
v 0.187882 0.873456 0.012156
v 0.189582 0.873456 -0.001489
v 0.190426 0.871956 -0.012399
v 0.189822 0.885956 -0.010855
v 0.189529 0.903456 -0.010520
v 0.188418 0.918456 -0.011427
v 0.187413 0.928537 -0.012484
v 0.186482 0.938255 -0.013498
v 0.185628 0.952832 -0.014432
v 0.184852 0.967402 -0.015284
v 0.184116 0.981977 -0.016053
v 0.183399 0.996550 -0.016746
v 0.182706 1.011104 -0.017417
v 0.182043 1.025608 -0.018172
v 0.181413 1.040031 -0.019128
v 0.180824 1.054371 -0.020331
v 0.180356 1.068677 -0.021712
v 0.180173 1.083023 -0.023150
v 0.180352 1.097449 -0.024552
v 0.180812 1.111938 -0.025884
v 0.181462 1.126457 -0.027129
v 0.182256 1.140987 -0.028273
v 0.183124 1.155529 -0.029307
v 0.183984 1.170075 -0.030235
v 0.184833 1.184594 -0.031063
v 0.185749 1.199048 -0.031815
v 0.186847 1.213429 -0.032546
v 0.188251 1.227767 -0.033367
v 0.190063 1.242056 -0.034470
v 0.192519 1.256175 -0.036113
v 0.195564 1.269925 -0.038522
v 0.199562 1.282977 -0.041742
v 0.205039 1.294966 -0.045586
v 0.212179 1.305434 -0.049624
v 0.235546 1.314767 -0.053138
v 0.275581 1.331896 -0.055046
v 0.276813 1.338715 -0.040913
v 0.275436 1.346901 -0.027467
v 0.272259 1.356619 -0.015443
v 0.266951 1.366077 -0.006874
v 0.255439 1.377410 0.001873
v 0.255759 1.391825 0.005701
v 0.245159 1.405475 0.010251
v 0.243540 1.422262 0.010031
v 0.242148 1.436316 0.008363
v 0.239685 1.450485 0.006254
v 0.237184 1.466202 0.003122
v 0.236266 1.482491 -0.001444
v 0.236173 1.498226 -0.006941
v 0.236775 1.513648 -0.013447
v 0.237225 1.528066 -0.022519
v 0.237694 1.540875 -0.033502
v 0.237781 1.550962 -0.046992
v 0.236075 1.556914 -0.061293
v 0.232515 1.561358 -0.075186
v 0.218772 1.567825 -0.073283
v 0.203635 1.571113 -0.069524
v 0.186385 1.571909 -0.066460
v 0.168915 1.568637 -0.064476
v 0.151901 1.564843 -0.062840
v 0.134501 1.563102 -0.060852
v 0.117365 1.564421 -0.060684
v 0.103967 1.569059 -0.064276
v 0.102627 1.557832 -0.042324
v 0.088809 1.546715 -0.020702
v 0.075388 1.540091 -0.007748
v 0.065939 1.531620 0.004619
v 0.049911 1.522488 0.017464
v 0.028676 1.519622 0.022074
v 0.011126 1.518815 0.022951
v -0.005694 1.520161 0.021153
v -0.022958 1.523941 0.016675
v -0.040534 1.530530 0.008689
v -0.059811 1.539148 -0.003463
v -0.072134 1.549989 -0.018239
v -0.084968 1.557073 -0.032888
v -0.098272 1.566679 -0.054553
v -0.101115 1.575437 -0.075185
v -0.112037 1.571985 -0.071487
v -0.127427 1.571709 -0.069486
v -0.142502 1.570773 -0.068749
v -0.156915 1.569179 -0.068856
v -0.173429 1.571009 -0.068614
v -0.190691 1.572858 -0.068052
v -0.208282 1.569628 -0.068256
v -0.225429 1.564858 -0.068055
v -0.231156 1.556251 -0.051685
v -0.235120 1.545048 -0.035812
v -0.236903 1.530676 -0.024569
v -0.237902 1.515801 -0.014702
v -0.237844 1.500018 -0.008155
v -0.237601 1.484308 -0.002444
v -0.237410 1.468554 0.002416
v -0.237348 1.452381 0.006823
v -0.237149 1.434362 0.011096
v -0.245358 1.422415 0.009896
v -0.245439 1.409549 0.011504
v -0.246131 1.392728 0.011549
v -0.256514 1.382151 0.006749
v -0.255888 1.369848 0.003663
v -0.258844 1.357271 -0.003069
v -0.271912 1.348999 -0.013579
v -0.273580 1.337999 -0.024483
v -0.278103 1.331259 -0.039447
v -0.279472 1.326401 -0.053752
v -0.240749 1.305963 -0.050552
v -0.218090 1.294600 -0.046668
v -0.213944 1.283465 -0.042729
v -0.211108 1.271097 -0.039487
v -0.208670 1.257765 -0.037195
v -0.206409 1.243808 -0.035746
v -0.204439 1.229518 -0.034901
v -0.202612 1.215098 -0.034404
v -0.200911 1.200639 -0.034038
v -0.199295 1.186176 -0.033651
v -0.197712 1.171719 -0.033160
v -0.196115 1.157266 -0.032535
v -0.194481 1.142812 -0.031780
v -0.192834 1.128350 -0.030915
v -0.191245 1.113873 -0.029958
v -0.189824 1.099383 -0.028922
v -0.188696 1.084884 -0.027811
v -0.187949 1.070376 -0.026646
v -0.187567 1.055856 -0.025477
v -0.187460 1.041316 -0.024373
v -0.187525 1.026742 -0.023377
v -0.187691 1.012131 -0.022480
v -0.187913 0.997503 -0.021632
v -0.188162 0.982884 -0.020774
v -0.188427 0.968288 -0.019873
v -0.188718 0.953722 -0.018914
v -0.189056 0.939190 -0.017919
v -0.189464 0.924725 -0.016975
v -0.189955 0.921954 -0.016285
v -0.190516 0.918456 -0.016187
v -0.191125 0.903456 -0.017015
v -0.191417 0.886956 -0.018630
v -0.190342 0.888456 -0.009380
v -0.189564 0.903456 -0.005945
v -0.188995 0.918456 -0.004662
v -0.188448 0.923854 -0.004865
v -0.187932 0.928657 -0.005707
v -0.187451 0.943161 -0.006741
v -0.187007 0.957723 -0.007752
v -0.186601 0.972335 -0.008696
v -0.186230 0.986987 -0.009613
v -0.185902 1.001662 -0.010536
v -0.185640 1.016333 -0.011487
v -0.185460 1.030973 -0.012504
v -0.185381 1.045570 -0.013632
v -0.185466 1.060124 -0.014871
v -0.185791 1.074640 -0.016154
v -0.186490 1.089136 -0.017383
v -0.187617 1.103624 -0.018497
v -0.189047 1.118103 -0.019499
v -0.190636 1.132565 -0.020411
v -0.192274 1.147012 -0.021249
v -0.193900 1.161454 -0.022013
v -0.195513 1.175901 -0.022693
v -0.197164 1.190361 -0.023282
v -0.198904 1.204832 -0.023800
v -0.200757 1.219299 -0.024319
v -0.202723 1.233705 -0.024981
v -0.204795 1.247909 -0.026002
v -0.207226 1.261630 -0.027595
v -0.209918 1.274556 -0.029980
v -0.213017 1.286438 -0.033129
v -0.217547 1.297245 -0.036196
v -0.230805 1.308107 -0.037094
v -0.189158 0.888456 0.003532
v -0.188443 0.903456 0.007790
v -0.187870 0.918456 0.007997
v -0.187276 0.925174 0.007198
v -0.186647 0.931368 0.006022
v -0.185959 0.945896 0.004889
v -0.185289 0.960514 0.003937
v -0.184646 0.975196 0.003015
v -0.184029 0.989920 0.002018
v -0.183499 1.004659 0.000967
v -0.183104 1.019371 -0.000097
v -0.182808 1.034037 -0.001214
v -0.182601 1.048657 -0.002487
v -0.182616 1.063200 -0.003899
v -0.182657 1.077690 -0.005347
v -0.183335 1.092175 -0.006618
v -0.184479 1.106669 -0.007702
v -0.185910 1.121149 -0.008665
v -0.187481 1.135600 -0.009554
v -0.189100 1.150028 -0.010412
v -0.190695 1.164460 -0.011244
v -0.192320 1.178908 -0.012027
v -0.194070 1.193370 -0.012736
v -0.195932 1.207861 -0.013347
v -0.197889 1.222357 -0.013916
v -0.199872 1.236799 -0.014572
v -0.201839 1.251010 -0.015595
v -0.204551 1.264551 -0.016981
v -0.207459 1.277144 -0.019415
v -0.210394 1.288553 -0.022718
v -0.214762 1.298769 -0.025039
v -0.217913 1.306792 -0.024327
v -0.229219 1.314911 -0.026434
v -0.188122 0.888456 0.018204
v -0.189058 0.903456 0.022557
v -0.190313 0.918456 0.021451
v -0.189751 0.925692 0.020151
v -0.188987 0.932353 0.018611
v -0.188820 0.946975 0.017625
v -0.188641 0.961717 0.016762
v -0.187863 0.976537 0.015882
v -0.186395 0.991339 0.014894
v -0.184607 1.006083 0.013924
v -0.182970 1.020768 0.012916
v -0.181967 1.035462 0.011857
v -0.180610 1.050094 0.010399
v -0.178281 1.064461 0.008253
v -0.177632 1.078981 0.006493
v -0.178302 1.093522 0.005202
v -0.179385 1.108030 0.004121
v -0.180652 1.122506 0.003098
v -0.182167 1.136942 0.002225
v -0.183610 1.151353 0.001188
v -0.185171 1.165796 0.000301
v -0.186783 1.180249 -0.000671
v -0.188546 1.194724 -0.001541
v -0.190396 1.209234 -0.002183
v -0.192249 1.223739 -0.002769
v -0.193526 1.238319 -0.003363
v -0.198913 1.252000 -0.002649
v -0.196710 1.266011 -0.006039
v -0.204357 1.278189 -0.006098
v -0.201327 1.289545 -0.013918
v -0.206994 1.302346 -0.015628
v -0.212804 1.310386 -0.015190
v -0.217657 1.319094 -0.014409
v -0.227330 1.329193 -0.010462
v -0.185756 0.888456 0.032446
v -0.186035 0.903456 0.036491
v -0.182969 0.918456 0.033697
v -0.182544 0.925694 0.032333
v -0.183314 0.932496 0.031614
v -0.183446 0.947191 0.030785
v -0.183069 0.961964 0.029900
v -0.181477 0.976701 0.028635
v -0.179030 0.991467 0.027068
v -0.177160 1.006241 0.025790
v -0.175894 1.021021 0.024794
v -0.174820 1.035771 0.023732
v -0.173562 1.050419 0.022367
v -0.172506 1.064991 0.020808
v -0.172212 1.079548 0.019347
v -0.172605 1.094081 0.018065
v -0.173414 1.108585 0.016906
v -0.174475 1.123057 0.015821
v -0.175683 1.137505 0.014756
v -0.176984 1.151947 0.013705
v -0.178388 1.166394 0.012688
v -0.179924 1.180845 0.011732
v -0.181624 1.195297 0.010921
v -0.183492 1.209733 0.010276
v -0.185525 1.224110 0.009764
v -0.188231 1.238237 0.009422
v -0.190543 1.252056 0.008450
v -0.193125 1.265329 0.006817
v -0.195527 1.277918 0.003966
v -0.198098 1.290262 0.000836
v -0.202263 1.301636 -0.000926
v -0.206626 1.311770 -0.001996
v -0.211847 1.321574 -0.001766
v -0.217031 1.330485 0.000565
v -0.232992 1.342893 -0.000061
v -0.180877 0.888456 0.045753
v -0.177682 0.903456 0.048209
v -0.175354 0.918456 0.045860
v -0.174638 0.925780 0.044095
v -0.173926 0.932588 0.042250
v -0.173324 0.947216 0.040827
v -0.174202 0.961978 0.041154
v -0.173727 0.976851 0.040695
v -0.170774 0.991691 0.038288
v -0.169631 1.006589 0.037391
v -0.168663 1.021437 0.036578
v -0.167719 1.036226 0.035666
v -0.166781 1.050928 0.034531
v -0.166120 1.065554 0.033235
v -0.165972 1.080133 0.031933
v -0.166305 1.094676 0.030689
v -0.166956 1.109185 0.029485
v -0.167820 1.123665 0.028307
v -0.168842 1.138126 0.027149
v -0.169988 1.152578 0.026016
v -0.171269 1.167027 0.024939
v -0.172717 1.181471 0.023968
v -0.174382 1.195899 0.023161
v -0.176316 1.210280 0.022536
v -0.178626 1.224540 0.022061
v -0.181232 1.238578 0.021528
v -0.183955 1.252288 0.020594
v -0.186616 1.265609 0.018920
v -0.189411 1.278594 0.016689
v -0.192484 1.291149 0.014336
v -0.195801 1.302899 0.011950
v -0.199530 1.313805 0.009824
v -0.204252 1.324132 0.008962
v -0.211005 1.334467 0.009186
v -0.216626 1.344086 0.010869
v -0.231408 1.356759 0.008852
v -0.234722 1.373995 0.013222
v -0.174926 0.888456 0.058717
v -0.173653 0.903456 0.062067
v -0.169655 0.918456 0.059088
v -0.168028 0.926066 0.056666
v -0.166069 0.932956 0.054098
v -0.164130 0.947388 0.051792
v -0.163088 0.962116 0.050248
v -0.161894 0.976930 0.048868
v -0.162893 0.992215 0.049538
v -0.162093 1.007137 0.048956
v -0.161202 1.021987 0.048285
v -0.160379 1.036782 0.047549
v -0.159690 1.051507 0.046627
v -0.159305 1.066166 0.045542
v -0.159274 1.080773 0.044357
v -0.159533 1.095334 0.043111
v -0.160029 1.109856 0.041845
v -0.160729 1.124347 0.040586
v -0.161598 1.138818 0.039347
v -0.162611 1.153278 0.038143
v -0.163775 1.167735 0.037010
v -0.165127 1.182187 0.036001
v -0.166727 1.196619 0.035164
v -0.168655 1.210994 0.034511
v -0.170974 1.225243 0.033983
v -0.173672 1.239280 0.033423
v -0.176566 1.253053 0.032537
v -0.179548 1.266569 0.031156
v -0.182502 1.279813 0.029293
v -0.185273 1.292588 0.026859
v -0.188149 1.304645 0.023929
v -0.191742 1.316064 0.021277
v -0.196325 1.327114 0.019678
v -0.201963 1.337883 0.019511
v -0.209050 1.349188 0.019645
v -0.215127 1.361709 0.020562
v -0.216510 1.372434 0.022807
v -0.223774 1.384293 0.020752
v -0.228085 1.399514 0.019370
v -0.228711 1.416194 0.017892
v -0.168752 0.888456 0.071638
v -0.168054 0.903456 0.075475
v -0.166013 0.918456 0.073036
v -0.162922 0.926627 0.069922
v -0.161225 0.934141 0.067440
v -0.160037 0.948689 0.065475
v -0.159137 0.963435 0.064044
v -0.157455 0.978151 0.062498
v -0.156013 0.993025 0.061723
v -0.154766 1.007843 0.060889
v -0.153871 1.022656 0.060275
v -0.153208 1.037447 0.059680
v -0.152727 1.052190 0.058902
v -0.152422 1.066874 0.057888
v -0.152293 1.081499 0.056676
v -0.152388 1.096072 0.055363
v -0.152738 1.110605 0.054034
v -0.153311 1.125107 0.052714
v -0.154060 1.139588 0.051410
v -0.154953 1.154064 0.050139
v -0.155996 1.168541 0.048942
v -0.157226 1.183022 0.047870
v -0.158708 1.197490 0.046965
v -0.160521 1.211909 0.046225
v -0.162736 1.226214 0.045598
v -0.165356 1.240340 0.044950
v -0.168286 1.254254 0.044104
v -0.171352 1.267939 0.042923
v -0.174293 1.281320 0.041227
v -0.177023 1.294233 0.038760
v -0.179963 1.306603 0.035767
v -0.183266 1.318555 0.032856
v -0.187571 1.330186 0.031043
v -0.193040 1.341678 0.030498
v -0.198567 1.353516 0.030512
v -0.203085 1.365475 0.030880
v -0.207348 1.377635 0.030497
v -0.211478 1.390839 0.029071
v -0.213743 1.404667 0.027465
v -0.213131 1.416009 0.026660
v -0.218253 1.427846 0.021699
v -0.221414 1.443211 0.016601
v -0.222512 1.459074 0.011735
v -0.223078 1.474780 0.006725
v -0.223497 1.490534 0.001297
v -0.223682 1.506381 -0.005008
v -0.223633 1.522489 -0.012076
v -0.223110 1.538434 -0.021707
v -0.219358 1.552143 -0.034278
v -0.214617 1.562542 -0.050909
v -0.161264 0.888456 0.083862
v -0.160109 0.903456 0.087751
v -0.158697 0.918456 0.085598
v -0.156169 0.927145 0.082477
v -0.154750 0.935233 0.080127
v -0.153676 0.949804 0.078291
v -0.152858 0.964545 0.077037
v -0.150913 0.979160 0.075393
v -0.148527 0.993870 0.073760
v -0.147105 1.008605 0.072696
v -0.146413 1.023405 0.072213
v -0.145957 1.038206 0.071752
v -0.145525 1.052964 0.071028
v -0.145094 1.067658 0.069979
v -0.144799 1.082291 0.068708
v -0.144789 1.096874 0.067367
v -0.145083 1.111417 0.066028
v -0.145603 1.125931 0.064690
v -0.146277 1.140431 0.063346
v -0.147069 1.154931 0.062016
v -0.147986 1.169443 0.060746
v -0.149070 1.183970 0.059591
v -0.150386 1.198497 0.058584
v -0.152007 1.212986 0.057715
v -0.154000 1.227383 0.056926
v -0.156401 1.241628 0.056130
v -0.159180 1.255672 0.055246
v -0.162199 1.269468 0.054164
v -0.165223 1.282950 0.052606
v -0.168136 1.296057 0.050286
v -0.170941 1.308782 0.047337
v -0.174030 1.321168 0.044497
v -0.178227 1.333272 0.042757
v -0.183264 1.345281 0.042095
v -0.188135 1.357497 0.041756
v -0.192546 1.369981 0.041266
v -0.196367 1.382900 0.040097
v -0.199319 1.396204 0.038247
v -0.201094 1.409204 0.035895
v -0.203000 1.421903 0.032445
v -0.205359 1.435476 0.027718
v -0.206955 1.450103 0.022503
v -0.207853 1.465152 0.017051
v -0.208436 1.480464 0.011381
v -0.208798 1.496036 0.005237
v -0.208701 1.511707 -0.002004
v -0.207860 1.527473 -0.010598
v -0.206157 1.543603 -0.020221
v -0.202526 1.556863 -0.033410
v -0.197765 1.568262 -0.050038
v -0.151939 0.888456 0.094716
v -0.150093 0.903456 0.098506
v -0.149056 0.918456 0.096591
v -0.147011 0.927535 0.093478
v -0.145994 0.936094 0.091439
v -0.145065 0.950682 0.089769
v -0.144366 0.965431 0.088825
v -0.142644 0.980121 0.087355
v -0.139273 0.994570 0.084267
v -0.138209 1.009320 0.083458
v -0.137837 1.024153 0.083247
v -0.137559 1.038977 0.082967
v -0.137192 1.053751 0.082373
v -0.136778 1.068458 0.081417
v -0.136528 1.083105 0.080235
v -0.136594 1.097703 0.078985
v -0.136951 1.112263 0.077711
v -0.137490 1.126799 0.076394
v -0.138138 1.141328 0.075037
v -0.138860 1.155865 0.073667
v -0.139667 1.170424 0.072337
v -0.140609 1.185006 0.071103
v -0.141750 1.199598 0.069992
v -0.143156 1.214164 0.068985
v -0.144888 1.228652 0.068025
v -0.147006 1.242999 0.067063
v -0.149539 1.257149 0.066072
v -0.152407 1.271050 0.064950
v -0.155403 1.284670 0.063415
v -0.158279 1.297991 0.061203
v -0.161055 1.311003 0.058532
v -0.164209 1.323730 0.056081
v -0.168306 1.336233 0.054590
v -0.172974 1.348693 0.053889
v -0.177434 1.361387 0.053251
v -0.181374 1.374403 0.052236
v -0.184568 1.387716 0.050510
v -0.186950 1.401108 0.048012
v -0.188683 1.414392 0.044617
v -0.190161 1.427784 0.040210
v -0.191396 1.441600 0.034925
v -0.192262 1.455851 0.029083
v -0.192838 1.470451 0.022892
v -0.193198 1.485383 0.016367
v -0.193206 1.500511 0.009104
v -0.192563 1.515643 0.000595
v -0.190994 1.530772 -0.009146
v -0.188036 1.545666 -0.020107
v -0.183699 1.557878 -0.033971
v -0.178420 1.566809 -0.050823
v -0.140614 0.888456 0.103495
v -0.137985 0.903456 0.106918
v -0.137194 0.918456 0.105256
v -0.135465 0.927772 0.102048
v -0.134410 0.936570 0.099947
v -0.133116 0.951091 0.097794
v -0.131801 0.965741 0.096201
v -0.129630 0.980370 0.094159
v -0.128300 0.995088 0.093060
v -0.128052 1.009981 0.093076
v -0.127947 1.024863 0.093174
v -0.127894 1.039709 0.093200
v -0.127751 1.054501 0.092907
v -0.127562 1.069232 0.092211
v -0.127529 1.083905 0.091242
v -0.127763 1.098531 0.090138
v -0.128213 1.113122 0.088933
v -0.128791 1.127694 0.087642
v -0.129441 1.142264 0.086291
v -0.130131 1.156849 0.084916
v -0.130878 1.171459 0.083566
v -0.131725 1.186098 0.082292
v -0.132737 1.200752 0.081116
v -0.133968 1.215385 0.080014
v -0.135471 1.229945 0.078925
v -0.137313 1.244374 0.077810
v -0.139543 1.258615 0.076644
v -0.142130 1.272627 0.075348
v -0.144928 1.286387 0.073743
v -0.147777 1.299886 0.071734
v -0.150697 1.313135 0.069508
v -0.153997 1.326164 0.067561
v -0.157989 1.339038 0.066378
v -0.162290 1.351950 0.065696
v -0.166260 1.365140 0.064865
v -0.169600 1.378637 0.063471
v -0.172202 1.392299 0.061261
v -0.174087 1.405942 0.058124
v -0.175372 1.419518 0.053949
v -0.176228 1.433128 0.048746
v -0.176786 1.446884 0.042705
v -0.177145 1.460866 0.036095
v -0.177336 1.475111 0.029042
v -0.177271 1.489538 0.021383
v -0.176721 1.503928 0.012685
v -0.175444 1.518171 0.002750
v -0.173178 1.532113 -0.008402
v -0.169833 1.544931 -0.021172
v -0.165629 1.555528 -0.035877
v -0.161245 1.563312 -0.052144
v -0.127851 0.888456 0.110327
v -0.124732 0.903456 0.113391
v -0.123947 0.918456 0.111671
v -0.122104 0.927794 0.107523
v -0.121484 0.936755 0.106304
v -0.120510 0.951398 0.104809
v -0.119275 0.966119 0.103526
v -0.116437 0.980519 0.100641
v -0.117798 0.995709 0.102292
v -0.117618 1.010644 0.102436
v -0.117675 1.025537 0.102789
v -0.117836 1.040393 0.103136
v -0.117912 1.055208 0.103128
v -0.117942 1.069974 0.102665
v -0.118089 1.084690 0.101855
v -0.118419 1.099360 0.100817
v -0.118904 1.113995 0.099630
v -0.119492 1.128614 0.098347
v -0.120136 1.143232 0.097008
v -0.120813 1.157866 0.095647
v -0.121531 1.172527 0.094306
v -0.122335 1.187218 0.093032
v -0.123279 1.201923 0.091849
v -0.124405 1.216608 0.090721
v -0.125744 1.231223 0.089570
v -0.127350 1.245717 0.088336
v -0.129280 1.260039 0.086991
v -0.131560 1.274153 0.085509
v -0.134152 1.288042 0.083856
v -0.136977 1.301709 0.082043
v -0.140007 1.315178 0.080220
v -0.143407 1.328481 0.078751
v -0.147249 1.341710 0.077868
v -0.151135 1.355090 0.077228
v -0.154546 1.368807 0.076247
v -0.157266 1.382806 0.074531
v -0.159275 1.396833 0.071870
v -0.160591 1.410717 0.068126
v -0.161304 1.424446 0.063215
v -0.161589 1.438075 0.057230
v -0.161649 1.451712 0.050432
v -0.161592 1.465476 0.043060
v -0.161375 1.479349 0.035075
v -0.160821 1.493124 0.026149
v -0.159722 1.506583 0.015978
v -0.157919 1.519668 0.004596
v -0.155361 1.532226 -0.007916
v -0.152118 1.543754 -0.021673
v -0.148497 1.553652 -0.036720
v -0.145062 1.562065 -0.052719
v -0.114515 0.888456 0.116228
v -0.111240 0.903456 0.119281
v -0.109691 0.918456 0.115282
v -0.108699 0.927932 0.113046
v -0.108744 0.937145 0.113051
v -0.108531 0.951934 0.112840
v -0.109347 0.966733 0.114001
v -0.109556 0.981602 0.113396
v -0.107620 0.996407 0.111880
v -0.107326 1.011281 0.111926
v -0.107505 1.026163 0.112434
v -0.107756 1.041037 0.112910
v -0.107916 1.055892 0.112987
v -0.108042 1.070709 0.112586
v -0.108252 1.085477 0.111803
v -0.108604 1.100198 0.110767
v -0.109084 1.114884 0.109581
v -0.109643 1.129551 0.108304
v -0.110246 1.144217 0.106970
v -0.110874 1.158897 0.105609
v -0.111552 1.173602 0.104276
v -0.112335 1.188334 0.103038
v -0.113266 1.203078 0.101915
v -0.114356 1.217803 0.100844
v -0.115606 1.232465 0.099714
v -0.117050 1.247018 0.098438
v -0.118747 1.261420 0.096983
v -0.120766 1.275639 0.095369
v -0.123148 1.289664 0.093660
v -0.125861 1.303504 0.091941
v -0.128874 1.317179 0.090386
v -0.132229 1.330732 0.089269
v -0.135816 1.344315 0.088616
v -0.139250 1.358172 0.088036
v -0.142065 1.372454 0.086904
v -0.144173 1.386931 0.084873
v -0.145607 1.401233 0.081727
v -0.146297 1.415291 0.077344
v -0.146400 1.429087 0.071691
v -0.146243 1.442654 0.064968
v -0.145965 1.456181 0.057528
v -0.145582 1.469777 0.049467
v -0.145003 1.483218 0.040586
v -0.144029 1.496207 0.030480
v -0.142499 1.508653 0.018978
v -0.140438 1.520576 0.006348
v -0.137898 1.532042 -0.007154
v -0.134954 1.542872 -0.021532
v -0.131935 1.552834 -0.036869
v -0.129374 1.562243 -0.053001
v -0.100924 0.888456 0.121563
v -0.097515 0.903456 0.124516
v -0.096174 0.918456 0.120979
v -0.095877 0.928236 0.119811
v -0.095371 0.937757 0.118459
v -0.094856 0.952693 0.117414
v -0.095520 0.967581 0.118297
v -0.097005 0.982185 0.120774
v -0.096451 0.997010 0.120394
v -0.096393 1.011888 0.120279
v -0.096636 1.026783 0.120700
v -0.096880 1.041685 0.121069
v -0.097054 1.056578 0.121053
v -0.097227 1.071436 0.120608
v -0.097482 1.086245 0.119825
v -0.097856 1.101009 0.118823
v -0.098325 1.115739 0.117692
v -0.098850 1.130451 0.116478
v -0.099404 1.145161 0.115205
v -0.099993 1.159884 0.113912
v -0.100665 1.174629 0.112676
v -0.101475 1.189399 0.111572
v -0.102448 1.204178 0.110607
v -0.103564 1.218940 0.109688
v -0.104801 1.233650 0.108681
v -0.106171 1.248269 0.107478
v -0.107723 1.262761 0.106033
v -0.109541 1.277098 0.104379
v -0.111696 1.291271 0.102617
v -0.114184 1.305285 0.100887
v -0.117002 1.319155 0.099440
v -0.120134 1.332951 0.098531
v -0.123729 1.347074 0.097942
v -0.126655 1.361208 0.098042
v -0.128829 1.376078 0.096737
v -0.130404 1.390903 0.094444
v -0.131516 1.405265 0.090665
v -0.131055 1.419653 0.085660
v -0.130524 1.433206 0.078827
v -0.130182 1.446678 0.071469
v -0.129701 1.460147 0.063552
v -0.128875 1.474283 0.054660
v -0.128406 1.486531 0.045595
v -0.126977 1.498597 0.034274
v -0.125147 1.510136 0.021616
v -0.123017 1.521148 0.008123
v -0.120563 1.532005 -0.005953
v -0.117876 1.542727 -0.020699
v -0.115469 1.553213 -0.036429
v -0.113683 1.563390 -0.053405
v -0.087099 0.888456 0.126197
v -0.083853 0.903456 0.129852
v -0.084186 0.918456 0.129359
v -0.084316 0.928652 0.128399
v -0.084486 0.938510 0.127730
v -0.084885 0.953185 0.127981
v -0.084938 0.967909 0.128331
v -0.085135 0.982704 0.129303
v -0.084158 0.997620 0.126140
v -0.084238 1.012517 0.125491
v -0.084463 1.027424 0.125666
v -0.084674 1.042336 0.125770
v -0.084864 1.057234 0.125573
v -0.085089 1.072100 0.125067
v -0.085397 1.086923 0.124327
v -0.085800 1.101711 0.123444
v -0.086272 1.116473 0.122480
v -0.086787 1.131226 0.121457
v -0.087337 1.145981 0.120394
v -0.087945 1.160751 0.119332
v -0.088660 1.175543 0.118345
v -0.089525 1.190355 0.117490
v -0.090544 1.205174 0.116753
v -0.091690 1.219978 0.116043
v -0.092934 1.234741 0.115234
v -0.094277 1.249433 0.114217
v -0.095754 1.264022 0.112932
v -0.097433 1.278484 0.111390
v -0.099362 1.292807 0.109672
v -0.101569 1.306992 0.107971
v -0.104093 1.321054 0.106637
v -0.106896 1.335097 0.105947
v -0.109863 1.349346 0.106116
v -0.112356 1.364283 0.106170
v -0.114031 1.379372 0.104671
v -0.114938 1.394332 0.101789
v -0.115014 1.408924 0.097502
v -0.113939 1.423240 0.092107
v -0.114161 1.436748 0.084594
v -0.113565 1.450007 0.076646
v -0.113032 1.463479 0.068638
v -0.112262 1.476458 0.059625
v -0.111657 1.488574 0.050323
v -0.109636 1.500538 0.037463
v -0.107671 1.510986 0.023886
v -0.105537 1.521387 0.009995
v -0.103077 1.532057 -0.004211
v -0.100472 1.543176 -0.018991
v -0.099139 1.554708 -0.035320
v -0.072952 0.888456 0.129593
v -0.069379 0.903456 0.132144
v -0.069817 0.918456 0.132170
v -0.069895 0.928909 0.128980
v -0.070210 0.939070 0.129069
v -0.070457 0.953755 0.129552
v -0.070549 0.968534 0.130046
v -0.070620 0.983376 0.130581
v -0.070916 0.998260 0.127025
v -0.071085 1.013156 0.126712
v -0.071299 1.028050 0.126668
v -0.071515 1.042936 0.126476
v -0.071743 1.057803 0.126101
v -0.072017 1.072645 0.125564
v -0.072363 1.087460 0.124918
v -0.072778 1.102256 0.124222
v -0.073249 1.117043 0.123500
v -0.073763 1.131833 0.122755
v -0.074322 1.146636 0.122000
v -0.074955 1.161459 0.121264
v -0.075699 1.176304 0.120592
v -0.076579 1.191162 0.120012
v -0.077593 1.206024 0.119504
v -0.078718 1.220871 0.118999
v -0.079931 1.235685 0.118408
v -0.081228 1.250442 0.117643
v -0.082633 1.265121 0.116639
v -0.084185 1.279699 0.115380
v -0.085919 1.294167 0.113934
v -0.087880 1.308520 0.112527
v -0.090111 1.322782 0.111537
v -0.092537 1.337092 0.111201
v -0.095004 1.351708 0.111721
v -0.096952 1.366838 0.111817
v -0.097993 1.381915 0.110457
v -0.098276 1.396982 0.106692
v -0.097910 1.411416 0.101592
v -0.097375 1.425307 0.095037
v -0.096801 1.438668 0.087520
v -0.096232 1.452145 0.079969
v -0.095662 1.465637 0.072202
v -0.094770 1.478314 0.062862
v -0.093521 1.490496 0.052276
v -0.091940 1.501498 0.039598
v -0.090089 1.511018 0.025887
v -0.087921 1.521135 0.012166
v -0.085169 1.531831 -0.001448
v -0.081419 1.543916 -0.015392
v -0.058545 0.888456 0.131794
v -0.054821 0.903456 0.133833
v -0.055233 0.918456 0.133246
v -0.055466 0.929248 0.129379
v -0.056001 0.939592 0.126934
v -0.056652 0.954310 0.125350
v -0.057140 0.969150 0.124711
v -0.057495 0.983997 0.124421
v -0.057297 0.998901 0.125437
v -0.057492 1.013776 0.125603
v -0.057737 1.028626 0.125297
v -0.057990 1.043463 0.124880
v -0.058260 1.058286 0.124403
v -0.058567 1.073094 0.123879
v -0.058925 1.087894 0.123339
v -0.059337 1.102694 0.122804
v -0.059798 1.117501 0.122277
v -0.060301 1.132325 0.121760
v -0.060855 1.147171 0.121255
v -0.061482 1.162041 0.120777
v -0.062211 1.176929 0.120344
v -0.063059 1.191828 0.119957
v -0.064022 1.206724 0.119600
v -0.065080 1.221605 0.119237
v -0.066215 1.236457 0.118819
v -0.067422 1.251266 0.118289
v -0.068716 1.266016 0.117599
v -0.070120 1.280695 0.116731
v -0.071668 1.295293 0.115756
v -0.073397 1.309806 0.114879
v -0.075310 1.324266 0.114387
v -0.077284 1.338830 0.114380
v -0.079049 1.353713 0.114641
v -0.080315 1.368863 0.114741
v -0.080876 1.384017 0.113044
v -0.080879 1.398697 0.109027
v -0.080447 1.412825 0.103391
v -0.079835 1.426369 0.096514
v -0.079224 1.439905 0.089506
v -0.078627 1.453403 0.082183
v -0.077866 1.467010 0.074682
v -0.076982 1.479071 0.064690
v -0.075677 1.490151 0.053289
v -0.074188 1.500651 0.041060
v -0.072463 1.510252 0.027863
v -0.070190 1.520209 0.014987
v -0.066947 1.530254 0.003494
v -0.044055 0.888456 0.133321
v -0.040206 0.903456 0.134949
v -0.040642 0.918456 0.133804
v -0.041138 0.929730 0.130595
v -0.041768 0.940573 0.128425
v -0.042301 0.955161 0.126163
v -0.042715 0.969877 0.124468
v -0.043074 0.984664 0.123303
v -0.043403 0.999580 0.125145
v -0.043681 1.014382 0.124766
v -0.043977 1.029175 0.124211
v -0.044271 1.043965 0.123722
v -0.044573 1.058748 0.123245
v -0.044904 1.073530 0.122761
v -0.045277 1.088319 0.122282
v -0.045696 1.103122 0.121820
v -0.046157 1.117946 0.121381
v -0.046656 1.132795 0.120963
v -0.047202 1.147670 0.120566
v -0.047817 1.162568 0.120191
v -0.048523 1.177483 0.119837
v -0.049330 1.192404 0.119500
v -0.050230 1.207319 0.119173
v -0.051206 1.222219 0.118844
v -0.052239 1.237096 0.118492
v -0.053322 1.251940 0.118092
v -0.054463 1.266743 0.117617
v -0.055683 1.281498 0.117065
v -0.057010 1.296197 0.116491
v -0.058461 1.310838 0.116029
v -0.059998 1.325465 0.115839
v -0.061469 1.340207 0.115909
v -0.062656 1.355141 0.115889
v -0.063357 1.370105 0.115067
v -0.063498 1.384884 0.112824
v -0.063245 1.399267 0.108876
v -0.062744 1.413184 0.103435
v -0.062102 1.426807 0.097201
v -0.061476 1.440284 0.090430
v -0.060834 1.453557 0.083080
v -0.060011 1.466217 0.074684
v -0.059001 1.478083 0.065050
v -0.057861 1.488936 0.054098
v -0.056539 1.499150 0.042287
v -0.054824 1.508991 0.030015
v -0.052588 1.518767 0.018283
v -0.051093 1.527413 0.009254
v -0.029544 0.888456 0.134260
v -0.025550 0.903456 0.135610
v -0.026056 0.918456 0.134048
v -0.026797 0.930144 0.131210
v -0.027562 0.941466 0.130076
v -0.028246 0.956121 0.128941
v -0.028798 0.970836 0.128143
v -0.029249 0.985577 0.127481
v -0.029426 1.000233 0.125894
v -0.029807 1.014953 0.124772
v -0.030164 1.029701 0.124185
v -0.030493 1.044456 0.123772
v -0.030829 1.059214 0.123360
v -0.031192 1.073981 0.122916
v -0.031593 1.088765 0.122464
v -0.032032 1.103572 0.122024
v -0.032501 1.118407 0.121602
v -0.033001 1.133268 0.121198
v -0.033543 1.148156 0.120808
v -0.034145 1.163066 0.120427
v -0.034822 1.177989 0.120053
v -0.035580 1.192916 0.119688
v -0.036406 1.207837 0.119332
v -0.037281 1.222746 0.118984
v -0.038185 1.237635 0.118635
v -0.039110 1.252500 0.118269
v -0.040062 1.267336 0.117866
v -0.041062 1.282136 0.117419
v -0.042136 1.296895 0.116951
v -0.043282 1.311614 0.116557
v -0.044428 1.326336 0.116369
v -0.045435 1.341125 0.116354
v -0.046131 1.355959 0.116087
v -0.046382 1.370714 0.114922
v -0.046216 1.385242 0.112406
v -0.045747 1.399407 0.108433
v -0.045075 1.413181 0.103251
v -0.044341 1.426689 0.097268
v -0.043659 1.440024 0.090653
v -0.042915 1.452963 0.083282
v -0.042059 1.465251 0.074925
v -0.041141 1.476763 0.065499
v -0.040141 1.487505 0.055073
v -0.038858 1.497656 0.043855
v -0.036888 1.507589 0.032281
v -0.033958 1.518240 0.020705
v -0.015126 0.888456 0.134117
v -0.010855 0.903456 0.135097
v -0.011456 0.918456 0.133436
v -0.012498 0.930510 0.130497
v -0.013261 0.942167 0.129534
v -0.013926 0.956790 0.128753
v -0.014409 0.971464 0.128537
v -0.014820 0.986149 0.128416
v -0.015578 1.000738 0.125004
v -0.016155 1.015420 0.123813
v -0.016560 1.030142 0.123377
v -0.016926 1.044876 0.123059
v -0.017301 1.059620 0.122694
v -0.017700 1.074380 0.122277
v -0.018125 1.089163 0.121844
v -0.018572 1.103973 0.121419
v -0.019036 1.118811 0.121007
v -0.019523 1.133676 0.120605
v -0.020042 1.148566 0.120212
v -0.020610 1.163475 0.119826
v -0.021235 1.178397 0.119450
v -0.021915 1.193321 0.119091
v -0.022635 1.208241 0.118750
v -0.023375 1.223152 0.118426
v -0.024115 1.238048 0.118108
v -0.024846 1.252923 0.117783
v -0.025579 1.267774 0.117432
v -0.026338 1.282591 0.117043
v -0.027146 1.297370 0.116639
v -0.027979 1.312117 0.116330
v -0.028754 1.326856 0.116229
v -0.029341 1.341600 0.116199
v -0.029607 1.356313 0.115795
v -0.029488 1.370911 0.114480
v -0.029027 1.385269 0.111885
v -0.028315 1.399278 0.107958
v -0.027470 1.412935 0.102944
v -0.026628 1.426323 0.097125
v -0.025817 1.439410 0.090610
v -0.024989 1.452032 0.083337
v -0.024163 1.464043 0.075198
v -0.023348 1.475363 0.066154
v -0.022413 1.486008 0.056249
v -0.020955 1.496096 0.045682
v -0.018231 1.505710 0.035091
v -0.012863 1.513882 0.026528
v -0.001331 0.888456 0.131239
v 0.003384 0.903456 0.131287
v 0.002763 0.918456 0.129821
v 0.001281 0.930755 0.126648
v 0.000441 0.942599 0.125328
v -0.000337 0.957182 0.124249
v -0.000735 0.971831 0.124038
v -0.001121 0.986503 0.123829
v -0.002521 1.001059 0.120910
v -0.003099 1.015731 0.120222
v -0.003514 1.030439 0.119965
v -0.003918 1.045158 0.119679
v -0.004321 1.059893 0.119330
v -0.004724 1.074648 0.118952
v -0.005129 1.089429 0.118577
v -0.005538 1.104240 0.118219
v -0.005955 1.119078 0.117876
v -0.006385 1.133942 0.117548
v -0.006839 1.148831 0.117236
v -0.007326 1.163737 0.116943
v -0.007851 1.178653 0.116676
v -0.008408 1.193573 0.116437
v -0.008981 1.208491 0.116225
v -0.009544 1.223401 0.116037
v -0.010081 1.238297 0.115875
v -0.010583 1.253174 0.115740
v -0.011067 1.268023 0.115627
v -0.011561 1.282839 0.115536
v -0.012079 1.297617 0.115507
v -0.012592 1.312360 0.115608
v -0.013009 1.327078 0.115813
v -0.013212 1.341770 0.115899
v -0.013096 1.356402 0.115483
v -0.012631 1.370899 0.114127
v -0.011866 1.385151 0.111535
v -0.010908 1.399071 0.107696
v -0.009886 1.412640 0.102812
v -0.008892 1.425867 0.097105
v -0.007951 1.438710 0.090693
v -0.007074 1.451091 0.083577
v -0.006279 1.462927 0.075715
v -0.005515 1.474151 0.067063
v -0.004546 1.484737 0.057633
v -0.002804 1.494684 0.047651
v 0.000516 1.503786 0.037883
v 0.005531 1.511753 0.029435
v 0.010691 0.888456 0.124207
v 0.013722 0.903456 0.120762
v 0.014736 0.918456 0.121272
v 0.013119 0.930738 0.118538
v 0.012302 0.942624 0.117277
v 0.011590 0.957271 0.116341
v 0.011008 0.971935 0.115747
v 0.010390 0.986602 0.115140
v 0.009748 1.001211 0.114521
v 0.009395 1.015890 0.114716
v 0.008975 1.030583 0.114665
v 0.008566 1.045290 0.114445
v 0.008195 1.060017 0.114192
v 0.007857 1.074770 0.113956
v 0.007536 1.089552 0.113744
v 0.007219 1.104363 0.113555
v 0.006901 1.119203 0.113387
v 0.006578 1.134068 0.113243
v 0.006242 1.148956 0.113125
v 0.005883 1.163859 0.113039
v 0.005499 1.178771 0.112985
v 0.005100 1.193686 0.112962
v 0.004707 1.208600 0.112970
v 0.004346 1.223505 0.113019
v 0.004036 1.238396 0.113133
v 0.003778 1.253265 0.113335
v 0.003552 1.268104 0.113629
v 0.003328 1.282908 0.114018
v 0.003094 1.297673 0.114505
v 0.002888 1.312404 0.115045
v 0.002802 1.327105 0.115508
v 0.002957 1.341768 0.115705
v 0.003437 1.356360 0.115329
v 0.004250 1.370810 0.114010
v 0.005325 1.385020 0.111496
v 0.006541 1.398898 0.107766
v 0.007771 1.412388 0.102982
v 0.008933 1.425468 0.097355
v 0.009986 1.438138 0.091034
v 0.010903 1.450382 0.084078
v 0.011688 1.462145 0.076466
v 0.012447 1.473343 0.068121
v 0.013489 1.483904 0.058999
v 0.015419 1.493778 0.049283
v 0.018827 1.502889 0.039493
v 0.023597 1.511320 0.030312
v 0.021620 0.888456 0.115184
v 0.025748 0.903456 0.112268
v 0.025532 0.918456 0.111363
v 0.023791 0.930663 0.108888
v 0.023313 0.942552 0.108111
v 0.022858 0.957238 0.107511
v 0.022317 0.971909 0.106896
v 0.021802 0.986588 0.106357
v 0.022237 1.001275 0.109153
v 0.021859 1.015928 0.110298
v 0.021445 1.030605 0.110496
v 0.021097 1.045304 0.110476
v 0.020812 1.060027 0.110453
v 0.020572 1.074780 0.110456
v 0.020354 1.089564 0.110476
v 0.020145 1.104380 0.110508
v 0.019944 1.119224 0.110554
v 0.019744 1.134094 0.110618
v 0.019537 1.148982 0.110706
v 0.019314 1.163883 0.110816
v 0.019076 1.178790 0.110948
v 0.018837 1.193699 0.111099
v 0.018623 1.208604 0.111281
v 0.018463 1.223499 0.111522
v 0.018370 1.238379 0.111864
v 0.018337 1.253233 0.112328
v 0.018340 1.268058 0.112912
v 0.018350 1.282848 0.113593
v 0.018363 1.297604 0.114306
v 0.018429 1.312328 0.114952
v 0.018654 1.327022 0.115447
v 0.019157 1.341675 0.115675
v 0.020005 1.356259 0.115367
v 0.021181 1.370718 0.114171
v 0.022596 1.384948 0.111801
v 0.024105 1.398829 0.108174
v 0.025567 1.412258 0.103435
v 0.026899 1.425234 0.097829
v 0.028052 1.437812 0.091554
v 0.029004 1.450011 0.084711
v 0.029796 1.461780 0.077270
v 0.030572 1.473008 0.069087
v 0.031665 1.483603 0.060032
v 0.033663 1.493557 0.050190
v 0.037159 1.502920 0.039896
v 0.042409 1.512023 0.029407
v 0.032660 0.888456 0.107641
v 0.035422 0.903456 0.101216
v 0.035920 0.918456 0.101114
v 0.036211 0.930721 0.101627
v 0.036303 0.942672 0.102062
v 0.036251 0.957363 0.102442
v 0.036080 0.972046 0.102854
v 0.035846 0.986720 0.103271
v 0.034992 1.001215 0.108569
v 0.034431 1.015832 0.109879
v 0.034074 1.030502 0.110225
v 0.033800 1.045198 0.110453
v 0.033589 1.059922 0.110680
v 0.033424 1.074680 0.110898
v 0.033289 1.089473 0.111093
v 0.033177 1.104299 0.111265
v 0.033085 1.119155 0.111421
v 0.033002 1.134034 0.111569
v 0.032918 1.148927 0.111714
v 0.032823 1.163827 0.111853
v 0.032721 1.178728 0.111983
v 0.032633 1.193626 0.112110
v 0.032590 1.208519 0.112260
v 0.032618 1.223404 0.112473
v 0.032724 1.238271 0.112790
v 0.032897 1.253116 0.113226
v 0.033110 1.267932 0.113769
v 0.033342 1.282717 0.114366
v 0.033600 1.297469 0.114911
v 0.033947 1.312187 0.115328
v 0.034501 1.326870 0.115631
v 0.035374 1.341519 0.115797
v 0.036618 1.356130 0.115590
v 0.038214 1.370647 0.114580
v 0.040035 1.384943 0.112351
v 0.041879 1.398845 0.108760
v 0.043586 1.412237 0.103976
v 0.045075 1.425177 0.098311
v 0.046298 1.437734 0.092011
v 0.047270 1.449940 0.085193
v 0.048076 1.461750 0.077805
v 0.048867 1.473045 0.069620
v 0.049951 1.483730 0.060422
v 0.051910 1.493817 0.050262
v 0.055483 1.503281 0.039417
v 0.061699 1.512112 0.028164
v 0.044565 0.888456 0.106913
v 0.049136 0.903456 0.106352
v 0.049248 0.918456 0.106987
v 0.049386 0.930610 0.107400
v 0.049470 0.942461 0.107693
v 0.049265 0.957158 0.108399
v 0.048873 0.971822 0.109321
v 0.048351 0.986458 0.110326
v 0.047123 1.000935 0.113118
v 0.046785 1.015578 0.113604
v 0.046500 1.030255 0.113940
v 0.046266 1.044957 0.114341
v 0.046102 1.059693 0.114723
v 0.046001 1.074468 0.115036
v 0.045952 1.089282 0.115265
v 0.045946 1.104131 0.115418
v 0.045971 1.119009 0.115514
v 0.046014 1.133904 0.115565
v 0.046061 1.148806 0.115573
v 0.046103 1.163706 0.115536
v 0.046143 1.178598 0.115461
v 0.046203 1.193483 0.115374
v 0.046317 1.208362 0.115318
v 0.046512 1.223231 0.115337
v 0.046800 1.238088 0.115454
v 0.047176 1.252928 0.115658
v 0.047622 1.267744 0.115904
v 0.048124 1.282530 0.116095
v 0.048691 1.297275 0.116121
v 0.049386 1.311972 0.115986
v 0.050317 1.326630 0.115854
v 0.051610 1.341275 0.115880
v 0.053345 1.355919 0.115763
v 0.055486 1.370498 0.114907
v 0.057790 1.384871 0.112792
v 0.060008 1.398804 0.109158
v 0.061923 1.412227 0.104199
v 0.063475 1.425203 0.098354
v 0.064724 1.437748 0.091922
v 0.065709 1.449955 0.085018
v 0.066530 1.461879 0.077694
v 0.067282 1.473283 0.069378
v 0.068228 1.484047 0.059902
v 0.069891 1.494230 0.049503
v 0.072850 1.503371 0.038507
v 0.077125 1.510446 0.028610
v 0.074936 1.520174 0.016114
v 0.056321 0.888456 0.113103
v 0.059124 0.903456 0.117026
v 0.059474 0.918456 0.117307
v 0.059990 0.930434 0.117042
v 0.059914 0.942019 0.117440
v 0.059549 0.956619 0.118341
v 0.059097 0.971217 0.119346
v 0.058643 0.985844 0.120307
v 0.059210 1.000546 0.118953
v 0.059023 1.015235 0.118529
v 0.058731 1.029921 0.118848
v 0.058524 1.044633 0.119353
v 0.058419 1.059386 0.119798
v 0.058400 1.074187 0.120106
v 0.058451 1.089030 0.120263
v 0.058556 1.103910 0.120289
v 0.058700 1.118813 0.120206
v 0.058872 1.133726 0.120026
v 0.059053 1.148635 0.119760
v 0.059227 1.163529 0.119417
v 0.059390 1.178408 0.119034
v 0.059565 1.193273 0.118669
v 0.059792 1.208130 0.118387
v 0.060117 1.222979 0.118221
v 0.060570 1.237820 0.118150
v 0.061160 1.252650 0.118100
v 0.061879 1.267461 0.117955
v 0.062709 1.282238 0.117570
v 0.063640 1.296961 0.116871
v 0.064713 1.311622 0.115996
v 0.066056 1.326236 0.115368
v 0.067875 1.340837 0.115255
v 0.070280 1.355432 0.115188
v 0.073106 1.370088 0.115155
v 0.075902 1.384838 0.113207
v 0.078745 1.398614 0.109319
v 0.080391 1.412279 0.103662
v 0.081968 1.425078 0.097289
v 0.083235 1.437573 0.090661
v 0.084233 1.449878 0.083859
v 0.085120 1.461977 0.076572
v 0.085690 1.473564 0.068085
v 0.086332 1.484680 0.058615
v 0.087364 1.494980 0.048131
v 0.088876 1.503630 0.036317
v 0.090045 1.511992 0.024250
v 0.092711 1.519876 0.012814
v 0.089892 1.532002 -0.001754
v 0.068284 0.888456 0.118912
v 0.072170 0.903456 0.123566
v 0.072599 0.918456 0.123557
v 0.072904 0.930285 0.123250
v 0.072926 0.941689 0.123256
v 0.072687 0.956244 0.123930
v 0.072337 0.970826 0.124667
v 0.071962 0.985436 0.125538
v 0.071877 1.000239 0.121561
v 0.071347 1.014924 0.120873
v 0.071041 1.029600 0.121309
v 0.070900 1.044311 0.121913
v 0.070874 1.059073 0.122398
v 0.070939 1.073889 0.122679
v 0.071072 1.088752 0.122738
v 0.071257 1.103650 0.122593
v 0.071491 1.118567 0.122272
v 0.071761 1.133483 0.121803
v 0.072042 1.148385 0.121216
v 0.072308 1.163265 0.120546
v 0.072550 1.178122 0.119863
v 0.072798 1.192960 0.119255
v 0.073112 1.207787 0.118801
v 0.073560 1.222606 0.118513
v 0.074183 1.237419 0.118307
v 0.074995 1.252225 0.118035
v 0.075976 1.267014 0.117513
v 0.077088 1.281768 0.116590
v 0.078304 1.296464 0.115275
v 0.079692 1.311082 0.113887
v 0.081486 1.325609 0.113005
v 0.083996 1.340043 0.112844
v 0.087361 1.354342 0.113586
v 0.090859 1.369159 0.113209
v 0.094219 1.384573 0.111079
v 0.096577 1.398581 0.106718
v 0.098804 1.411881 0.101245
v 0.100353 1.424669 0.094837
v 0.101584 1.436860 0.087652
v 0.102532 1.448969 0.080428
v 0.103266 1.461085 0.073056
v 0.103828 1.473497 0.065462
v 0.104281 1.484675 0.055813
v 0.104591 1.495219 0.044979
v 0.104823 1.504508 0.032705
v 0.105378 1.512712 0.019764
v 0.106119 1.522229 0.007040
v 0.109433 1.531170 -0.004720
v 0.108860 1.542823 -0.020477
v 0.080887 0.888456 0.118298
v 0.086310 0.903456 0.119956
v 0.086723 0.918456 0.120086
v 0.086943 0.930164 0.120283
v 0.086937 0.941495 0.120757
v 0.086663 0.956109 0.121301
v 0.086250 0.970733 0.121780
v 0.085865 0.985356 0.122343
v 0.083910 1.000061 0.118641
v 0.083269 1.014695 0.118513
v 0.083086 1.029342 0.119211
v 0.083049 1.044034 0.119926
v 0.083110 1.058781 0.120453
v 0.083238 1.073585 0.120708
v 0.083414 1.088439 0.120662
v 0.083637 1.103327 0.120340
v 0.083917 1.118229 0.119793
v 0.084243 1.133127 0.119078
v 0.084588 1.148009 0.118249
v 0.084915 1.162867 0.117360
v 0.085218 1.177701 0.116501
v 0.085538 1.192513 0.115770
v 0.085952 1.207310 0.115241
v 0.086533 1.222093 0.114893
v 0.087310 1.236868 0.114586
v 0.088283 1.251637 0.114116
v 0.089419 1.266395 0.113282
v 0.090680 1.281124 0.111978
v 0.092079 1.295796 0.110320
v 0.093770 1.310357 0.108751
v 0.096124 1.324737 0.107873
v 0.099510 1.338899 0.107909
v 0.104247 1.352723 0.108897
v 0.107838 1.367877 0.108027
v 0.111249 1.382731 0.105494
v 0.114129 1.396961 0.101474
v 0.116717 1.410459 0.096389
v 0.118404 1.423311 0.089998
v 0.119569 1.435456 0.082775
v 0.120398 1.447358 0.075206
v 0.120994 1.459399 0.067598
v 0.121501 1.471620 0.059829
v 0.121835 1.483645 0.051024
v 0.121798 1.495129 0.040432
v 0.121189 1.504033 0.027746
v 0.121055 1.513334 0.014831
v 0.121891 1.523419 0.002325
v 0.123321 1.533820 -0.010547
v 0.126695 1.542859 -0.023081
v 0.124592 1.553697 -0.040251
v 0.091721 0.888456 0.110772
v 0.095387 0.903456 0.108513
v 0.095628 0.918456 0.108608
v 0.095677 0.930185 0.108920
v 0.095895 0.941517 0.109717
v 0.095989 0.956115 0.110617
v 0.096007 0.970730 0.111491
v 0.095819 0.985358 0.112141
v 0.094438 0.999935 0.111194
v 0.094322 1.014510 0.112019
v 0.094306 1.029121 0.112930
v 0.094359 1.043777 0.113695
v 0.094480 1.058486 0.114217
v 0.094637 1.073250 0.114410
v 0.094821 1.088064 0.114253
v 0.095056 1.102914 0.113792
v 0.095366 1.117782 0.113107
v 0.095746 1.132652 0.112277
v 0.096161 1.147512 0.111362
v 0.096569 1.162351 0.110425
v 0.096967 1.177167 0.109551
v 0.097387 1.191959 0.108818
v 0.097899 1.206727 0.108274
v 0.098560 1.221474 0.107856
v 0.099388 1.236209 0.107396
v 0.100380 1.250941 0.106685
v 0.101530 1.265669 0.105561
v 0.102865 1.280378 0.104006
v 0.104474 1.295023 0.102226
v 0.106600 1.309511 0.100722
v 0.109675 1.323722 0.100091
v 0.114098 1.337580 0.100646
v 0.119281 1.351561 0.101602
v 0.123564 1.366226 0.100184
v 0.127345 1.380807 0.097464
v 0.130651 1.394817 0.093622
v 0.133437 1.408166 0.088603
v 0.136037 1.420791 0.082671
v 0.136768 1.433171 0.075737
v 0.138485 1.444921 0.067984
v 0.138202 1.457202 0.060844
v 0.138351 1.469228 0.052726
v 0.138449 1.481371 0.044032
v 0.138443 1.493136 0.034341
v 0.137563 1.503168 0.022089
v 0.137370 1.513763 0.009899
v 0.137813 1.524845 -0.002374
v 0.139108 1.535892 -0.015005
v 0.140829 1.546747 -0.029097
v 0.144862 1.556884 -0.045446
v 0.101326 0.888456 0.101190
v 0.102906 0.903456 0.095969
v 0.103348 0.918456 0.096305
v 0.103577 0.930250 0.096976
v 0.103946 0.941614 0.098023
v 0.104272 0.956167 0.099151
v 0.104406 0.970730 0.100086
v 0.103589 0.985297 0.100168
v 0.104750 0.999755 0.102353
v 0.104924 1.014295 0.103579
v 0.104914 1.028871 0.104426
v 0.104968 1.043483 0.105091
v 0.105065 1.058141 0.105485
v 0.105180 1.072854 0.105537
v 0.105335 1.087620 0.105259
v 0.105574 1.102429 0.104715
v 0.105927 1.117265 0.103990
v 0.106373 1.132111 0.103151
v 0.106861 1.146952 0.102245
v 0.107354 1.161776 0.101337
v 0.107826 1.176578 0.100479
v 0.108297 1.191349 0.099729
v 0.108822 1.206088 0.099101
v 0.109457 1.220803 0.098524
v 0.110226 1.235503 0.097838
v 0.111159 1.250202 0.096874
v 0.112332 1.264903 0.095548
v 0.113834 1.279588 0.093903
v 0.115812 1.294198 0.092195
v 0.118510 1.308609 0.090888
v 0.122266 1.322682 0.090440
v 0.127262 1.336402 0.090865
v 0.133250 1.350150 0.091619
v 0.137928 1.364371 0.090064
v 0.141967 1.378465 0.086952
v 0.145467 1.392041 0.082875
v 0.148697 1.405133 0.078368
v 0.150805 1.417526 0.072455
v 0.152496 1.429757 0.066139
v 0.153632 1.441975 0.059487
v 0.154295 1.454238 0.052457
v 0.154661 1.466547 0.044844
v 0.154740 1.478873 0.036494
v 0.154541 1.490894 0.026991
v 0.154211 1.502587 0.016346
v 0.154086 1.514438 0.005117
v 0.154457 1.526685 -0.006414
v 0.155578 1.539001 -0.018668
v 0.158114 1.550791 -0.032326
v 0.162671 1.560867 -0.047785
v 0.113251 0.888456 0.095840
v 0.117559 0.903456 0.096279
v 0.117887 0.918456 0.095783
v 0.117457 0.930019 0.093437
v 0.117099 0.941198 0.092692
v 0.116826 0.955839 0.092662
v 0.115997 0.970442 0.091981
v 0.115392 0.984989 0.092265
v 0.116024 0.999480 0.094351
v 0.115786 1.013996 0.094982
v 0.115587 1.028538 0.095485
v 0.115473 1.043111 0.095837
v 0.115384 1.057729 0.095917
v 0.115338 1.072402 0.095714
v 0.115397 1.087134 0.095275
v 0.115609 1.101915 0.094655
v 0.115976 1.116727 0.093902
v 0.116445 1.131553 0.093045
v 0.116960 1.146376 0.092130
v 0.117454 1.161182 0.091182
v 0.117909 1.175963 0.090257
v 0.118346 1.190710 0.089404
v 0.118837 1.205422 0.088644
v 0.119442 1.220107 0.087908
v 0.120194 1.234779 0.087054
v 0.121180 1.249449 0.085963
v 0.122499 1.264123 0.084573
v 0.124266 1.278776 0.082947
v 0.126633 1.293338 0.081320
v 0.129712 1.307679 0.079977
v 0.133862 1.321650 0.079328
v 0.139243 1.335259 0.079355
v 0.145313 1.348693 0.079256
v 0.150497 1.362364 0.077509
v 0.155294 1.375807 0.074818
v 0.159434 1.388886 0.071139
v 0.162899 1.401562 0.066700
v 0.165535 1.413953 0.061512
v 0.167527 1.426296 0.055890
v 0.169044 1.438715 0.049980
v 0.170055 1.451202 0.043542
v 0.170674 1.463858 0.036497
v 0.171028 1.476713 0.028768
v 0.171142 1.489628 0.020169
v 0.171117 1.502602 0.010746
v 0.171217 1.515890 0.000816
v 0.171711 1.529538 -0.009585
v 0.172896 1.543319 -0.020791
v 0.175608 1.556422 -0.033431
v 0.179966 1.566676 -0.049292
v 0.127076 0.888456 0.093314
v 0.132117 0.903456 0.094107
v 0.132116 0.918456 0.092548
v 0.131368 0.929950 0.090038
v 0.130627 0.940995 0.088412
v 0.130021 0.955614 0.087634
v 0.129460 0.970181 0.087496
v 0.128657 0.984671 0.087287
v 0.127557 0.999128 0.086535
v 0.126816 1.013620 0.086428
v 0.126284 1.028134 0.086446
v 0.125841 1.042685 0.086325
v 0.125444 1.057283 0.085986
v 0.125137 1.071935 0.085455
v 0.124985 1.086641 0.084766
v 0.125057 1.101396 0.083971
v 0.125353 1.116186 0.083105
v 0.125790 1.130990 0.082177
v 0.126272 1.145790 0.081190
v 0.126727 1.160572 0.080162
v 0.127153 1.175327 0.079160
v 0.127584 1.190048 0.078234
v 0.128082 1.204734 0.077391
v 0.128691 1.219393 0.076551
v 0.129468 1.234039 0.075586
v 0.130536 1.248683 0.074404
v 0.132016 1.263322 0.072958
v 0.134046 1.277926 0.071315
v 0.136673 1.292430 0.069589
v 0.139992 1.306709 0.068016
v 0.144475 1.320610 0.067044
v 0.150235 1.334038 0.066639
v 0.156647 1.347068 0.066108
v 0.162741 1.359996 0.064640
v 0.168174 1.372836 0.062120
v 0.172801 1.385477 0.058659
v 0.176645 1.397932 0.054560
v 0.179629 1.410317 0.049935
v 0.182109 1.422848 0.045184
v 0.184117 1.435542 0.040148
v 0.185526 1.448364 0.034376
v 0.186646 1.461543 0.027964
v 0.187525 1.475244 0.020998
v 0.187978 1.489381 0.013457
v 0.188225 1.503793 0.005386
v 0.188608 1.518476 -0.003179
v 0.189292 1.533382 -0.012349
v 0.190577 1.548251 -0.022779
v 0.193088 1.560824 -0.035517
v 0.198249 1.568644 -0.052617
v 0.140355 0.888456 0.088393
v 0.145461 0.903456 0.087813
v 0.145305 0.918456 0.086148
v 0.144044 0.929808 0.083327
v 0.142969 0.940704 0.081394
v 0.142124 0.955301 0.080250
v 0.141190 0.969829 0.079451
v 0.139981 0.984258 0.078728
v 0.138505 0.998752 0.077760
v 0.137356 1.013227 0.077218
v 0.136489 1.027734 0.076822
v 0.135773 1.042285 0.076344
v 0.135097 1.056874 0.075664
v 0.134440 1.071496 0.074757
v 0.133945 1.086161 0.073712
v 0.133807 1.100881 0.072672
v 0.134034 1.115644 0.071681
v 0.134445 1.130421 0.070672
v 0.134891 1.145192 0.069607
v 0.135318 1.159947 0.068518
v 0.135734 1.174675 0.067469
v 0.136161 1.189370 0.066493
v 0.136630 1.204030 0.065567
v 0.137187 1.218661 0.064603
v 0.137945 1.233277 0.063507
v 0.139103 1.247879 0.062230
v 0.140848 1.262456 0.060770
v 0.143197 1.276989 0.059085
v 0.146043 1.291433 0.057183
v 0.149592 1.305674 0.055361
v 0.154331 1.319487 0.054019
v 0.160582 1.332592 0.053327
v 0.167676 1.345042 0.052707
v 0.174434 1.357336 0.051277
v 0.180499 1.369640 0.048931
v 0.185713 1.382002 0.045818
v 0.190099 1.394442 0.042289
v 0.193613 1.407023 0.038511
v 0.196643 1.419888 0.034751
v 0.199061 1.432958 0.030514
v 0.200971 1.446216 0.025411
v 0.203095 1.460067 0.019557
v 0.204478 1.475121 0.013296
v 0.204784 1.490826 0.006831
v 0.205086 1.506308 -0.000059
v 0.205761 1.521983 -0.007401
v 0.206862 1.537759 -0.015166
v 0.207932 1.550291 -0.028396
v 0.210449 1.560940 -0.040358
v 0.213367 1.565439 -0.058207
v 0.152176 0.888456 0.080361
v 0.157199 0.903456 0.078832
v 0.157005 0.918456 0.077231
v 0.155038 0.929593 0.074064
v 0.153859 0.940321 0.072209
v 0.153268 0.954986 0.071359
v 0.152462 0.969575 0.070672
v 0.150666 0.983958 0.069372
v 0.148536 0.998404 0.067917
v 0.147142 1.012884 0.067165
v 0.146176 1.027410 0.066634
v 0.145358 1.041971 0.065993
v 0.144383 1.056533 0.064986
v 0.143278 1.071095 0.063647
v 0.142410 1.085700 0.062242
v 0.142116 1.100377 0.061009
v 0.142325 1.115106 0.059929
v 0.142697 1.129850 0.058828
v 0.143083 1.144589 0.057675
v 0.143462 1.159313 0.056521
v 0.143844 1.174013 0.055418
v 0.144236 1.188681 0.054378
v 0.144639 1.203311 0.053354
v 0.145158 1.217906 0.052287
v 0.145991 1.232467 0.051120
v 0.147422 1.246988 0.049864
v 0.149603 1.261469 0.048477
v 0.152189 1.275934 0.046669
v 0.155082 1.290348 0.044484
v 0.158640 1.304555 0.042281
v 0.163677 1.318189 0.040633
v 0.170526 1.330863 0.039777
v 0.178284 1.342703 0.039102
v 0.185709 1.354404 0.037722
v 0.192550 1.366350 0.035642
v 0.198646 1.378709 0.033126
v 0.203851 1.391433 0.030506
v 0.208110 1.404520 0.027848
v 0.211560 1.418000 0.025038
v 0.214057 1.431609 0.021597
v 0.216425 1.445098 0.017277
v 0.221711 1.459385 0.011082
v 0.220999 1.477683 0.005784
v 0.220890 1.493980 0.000150
v 0.220658 1.509110 -0.005450
v 0.222477 1.525739 -0.012856
v 0.223396 1.540076 -0.023507
v 0.224411 1.551705 -0.035909
v 0.225049 1.559516 -0.050574
v 0.225477 1.563242 -0.063357
v 0.162365 0.888456 0.070163
v 0.167172 0.903456 0.067924
v 0.167176 0.918456 0.066545
v 0.164871 0.929407 0.063508
v 0.163713 0.939991 0.061825
v 0.163130 0.954689 0.060965
v 0.160819 0.969054 0.059020
v 0.159676 0.983620 0.058369
v 0.157635 0.998110 0.057164
v 0.156147 1.012606 0.056377
v 0.155222 1.027154 0.055834
v 0.154301 1.041713 0.055035
v 0.153021 1.056233 0.053730
v 0.151530 1.070726 0.052073
v 0.150367 1.085255 0.050428
v 0.149973 1.099875 0.049064
v 0.150160 1.114565 0.047886
v 0.150463 1.129276 0.046672
v 0.150794 1.143983 0.045441
v 0.151147 1.158677 0.044239
v 0.151562 1.173350 0.043117
v 0.151989 1.187989 0.042053
v 0.152420 1.202584 0.040997
v 0.153054 1.217123 0.039930
v 0.154060 1.231588 0.038765
v 0.155816 1.245993 0.037567
v 0.158266 1.260383 0.036130
v 0.160895 1.274808 0.034084
v 0.163645 1.289208 0.031509
v 0.167240 1.303324 0.028951
v 0.172663 1.316692 0.027075
v 0.180098 1.328890 0.026102
v 0.188516 1.340099 0.025400
v 0.196863 1.351322 0.024147
v 0.205151 1.363239 0.022534
v 0.212905 1.376035 0.021020
v 0.219243 1.389518 0.019785
v 0.224392 1.403614 0.018383
v 0.227548 1.418212 0.016579
v 0.228715 1.432297 0.014210
v 0.229675 1.444147 0.011447
v 0.171167 0.888456 0.058680
v 0.175726 0.903456 0.055884
v 0.175855 0.918456 0.054563
v 0.172799 0.929173 0.051382
v 0.171766 0.939609 0.049927
v 0.171837 0.954383 0.049517
v 0.170848 0.969050 0.048698
v 0.168464 0.983431 0.047202
v 0.165709 0.997850 0.045630
v 0.164246 1.012370 0.044876
v 0.163329 1.026927 0.044274
v 0.162363 1.041484 0.043360
v 0.160919 1.055977 0.041913
v 0.159069 1.070369 0.040047
v 0.157554 1.084776 0.038197
v 0.157050 1.099337 0.036700
v 0.157246 1.114011 0.035417
v 0.157518 1.128700 0.034114
v 0.157799 1.143377 0.032827
v 0.158230 1.158046 0.031635
v 0.158847 1.172696 0.030572
v 0.159424 1.187310 0.029548
v 0.159973 1.201871 0.028527
v 0.160776 1.216324 0.027496
v 0.161922 1.230648 0.026319
v 0.163731 1.244922 0.025016
v 0.166226 1.259239 0.023410
v 0.168782 1.273648 0.021097
v 0.171460 1.288004 0.018188
v 0.175304 1.301965 0.015368
v 0.181273 1.315046 0.013343
v 0.189273 1.326777 0.012249
v 0.198604 1.337406 0.011590
v 0.209081 1.348449 0.010659
v 0.221079 1.360991 0.009834
v 0.231445 1.375081 0.010087
v 0.237928 1.389812 0.010966
v 0.178498 0.888456 0.046308
v 0.182648 0.903456 0.042863
v 0.183146 0.918456 0.041661
v 0.180115 0.929041 0.038785
v 0.179381 0.939411 0.037673
v 0.179293 0.954223 0.037157
v 0.178340 0.968918 0.036339
v 0.174733 0.983043 0.034372
v 0.172663 0.997639 0.033343
v 0.171228 1.012123 0.032634
v 0.170654 1.026709 0.032145
v 0.169875 1.041298 0.031266
v 0.168220 1.055767 0.029669
v 0.165486 1.069917 0.027393
v 0.163355 1.084149 0.025237
v 0.163057 1.098756 0.023719
v 0.163546 1.113458 0.022451
v 0.163602 1.128116 0.021014
v 0.163740 1.142769 0.019677
v 0.164548 1.157431 0.018610
v 0.165561 1.172064 0.017680
v 0.166329 1.186677 0.016751
v 0.166867 1.201217 0.015726
v 0.168140 1.215519 0.014892
v 0.169141 1.229597 0.013571
v 0.170582 1.243725 0.011991
v 0.173100 1.258031 0.010248
v 0.175279 1.272446 0.007553
v 0.178073 1.286753 0.004359
v 0.182860 1.300536 0.001548
v 0.189325 1.313493 -0.000754
v 0.197870 1.324939 -0.002071
v 0.208974 1.334883 -0.002342
v 0.225269 1.346165 -0.002670
v 0.246128 1.360554 -0.002749
v 0.183823 0.888456 0.033331
v 0.187742 0.903456 0.029063
v 0.188868 0.918456 0.027980
v 0.188084 0.929082 0.026475
v 0.186288 0.939376 0.024961
v 0.185495 0.954103 0.024046
v 0.184314 0.968763 0.023143
v 0.181908 0.983258 0.021943
v 0.177826 0.997259 0.020219
v 0.177944 1.011880 0.020223
v 0.178258 1.026528 0.020208
v 0.177874 1.041275 0.019386
v 0.175481 1.055806 0.017301
v 0.169494 1.068874 0.013664
v 0.167707 1.083424 0.011553
v 0.168880 1.098214 0.010488
v 0.169950 1.112960 0.009352
v 0.168027 1.127453 0.007114
v 0.168919 1.142216 0.006241
v 0.170572 1.156812 0.005219
v 0.172063 1.171486 0.004643
v 0.172776 1.186130 0.003684
v 0.172238 1.200794 0.002301
v 0.177308 1.214574 0.003271
v 0.173339 1.228235 -0.000452
v 0.177371 1.242353 -0.000708
v 0.178640 1.256791 -0.003218
v 0.179947 1.271274 -0.006440
v 0.183378 1.285739 -0.010107
v 0.190937 1.299109 -0.012014
v 0.194892 1.313279 -0.016680
v 0.206194 1.324021 -0.016819
v 0.217264 1.330817 -0.015897
v 0.251691 1.344130 -0.015824
v 0.186379 0.888456 0.019915
v 0.185769 0.903456 0.015776
v 0.184941 0.918456 0.013976
v 0.184153 0.930464 0.012480
v 0.183453 0.942179 0.011210
v 0.182890 0.956835 0.010128
v 0.183184 0.971452 0.008955
v 0.182627 0.986028 0.007892
v 0.181403 1.000550 0.007157
v 0.180120 1.015080 0.006633
v 0.178632 1.029581 0.005972
v 0.177521 1.044019 0.004761
v 0.176412 1.058259 0.002914
v 0.174716 1.072382 0.000896
v 0.174142 1.086780 -0.000822
v 0.174531 1.101351 -0.002192
v 0.175125 1.115972 -0.003441
v 0.175202 1.130562 -0.004742
v 0.176120 1.145105 -0.005808
v 0.177351 1.159700 -0.006765
v 0.178242 1.174343 -0.007721
v 0.178903 1.188935 -0.008705
v 0.179482 1.203267 -0.009733
v 0.180406 1.217247 -0.010832
v 0.181610 1.231259 -0.012064
v 0.183138 1.245439 -0.013739
v 0.185076 1.259732 -0.016001
v 0.187919 1.273848 -0.018913
v 0.192127 1.287495 -0.022166
v 0.198966 1.300015 -0.024901
v 0.205871 1.311930 -0.028127
v 0.215410 1.321487 -0.029674
v 0.252958 1.333609 -0.028888
v 0.187992 0.889527 0.003833
v 0.187110 0.903456 0.001868
v 0.186076 0.918456 0.000463
v 0.185152 0.932461 -0.000762
v 0.184345 0.947114 -0.001849
v 0.183754 0.961721 -0.002857
v 0.183208 0.976309 -0.003798
v 0.182447 0.990879 -0.004612
v 0.181564 1.005435 -0.005299
v 0.180662 1.019964 -0.005989
v 0.179829 1.034431 -0.006893
v 0.179088 1.048798 -0.008155
v 0.178317 1.063074 -0.009702
v 0.177749 1.077380 -0.011305
v 0.177700 1.091803 -0.012797
v 0.178046 1.106318 -0.014158
v 0.178512 1.120869 -0.015439
v 0.179151 1.135419 -0.016624
v 0.180042 1.149975 -0.017691
v 0.180956 1.164550 -0.018680
v 0.181764 1.179110 -0.019620
v 0.182529 1.193573 -0.020531
v 0.183416 1.207875 -0.021444
v 0.184574 1.222078 -0.022424
v 0.186095 1.236282 -0.023623
v 0.188057 1.250483 -0.025256
v 0.190726 1.264506 -0.027514
v 0.194278 1.278090 -0.030423
v 0.199196 1.290869 -0.033728
v 0.205894 1.302526 -0.037186
v 0.214078 1.312494 -0.040190
v 0.245721 1.323091 -0.041725
v -0.191127 0.858456 -0.037040
v -0.186821 0.858456 -0.050042
v -0.181599 0.858456 -0.062846
v -0.175599 0.858456 -0.075382
v -0.168916 0.858456 -0.087581
v -0.161609 0.858456 -0.099368
v -0.153710 0.858456 -0.110669
v -0.145222 0.858456 -0.121415
v -0.136120 0.858456 -0.131545
v -0.126357 0.858456 -0.141014
v -0.115897 0.858456 -0.149791
v -0.104756 0.858456 -0.157863
v -0.093028 0.858456 -0.165224
v -0.080869 0.858456 -0.171867
v -0.068456 0.858456 -0.177772
v -0.055935 0.858456 -0.182892
v -0.043399 0.858456 -0.187156
v -0.030891 0.858456 -0.190471
v -0.018417 0.858456 -0.192739
v -0.005973 0.858456 -0.193877
v 0.006447 0.858456 -0.193835
v 0.018847 0.858456 -0.192608
v 0.031229 0.858456 -0.190237
v 0.043594 0.858456 -0.186794
v 0.055947 0.858456 -0.182367
v 0.068274 0.858456 -0.177038
v 0.080526 0.858456 -0.170869
v 0.092593 0.858456 -0.163901
v 0.104318 0.858456 -0.156157
v 0.115528 0.858456 -0.147655
v 0.126096 0.858456 -0.138421
v 0.135971 0.858456 -0.128494
v 0.145173 0.858456 -0.117936
v 0.153751 0.858456 -0.106820
v 0.161737 0.858456 -0.095232
v 0.169129 0.858456 -0.083256
v 0.175878 0.858456 -0.070973
v 0.181896 0.858456 -0.058453
v 0.187054 0.858456 -0.045764
v 0.191184 0.858456 -0.032971
v -0.191200 0.873456 -0.034633
v -0.188303 0.873456 -0.046240
v -0.183920 0.873456 -0.059231
v -0.179082 0.873456 -0.072537
v -0.173522 0.873456 -0.085584
v -0.167224 0.873456 -0.098351
v -0.160169 0.873456 -0.110699
v -0.152090 0.873456 -0.122339
v -0.143074 0.873456 -0.133213
v -0.133314 0.873456 -0.143347
v -0.122806 0.873456 -0.152686
v -0.111667 0.873456 -0.161237
v -0.099821 0.873456 -0.168592
v -0.087072 0.873456 -0.174122
v -0.073817 0.873456 -0.178319
v -0.060503 0.873456 -0.182278
v -0.047575 0.873456 -0.187239
v -0.035347 0.873456 -0.193453
v -0.023594 0.873456 -0.200088
v -0.011481 0.873456 -0.205321
v 0.001319 0.873456 -0.207009
v 0.013967 0.873456 -0.204272
v 0.025851 0.873456 -0.198465
v 0.037604 0.873456 -0.191834
v 0.050059 0.873456 -0.186166
v 0.063231 0.873456 -0.181910
v 0.076584 0.873456 -0.177962
v 0.089644 0.873456 -0.173062
v 0.101994 0.873456 -0.166576
v 0.113185 0.873456 -0.158248
v 0.123163 0.873456 -0.148426
v 0.132484 0.873456 -0.137892
v 0.141238 0.873456 -0.126858
v 0.149160 0.873456 -0.115192
v 0.156204 0.873456 -0.102932
v 0.162588 0.873456 -0.090285
v 0.168417 0.873456 -0.077488
v 0.174055 0.873456 -0.065017
v 0.180098 0.873456 -0.052695
v 0.185749 0.873456 -0.040332
v 0.189160 0.871956 -0.029859
v 0.188364 0.885956 -0.032709
v 0.188416 0.903456 -0.034518
v 0.187380 0.918456 -0.035288
v 0.186466 0.928537 -0.036127
v 0.185605 0.938106 -0.037021
v 0.184796 0.952580 -0.037872
v 0.184047 0.967091 -0.038629
v 0.183385 0.981640 -0.039300
v 0.182845 0.996209 -0.039933
v 0.182423 1.010764 -0.040583
v 0.182079 1.025267 -0.041300
v 0.181790 1.039699 -0.042130
v 0.181592 1.054066 -0.043103
v 0.181578 1.068400 -0.044220
v 0.181824 1.082743 -0.045452
v 0.182336 1.097123 -0.046754
v 0.183066 1.111542 -0.048064
v 0.183945 1.125993 -0.049318
v 0.184904 1.140469 -0.050457
v 0.185894 1.154974 -0.051429
v 0.186898 1.169507 -0.052204
v 0.187930 1.184062 -0.052777
v 0.189029 1.198625 -0.053184
v 0.190250 1.213187 -0.053511
v 0.191657 1.227735 -0.053910
v 0.193339 1.242217 -0.054600
v 0.195612 1.256488 -0.055868
v 0.198480 1.270343 -0.058005
v 0.202179 1.283439 -0.061221
v 0.207368 1.295292 -0.065566
v 0.219470 1.305394 -0.070854
v 0.245829 1.316297 -0.076792
v 0.274122 1.329996 -0.083772
v 0.272084 1.333816 -0.100913
v 0.263520 1.338609 -0.119037
v 0.262806 1.349662 -0.136112
v 0.260691 1.361136 -0.146502
v 0.252576 1.376238 -0.155506
v 0.250988 1.392775 -0.162475
v 0.241914 1.410628 -0.166565
v 0.240210 1.430825 -0.168710
v 0.240096 1.445881 -0.169050
v 0.232274 1.464124 -0.169167
v 0.231799 1.486710 -0.168602
v 0.232198 1.506769 -0.165021
v 0.233334 1.525133 -0.159046
v 0.234712 1.540039 -0.148554
v 0.234900 1.549596 -0.133280
v 0.234633 1.556499 -0.118527
v 0.231586 1.560514 -0.103623
v 0.217985 1.567519 -0.101110
v 0.203049 1.571774 -0.100552
v 0.186188 1.573818 -0.100236
v 0.169185 1.573651 -0.099178
v 0.154694 1.571782 -0.100171
v 0.136591 1.571635 -0.094334
v 0.123089 1.573655 -0.092035
v 0.111475 1.577339 -0.099934
v 0.097668 1.582987 -0.112064
v 0.084235 1.584673 -0.124899
v 0.071407 1.576609 -0.138383
v 0.049879 1.568769 -0.142317
v 0.030776 1.564196 -0.144047
v 0.011552 1.561933 -0.144203
v -0.007986 1.561992 -0.143910
v -0.026791 1.563911 -0.143642
v -0.044821 1.567746 -0.142466
v -0.064249 1.574891 -0.139670
v -0.079112 1.584085 -0.127000
v -0.092585 1.585679 -0.116628
v -0.102531 1.580930 -0.106347
v -0.114216 1.577433 -0.106069
v -0.129950 1.576389 -0.103630
v -0.144861 1.574280 -0.102279
v -0.158879 1.571409 -0.102552
v -0.174838 1.572352 -0.103528
v -0.191583 1.572117 -0.104558
v -0.208579 1.568818 -0.105697
v -0.225695 1.564448 -0.107205
v -0.231098 1.555019 -0.127621
v -0.234762 1.542415 -0.146894
v -0.236469 1.526946 -0.156897
v -0.237109 1.508899 -0.164042
v -0.238173 1.490422 -0.167337
v -0.239095 1.471428 -0.168589
v -0.240226 1.452079 -0.169798
v -0.241494 1.430891 -0.170210
v -0.249623 1.416414 -0.169072
v -0.250368 1.401122 -0.167188
v -0.251873 1.381508 -0.162247
v -0.260118 1.367994 -0.156360
v -0.261516 1.356262 -0.148689
v -0.265460 1.345761 -0.138201
v -0.272216 1.332008 -0.114418
v -0.273848 1.326219 -0.099524
v -0.274814 1.322757 -0.082954
v -0.257096 1.310426 -0.074717
v -0.225168 1.295042 -0.067967
v -0.214686 1.283604 -0.062882
v -0.211877 1.270969 -0.059260
v -0.209531 1.257442 -0.056918
v -0.207481 1.243430 -0.055592
v -0.205742 1.229191 -0.054978
v -0.204148 1.214856 -0.054785
v -0.202651 1.200468 -0.054759
v -0.201199 1.186043 -0.054689
v -0.199753 1.171587 -0.054436
v -0.198288 1.157107 -0.053943
v -0.196804 1.142610 -0.053214
v -0.195321 1.128097 -0.052293
v -0.193861 1.113569 -0.051249
v -0.192462 1.099027 -0.050155
v -0.191183 1.084482 -0.049065
v -0.190098 1.069947 -0.048013
v -0.189272 1.055437 -0.047029
v -0.188739 1.040952 -0.046145
v -0.188467 1.026465 -0.045359
v -0.188351 1.011949 -0.044628
v -0.188319 0.997409 -0.043883
v -0.188391 0.982858 -0.043069
v -0.188601 0.968308 -0.042171
v -0.188934 0.953763 -0.041197
v -0.189370 0.939231 -0.040167
v -0.189964 0.924754 -0.039114
v -0.190757 0.921968 -0.037988
v -0.191716 0.918456 -0.036579
v -0.192767 0.903456 -0.034692
v -0.192259 0.886956 -0.032468
v -0.190794 0.888456 -0.041331
v -0.190294 0.903456 -0.045573
v -0.189100 0.918456 -0.048209
v -0.188044 0.923838 -0.049692
v -0.187194 0.928668 -0.050809
v -0.186801 0.943212 -0.051963
v -0.186631 0.957757 -0.053093
v -0.186564 0.972311 -0.054107
v -0.186775 0.986854 -0.055038
v -0.187225 1.001358 -0.055837
v -0.187603 1.015836 -0.056503
v -0.187952 1.030280 -0.057116
v -0.188630 1.044711 -0.057790
v -0.189605 1.059197 -0.058623
v -0.190720 1.073749 -0.059609
v -0.191930 1.088330 -0.060702
v -0.193201 1.102916 -0.061855
v -0.194499 1.117495 -0.063020
v -0.195803 1.132057 -0.064107
v -0.197129 1.146600 -0.065004
v -0.198488 1.161118 -0.065640
v -0.199850 1.175598 -0.065981
v -0.201203 1.190023 -0.066029
v -0.202584 1.204382 -0.065886
v -0.204011 1.218680 -0.065761
v -0.205538 1.232903 -0.065892
v -0.207340 1.247031 -0.066532
v -0.209232 1.260984 -0.067979
v -0.211436 1.274425 -0.070580
v -0.214388 1.286868 -0.074630
v -0.233591 1.298854 -0.080638
v -0.252585 1.312328 -0.090269
v -0.187108 0.888456 -0.053473
v -0.185748 0.903456 -0.058693
v -0.185082 0.918456 -0.060653
v -0.183583 0.925093 -0.061543
v -0.182981 0.931387 -0.062649
v -0.183600 0.945934 -0.064242
v -0.183765 0.960482 -0.065418
v -0.184231 0.975083 -0.066515
v -0.185390 0.989584 -0.067585
v -0.186702 1.003983 -0.068251
v -0.186684 1.018419 -0.068747
v -0.187211 1.032742 -0.069079
v -0.188563 1.047130 -0.069670
v -0.189851 1.061703 -0.070556
v -0.191020 1.076338 -0.071640
v -0.192204 1.090971 -0.072839
v -0.193340 1.105611 -0.074103
v -0.194472 1.120227 -0.075420
v -0.195511 1.134830 -0.076573
v -0.196709 1.149406 -0.077422
v -0.197967 1.163939 -0.077973
v -0.199241 1.178403 -0.078130
v -0.200456 1.192757 -0.077881
v -0.201826 1.207009 -0.077440
v -0.203058 1.221207 -0.077133
v -0.204566 1.235260 -0.077089
v -0.206128 1.249430 -0.077582
v -0.207689 1.263570 -0.078875
v -0.210306 1.277174 -0.081552
v -0.212129 1.289679 -0.085454
v -0.230336 1.300762 -0.091695
v -0.245389 1.310544 -0.099019
v -0.259017 1.320919 -0.104437
v -0.182560 0.888456 -0.067428
v -0.181453 0.903456 -0.073019
v -0.177592 0.918456 -0.072504
v -0.177724 0.925535 -0.073975
v -0.180732 0.932107 -0.076429
v -0.177752 0.946788 -0.077027
v -0.180039 0.961442 -0.078731
v -0.183027 0.975888 -0.080378
v -0.185381 0.990399 -0.081649
v -0.181628 1.004648 -0.080836
v -0.181714 1.019242 -0.081375
v -0.186850 1.033036 -0.081859
v -0.188841 1.047646 -0.082613
v -0.190264 1.062372 -0.083655
v -0.190816 1.077090 -0.084908
v -0.191376 1.091792 -0.086197
v -0.192063 1.106535 -0.087531
v -0.191623 1.121231 -0.089101
v -0.193588 1.135861 -0.090216
v -0.193923 1.150507 -0.091073
v -0.194913 1.165054 -0.091445
v -0.195548 1.179513 -0.091352
v -0.197544 1.193609 -0.090737
v -0.198525 1.207824 -0.090082
v -0.198451 1.221966 -0.089358
v -0.202105 1.235663 -0.089541
v -0.203734 1.249833 -0.089755
v -0.208651 1.263587 -0.091369
v -0.208432 1.278272 -0.093219
v -0.203034 1.291854 -0.095532
v -0.218212 1.306702 -0.097170
v -0.241742 1.313515 -0.108284
v -0.254198 1.324627 -0.116461
v -0.263078 1.335638 -0.126607
v -0.177307 0.888456 -0.081083
v -0.174495 0.903456 -0.085714
v -0.171815 0.918456 -0.085752
v -0.174787 0.925303 -0.088229
v -0.176494 0.931955 -0.090395
v -0.174087 0.946734 -0.091117
v -0.176751 0.961264 -0.092883
v -0.179302 0.975775 -0.094386
v -0.179148 0.990235 -0.094716
v -0.178759 1.004683 -0.094813
v -0.180448 1.019004 -0.095212
v -0.182879 1.033340 -0.095786
v -0.184725 1.047864 -0.096584
v -0.186103 1.062468 -0.097591
v -0.187119 1.077112 -0.098724
v -0.187953 1.091788 -0.099914
v -0.188516 1.106477 -0.101134
v -0.189188 1.121153 -0.102274
v -0.189953 1.135808 -0.103221
v -0.190542 1.150417 -0.103897
v -0.191139 1.164937 -0.104201
v -0.191917 1.179303 -0.104114
v -0.192826 1.193541 -0.103761
v -0.193663 1.207701 -0.103350
v -0.195195 1.221725 -0.103149
v -0.197272 1.235724 -0.103247
v -0.199728 1.249710 -0.103831
v -0.202133 1.263663 -0.105163
v -0.203539 1.277443 -0.107109
v -0.208313 1.290959 -0.109532
v -0.219496 1.303129 -0.114035
v -0.232130 1.314396 -0.120631
v -0.242155 1.326166 -0.128011
v -0.248452 1.337760 -0.136376
v -0.249831 1.349086 -0.145139
v -0.171244 0.888456 -0.094211
v -0.168368 0.903456 -0.098842
v -0.166200 0.918456 -0.099063
v -0.169477 0.925319 -0.101780
v -0.171851 0.931816 -0.104282
v -0.170313 0.946636 -0.105231
v -0.173157 0.961090 -0.106953
v -0.175138 0.975611 -0.108259
v -0.173984 0.990276 -0.107985
v -0.174491 1.004750 -0.108133
v -0.176025 1.019156 -0.108517
v -0.177818 1.033587 -0.109094
v -0.179472 1.048079 -0.109893
v -0.180863 1.062634 -0.110864
v -0.181979 1.077244 -0.111930
v -0.182848 1.091892 -0.113021
v -0.183515 1.106558 -0.114063
v -0.184091 1.121223 -0.115017
v -0.184621 1.135861 -0.115848
v -0.185124 1.150441 -0.116472
v -0.185650 1.164925 -0.116794
v -0.186285 1.179286 -0.116815
v -0.187092 1.193535 -0.116643
v -0.188212 1.207683 -0.116426
v -0.189777 1.221759 -0.116328
v -0.191584 1.235819 -0.116409
v -0.193742 1.249800 -0.116970
v -0.196418 1.263537 -0.118365
v -0.199882 1.276937 -0.120472
v -0.205106 1.290010 -0.123129
v -0.212895 1.302729 -0.126834
v -0.221830 1.315317 -0.131724
v -0.229663 1.327883 -0.137539
v -0.234929 1.339858 -0.143864
v -0.236761 1.349846 -0.149613
v -0.244725 1.362381 -0.154806
v -0.164794 0.888456 -0.107131
v -0.162450 0.903456 -0.112029
v -0.160989 0.918456 -0.112544
v -0.164353 0.925294 -0.115456
v -0.167071 0.931596 -0.118200
v -0.167633 0.946400 -0.119631
v -0.168022 0.961173 -0.120588
v -0.167801 0.975908 -0.120827
v -0.167357 0.990512 -0.120525
v -0.168198 1.005005 -0.120731
v -0.169511 1.019454 -0.121068
v -0.171052 1.033893 -0.121624
v -0.172596 1.048364 -0.122423
v -0.173956 1.062894 -0.123387
v -0.175075 1.077480 -0.124430
v -0.175963 1.092104 -0.125477
v -0.176615 1.106749 -0.126446
v -0.177118 1.121390 -0.127332
v -0.177647 1.135999 -0.128161
v -0.178224 1.150550 -0.128837
v -0.178828 1.165014 -0.129243
v -0.179542 1.179376 -0.129370
v -0.180365 1.193645 -0.129236
v -0.181451 1.207832 -0.128993
v -0.182834 1.221973 -0.128796
v -0.184459 1.236081 -0.128791
v -0.186682 1.250031 -0.129402
v -0.189730 1.263615 -0.130927
v -0.193381 1.276812 -0.133079
v -0.197649 1.289953 -0.135322
v -0.203269 1.303193 -0.137975
v -0.209734 1.316480 -0.141458
v -0.216108 1.329439 -0.145914
v -0.221202 1.341606 -0.150647
v -0.225763 1.353132 -0.155146
v -0.227179 1.363069 -0.159205
v -0.233559 1.374839 -0.162352
v -0.236276 1.391236 -0.166614
v -0.235491 1.410181 -0.169784
v -0.157565 0.888456 -0.119558
v -0.155916 0.903456 -0.124933
v -0.155761 0.918456 -0.126005
v -0.157956 0.925290 -0.128662
v -0.159391 0.931813 -0.130820
v -0.159009 0.946698 -0.131486
v -0.158616 0.961519 -0.131707
v -0.158930 0.976307 -0.132293
v -0.159690 0.990838 -0.132617
v -0.160507 1.005338 -0.132742
v -0.161603 1.019794 -0.132944
v -0.162959 1.034230 -0.133410
v -0.164400 1.048693 -0.134174
v -0.165720 1.063210 -0.135131
v -0.166833 1.077779 -0.136176
v -0.167714 1.092384 -0.137213
v -0.168375 1.107007 -0.138178
v -0.168997 1.121621 -0.139128
v -0.169692 1.136206 -0.140058
v -0.170401 1.150741 -0.140824
v -0.171091 1.165207 -0.141292
v -0.171773 1.179595 -0.141404
v -0.172468 1.193903 -0.141167
v -0.173364 1.208145 -0.140763
v -0.174552 1.222347 -0.140409
v -0.176149 1.236488 -0.140372
v -0.178430 1.250425 -0.141053
v -0.181395 1.263968 -0.142608
v -0.184599 1.277194 -0.144566
v -0.187762 1.290545 -0.146159
v -0.191559 1.304148 -0.147811
v -0.196326 1.317678 -0.150358
v -0.201623 1.330754 -0.153921
v -0.206573 1.343382 -0.157631
v -0.210493 1.355481 -0.160928
v -0.214507 1.367694 -0.164173
v -0.218469 1.381517 -0.167459
v -0.220286 1.396690 -0.170377
v -0.218995 1.409424 -0.172369
v -0.223610 1.423291 -0.172485
v -0.225537 1.441323 -0.172235
v -0.225504 1.460188 -0.171379
v -0.224946 1.478997 -0.170011
v -0.224243 1.497865 -0.168048
v -0.223335 1.516624 -0.163934
v -0.222210 1.535119 -0.155885
v -0.220541 1.552026 -0.142868
v -0.215123 1.563729 -0.124857
v -0.148847 0.888456 -0.130907
v -0.144912 0.903456 -0.134561
v -0.145009 0.918456 -0.135560
v -0.148385 0.925438 -0.139710
v -0.150112 0.932135 -0.142289
v -0.150632 0.947101 -0.143533
v -0.150062 0.961978 -0.143432
v -0.151160 0.976637 -0.144580
v -0.151149 0.991199 -0.144197
v -0.151680 1.005702 -0.144011
v -0.152525 1.020164 -0.143970
v -0.153688 1.034612 -0.144283
v -0.155004 1.049080 -0.144967
v -0.156245 1.063593 -0.145878
v -0.157312 1.078150 -0.146892
v -0.158176 1.092740 -0.147905
v -0.158916 1.107345 -0.148890
v -0.159691 1.121942 -0.149914
v -0.160499 1.136516 -0.150904
v -0.161273 1.151054 -0.151706
v -0.161968 1.165542 -0.152176
v -0.162593 1.179964 -0.152245
v -0.163208 1.194318 -0.151926
v -0.164009 1.208614 -0.151424
v -0.165144 1.222865 -0.151009
v -0.166728 1.237037 -0.150971
v -0.168875 1.251002 -0.151618
v -0.171507 1.264610 -0.153064
v -0.174090 1.277990 -0.154708
v -0.176314 1.291548 -0.155740
v -0.178949 1.305318 -0.156760
v -0.182519 1.318960 -0.158666
v -0.186736 1.332290 -0.161516
v -0.190718 1.345402 -0.164403
v -0.194395 1.358424 -0.166952
v -0.198336 1.371827 -0.169686
v -0.201810 1.386077 -0.172242
v -0.204009 1.400553 -0.174247
v -0.206212 1.415215 -0.175323
v -0.208558 1.431274 -0.175383
v -0.209827 1.448806 -0.174634
v -0.210122 1.466977 -0.173258
v -0.209876 1.485463 -0.171248
v -0.209202 1.504123 -0.167872
v -0.207945 1.522868 -0.162978
v -0.205992 1.540688 -0.153484
v -0.202971 1.555878 -0.139779
v -0.198393 1.567025 -0.122865
v -0.139650 0.888456 -0.141798
v -0.138592 0.903456 -0.147643
v -0.135497 0.918456 -0.146456
v -0.136372 0.925930 -0.148015
v -0.137648 0.933148 -0.150077
v -0.138613 0.947879 -0.152024
v -0.140543 0.962401 -0.154448
v -0.141526 0.977056 -0.155514
v -0.141342 0.991593 -0.154724
v -0.141647 1.006104 -0.154191
v -0.142338 1.020585 -0.153966
v -0.143361 1.035053 -0.154142
v -0.144535 1.049533 -0.154694
v -0.145652 1.064049 -0.155464
v -0.146625 1.078603 -0.156331
v -0.147449 1.093190 -0.157207
v -0.148209 1.107792 -0.158089
v -0.148997 1.122391 -0.159020
v -0.149790 1.136975 -0.159918
v -0.150545 1.151531 -0.160648
v -0.151240 1.166045 -0.161090
v -0.151891 1.180502 -0.161182
v -0.152573 1.194897 -0.160933
v -0.153452 1.209237 -0.160518
v -0.154622 1.223527 -0.160176
v -0.156107 1.237737 -0.160119
v -0.158010 1.251760 -0.160673
v -0.160226 1.265487 -0.161961
v -0.162292 1.279038 -0.163379
v -0.163999 1.292756 -0.164138
v -0.166030 1.306659 -0.164843
v -0.168781 1.320501 -0.166310
v -0.171995 1.334181 -0.168559
v -0.175181 1.347801 -0.170859
v -0.178464 1.361513 -0.172952
v -0.182010 1.375555 -0.175151
v -0.185239 1.390100 -0.177098
v -0.187989 1.405107 -0.178569
v -0.190471 1.420780 -0.179267
v -0.192470 1.437369 -0.178939
v -0.193649 1.454721 -0.177592
v -0.194089 1.472562 -0.175408
v -0.193957 1.490747 -0.172256
v -0.193218 1.509049 -0.167546
v -0.191632 1.526862 -0.160318
v -0.189134 1.542811 -0.149597
v -0.185491 1.556238 -0.136337
v -0.180714 1.565832 -0.120467
v -0.129899 0.888456 -0.152100
v -0.129030 0.903456 -0.158605
v -0.128656 0.918456 -0.159280
v -0.129022 0.925964 -0.160799
v -0.128854 0.933313 -0.161881
v -0.129925 0.948009 -0.163876
v -0.130585 0.962759 -0.165126
v -0.130762 0.977460 -0.165379
v -0.130221 0.992020 -0.163785
v -0.130621 1.006564 -0.163288
v -0.131251 1.021073 -0.162940
v -0.132122 1.035568 -0.162908
v -0.133091 1.050075 -0.163167
v -0.134010 1.064611 -0.163600
v -0.134818 1.079182 -0.164108
v -0.135524 1.093783 -0.164636
v -0.136202 1.108400 -0.165214
v -0.136904 1.123017 -0.165864
v -0.137621 1.137621 -0.166508
v -0.138334 1.152197 -0.167058
v -0.139042 1.166732 -0.167451
v -0.139767 1.181212 -0.167635
v -0.140582 1.195639 -0.167574
v -0.141575 1.210016 -0.167374
v -0.142757 1.224345 -0.167199
v -0.144147 1.238599 -0.167224
v -0.145841 1.252693 -0.167797
v -0.147750 1.266541 -0.169082
v -0.149528 1.280256 -0.170482
v -0.151085 1.294137 -0.171270
v -0.152899 1.308204 -0.171972
v -0.155172 1.322281 -0.173221
v -0.157736 1.336322 -0.175020
v -0.160398 1.350406 -0.176866
v -0.163275 1.364638 -0.178607
v -0.166368 1.379146 -0.180407
v -0.169333 1.394081 -0.182054
v -0.172030 1.409553 -0.183347
v -0.174396 1.425655 -0.183847
v -0.176178 1.442395 -0.183101
v -0.177237 1.459618 -0.180996
v -0.177638 1.477149 -0.177641
v -0.177438 1.494882 -0.173076
v -0.176552 1.512479 -0.166881
v -0.174879 1.529176 -0.158326
v -0.172357 1.544095 -0.147331
v -0.168897 1.556442 -0.134198
v -0.164405 1.565566 -0.119094
v -0.118904 0.888456 -0.161195
v -0.117227 0.903456 -0.167145
v -0.117862 0.918456 -0.169090
v -0.118745 0.926068 -0.171364
v -0.118708 0.933574 -0.172479
v -0.119101 0.948407 -0.173778
v -0.117877 0.963133 -0.172387
v -0.117609 0.977869 -0.171819
v -0.118656 0.992525 -0.172257
v -0.118943 1.007101 -0.171474
v -0.119430 1.021644 -0.170853
v -0.120105 1.036179 -0.170507
v -0.120856 1.050726 -0.170390
v -0.121574 1.065297 -0.170402
v -0.122207 1.079897 -0.170461
v -0.122780 1.094522 -0.170564
v -0.123353 1.109162 -0.170752
v -0.123953 1.123801 -0.171002
v -0.124578 1.138422 -0.171268
v -0.125231 1.153013 -0.171535
v -0.125925 1.167561 -0.171804
v -0.126691 1.182062 -0.172011
v -0.127579 1.196521 -0.172089
v -0.128616 1.210937 -0.172113
v -0.129786 1.225309 -0.172172
v -0.131124 1.239616 -0.172415
v -0.132690 1.253786 -0.173175
v -0.134414 1.267760 -0.174552
v -0.136074 1.281658 -0.176008
v -0.137670 1.295732 -0.176980
v -0.139451 1.309973 -0.177885
v -0.141471 1.324278 -0.179128
v -0.143633 1.338642 -0.180647
v -0.145945 1.353107 -0.182174
v -0.148473 1.367750 -0.183689
v -0.151186 1.382630 -0.185306
v -0.153872 1.397875 -0.186951
v -0.156370 1.413615 -0.188307
v -0.158510 1.429913 -0.188731
v -0.160035 1.446728 -0.187534
v -0.160841 1.463807 -0.184434
v -0.161007 1.480937 -0.179679
v -0.160647 1.498070 -0.173712
v -0.159750 1.514920 -0.166410
v -0.158251 1.530909 -0.157340
v -0.156055 1.545486 -0.146515
v -0.153266 1.558291 -0.134683
v -0.149094 1.567161 -0.119059
v -0.107122 0.888456 -0.169183
v -0.105100 0.903456 -0.175189
v -0.105767 0.918456 -0.177197
v -0.106447 0.926281 -0.179425
v -0.106810 0.933971 -0.181033
v -0.107222 0.948834 -0.182360
v -0.107448 0.963697 -0.182687
v -0.107670 0.978488 -0.182615
v -0.106611 0.993109 -0.179796
v -0.106599 1.007710 -0.178351
v -0.106976 1.022292 -0.177525
v -0.107553 1.036870 -0.177049
v -0.108210 1.051457 -0.176781
v -0.108837 1.066062 -0.176589
v -0.109393 1.080688 -0.176413
v -0.109910 1.095336 -0.176274
v -0.110425 1.109996 -0.176175
v -0.110951 1.124651 -0.176084
v -0.111504 1.139285 -0.176009
v -0.112097 1.153889 -0.175985
v -0.112746 1.168455 -0.176024
v -0.113483 1.182986 -0.176083
v -0.114340 1.197482 -0.176155
v -0.115321 1.211945 -0.176269
v -0.116421 1.226369 -0.176451
v -0.117674 1.240737 -0.176854
v -0.119105 1.255000 -0.177669
v -0.120654 1.269135 -0.178893
v -0.122225 1.283263 -0.180184
v -0.123840 1.297545 -0.181265
v -0.125569 1.311956 -0.182415
v -0.127406 1.326453 -0.183757
v -0.129340 1.341059 -0.185192
v -0.131404 1.355822 -0.186590
v -0.133665 1.370755 -0.188029
v -0.136106 1.385878 -0.189694
v -0.138566 1.401310 -0.191526
v -0.140859 1.417204 -0.193039
v -0.142902 1.433629 -0.194056
v -0.144098 1.450606 -0.192112
v -0.144408 1.467342 -0.187343
v -0.144309 1.483997 -0.181273
v -0.143880 1.500590 -0.174354
v -0.143099 1.516952 -0.166557
v -0.141871 1.532742 -0.157615
v -0.140104 1.547656 -0.147389
v -0.137965 1.561968 -0.135773
v -0.134156 1.570055 -0.120497
v -0.094373 0.888456 -0.175181
v -0.091389 0.903456 -0.179803
v -0.092068 0.918456 -0.182011
v -0.092599 0.926630 -0.184159
v -0.092937 0.934648 -0.185648
v -0.093278 0.949487 -0.186852
v -0.093607 0.964305 -0.187566
v -0.093914 0.979073 -0.187822
v -0.093327 0.993732 -0.184509
v -0.093487 1.008374 -0.183115
v -0.093935 1.022992 -0.182535
v -0.094566 1.037606 -0.182270
v -0.095263 1.052225 -0.182155
v -0.095932 1.066856 -0.182081
v -0.096547 1.081506 -0.182010
v -0.097119 1.096173 -0.181928
v -0.097666 1.110847 -0.181815
v -0.098213 1.125511 -0.181670
v -0.098776 1.140155 -0.181517
v -0.099360 1.154770 -0.181387
v -0.099974 1.169356 -0.181287
v -0.100647 1.183916 -0.181226
v -0.101406 1.198452 -0.181217
v -0.102257 1.212965 -0.181249
v -0.103211 1.227448 -0.181356
v -0.104297 1.241893 -0.181620
v -0.105514 1.256273 -0.182106
v -0.106847 1.270600 -0.182845
v -0.108272 1.284963 -0.183757
v -0.109767 1.299429 -0.184813
v -0.111341 1.313988 -0.186054
v -0.113004 1.328644 -0.187414
v -0.114756 1.343441 -0.188770
v -0.116633 1.358400 -0.190102
v -0.118703 1.373494 -0.191598
v -0.120936 1.388750 -0.193461
v -0.123183 1.404296 -0.195500
v -0.125248 1.420347 -0.197126
v -0.127089 1.437246 -0.198370
v -0.127846 1.454025 -0.195626
v -0.127820 1.470089 -0.189249
v -0.127607 1.486372 -0.182510
v -0.127197 1.502639 -0.175284
v -0.126529 1.518827 -0.167569
v -0.125528 1.534763 -0.159182
v -0.124221 1.550557 -0.150244
v -0.121858 1.564042 -0.138091
v -0.118648 1.573350 -0.123468
v -0.080757 0.888456 -0.178908
v -0.077154 0.903456 -0.182076
v -0.077652 0.918456 -0.183182
v -0.078032 0.927107 -0.184633
v -0.078343 0.935536 -0.185764
v -0.078629 0.950278 -0.186991
v -0.078921 0.964991 -0.188118
v -0.079231 0.979679 -0.189062
v -0.079450 0.994431 -0.185996
v -0.079833 1.009086 -0.185542
v -0.080416 1.023731 -0.185519
v -0.081131 1.038372 -0.185598
v -0.081894 1.053015 -0.185760
v -0.082644 1.067668 -0.185959
v -0.083353 1.082336 -0.186153
v -0.084021 1.097016 -0.186313
v -0.084665 1.111699 -0.186422
v -0.085307 1.126370 -0.186485
v -0.085948 1.141020 -0.186514
v -0.086584 1.155646 -0.186518
v -0.087216 1.170250 -0.186503
v -0.087861 1.184838 -0.186484
v -0.088537 1.199412 -0.186458
v -0.089261 1.213971 -0.186424
v -0.090061 1.228514 -0.186404
v -0.090954 1.243035 -0.186419
v -0.091955 1.257530 -0.186535
v -0.093073 1.272022 -0.186861
v -0.094275 1.286560 -0.187446
v -0.095539 1.301178 -0.188267
v -0.096893 1.315880 -0.189268
v -0.098358 1.330686 -0.190370
v -0.099936 1.345623 -0.191530
v -0.101664 1.360684 -0.192829
v -0.103569 1.375853 -0.194474
v -0.105595 1.391180 -0.196538
v -0.107591 1.406806 -0.198652
v -0.109370 1.422944 -0.200169
v -0.110776 1.439818 -0.201187
v -0.111171 1.456040 -0.196629
v -0.111130 1.472053 -0.190379
v -0.110923 1.488134 -0.183708
v -0.110533 1.504224 -0.176628
v -0.109903 1.520324 -0.169201
v -0.108972 1.536209 -0.161144
v -0.107548 1.551384 -0.151909
v -0.105687 1.566558 -0.141862
v -0.101826 1.578503 -0.127185
v -0.066869 0.888456 -0.181138
v -0.062857 0.903456 -0.180569
v -0.063382 0.918456 -0.180917
v -0.063837 0.927608 -0.181485
v -0.064208 0.936508 -0.182177
v -0.064550 0.951224 -0.182979
v -0.064851 0.965906 -0.183899
v -0.065091 0.980555 -0.184985
v -0.065396 0.995174 -0.185634
v -0.065984 1.009823 -0.186532
v -0.066659 1.024488 -0.186949
v -0.067401 1.039153 -0.187268
v -0.068182 1.053818 -0.187621
v -0.068959 1.068491 -0.187999
v -0.069711 1.083176 -0.188374
v -0.070435 1.097868 -0.188725
v -0.071145 1.112558 -0.189041
v -0.071850 1.127234 -0.189320
v -0.072545 1.141891 -0.189561
v -0.073219 1.156528 -0.189761
v -0.073868 1.171148 -0.189921
v -0.074497 1.185759 -0.190039
v -0.075124 1.200364 -0.190111
v -0.075775 1.214962 -0.190141
v -0.076478 1.229552 -0.190135
v -0.077254 1.244135 -0.190110
v -0.078114 1.258720 -0.190142
v -0.079051 1.273329 -0.190321
v -0.080037 1.287994 -0.190675
v -0.081088 1.302736 -0.191185
v -0.082246 1.317561 -0.191834
v -0.083536 1.332479 -0.192632
v -0.084966 1.347492 -0.193634
v -0.086551 1.362593 -0.194963
v -0.088275 1.377794 -0.196748
v -0.090059 1.393157 -0.198882
v -0.091757 1.408820 -0.200828
v -0.093176 1.424890 -0.201769
v -0.094074 1.441165 -0.200516
v -0.094422 1.457359 -0.196772
v -0.094436 1.473384 -0.191410
v -0.094236 1.489287 -0.185082
v -0.093827 1.505172 -0.178225
v -0.093166 1.521030 -0.170994
v -0.092151 1.536553 -0.163109
v -0.090436 1.551578 -0.154609
v -0.087402 1.566269 -0.145443
v -0.082852 1.576323 -0.134761
v -0.053268 0.888456 -0.184365
v -0.048874 0.903456 -0.183934
v -0.049118 0.918456 -0.183328
v -0.049356 0.927925 -0.182892
v -0.049610 0.937135 -0.182615
v -0.049898 0.951861 -0.182467
v -0.050217 0.966572 -0.182464
v -0.050567 0.981278 -0.182628
v -0.051619 0.995864 -0.186922
v -0.052423 1.010532 -0.188250
v -0.053080 1.025217 -0.188674
v -0.053768 1.039903 -0.188966
v -0.054494 1.054590 -0.189271
v -0.055226 1.069285 -0.189595
v -0.055944 1.083987 -0.189929
v -0.056647 1.098692 -0.190261
v -0.057341 1.113392 -0.190585
v -0.058029 1.128077 -0.190894
v -0.058702 1.142744 -0.191183
v -0.059351 1.157393 -0.191446
v -0.059968 1.172030 -0.191681
v -0.060561 1.186661 -0.191885
v -0.061145 1.201290 -0.192056
v -0.061750 1.215918 -0.192196
v -0.062398 1.230544 -0.192303
v -0.063104 1.245176 -0.192396
v -0.063866 1.259827 -0.192516
v -0.064669 1.274518 -0.192699
v -0.065510 1.289271 -0.192951
v -0.066423 1.304097 -0.193277
v -0.067447 1.318998 -0.193713
v -0.068602 1.333969 -0.194337
v -0.069896 1.349005 -0.195268
v -0.071320 1.364109 -0.196632
v -0.072835 1.379307 -0.198465
v -0.074353 1.394673 -0.200501
v -0.075737 1.410309 -0.202103
v -0.076823 1.426228 -0.202452
v -0.077484 1.442285 -0.200937
v -0.077745 1.458278 -0.197516
v -0.077725 1.474110 -0.192595
v -0.077503 1.489738 -0.186492
v -0.077066 1.505251 -0.179707
v -0.076330 1.520629 -0.172522
v -0.075039 1.535556 -0.164778
v -0.072685 1.549665 -0.156359
v -0.068984 1.562340 -0.147429
v -0.040580 0.888456 -0.190374
v -0.036590 0.903456 -0.191416
v -0.036724 0.918456 -0.190793
v -0.036796 0.928236 -0.190230
v -0.036859 0.937724 -0.189739
v -0.036925 0.952424 -0.189298
v -0.037014 0.967120 -0.188927
v -0.037149 0.981820 -0.188645
v -0.038954 0.996478 -0.191915
v -0.039580 1.011167 -0.192469
v -0.040077 1.025865 -0.192502
v -0.040641 1.040567 -0.192521
v -0.041249 1.055275 -0.192572
v -0.041870 1.069990 -0.192656
v -0.042487 1.084711 -0.192768
v -0.043095 1.099431 -0.192901
v -0.043697 1.114144 -0.193046
v -0.044291 1.128842 -0.193196
v -0.044872 1.143523 -0.193347
v -0.045431 1.158189 -0.193497
v -0.045965 1.172845 -0.193646
v -0.046481 1.187496 -0.193791
v -0.046998 1.202147 -0.193929
v -0.047536 1.216798 -0.194058
v -0.048114 1.231454 -0.194175
v -0.048738 1.246123 -0.194290
v -0.049401 1.260821 -0.194413
v -0.050096 1.275565 -0.194551
v -0.050836 1.290367 -0.194703
v -0.051650 1.305233 -0.194885
v -0.052564 1.320158 -0.195163
v -0.053595 1.335133 -0.195660
v -0.054742 1.350154 -0.196524
v -0.055986 1.365230 -0.197868
v -0.057275 1.380392 -0.199636
v -0.058525 1.395710 -0.201470
v -0.059624 1.411247 -0.202770
v -0.060437 1.426994 -0.202888
v -0.060909 1.442833 -0.201461
v -0.061027 1.458602 -0.198432
v -0.061009 1.474392 -0.194095
v -0.060762 1.489339 -0.187461
v -0.060258 1.504359 -0.180733
v -0.059376 1.519120 -0.173565
v -0.057676 1.533327 -0.165860
v -0.054757 1.546565 -0.157620
v -0.050481 1.558467 -0.149495
v -0.029004 0.888456 -0.198451
v -0.026010 0.903456 -0.201176
v -0.026259 0.918456 -0.200790
v -0.026491 0.928533 -0.200502
v -0.026577 0.938301 -0.200117
v -0.026687 0.952988 -0.199792
v -0.026773 0.967672 -0.199462
v -0.026874 0.982357 -0.199148
v -0.027226 0.997025 -0.199346
v -0.027347 1.011711 -0.198699
v -0.027667 1.026414 -0.198248
v -0.028094 1.041127 -0.197954
v -0.028564 1.055850 -0.197730
v -0.029047 1.070581 -0.197555
v -0.029525 1.085317 -0.197420
v -0.029995 1.100051 -0.197313
v -0.030455 1.114777 -0.197222
v -0.030908 1.129490 -0.197143
v -0.031347 1.144188 -0.197077
v -0.031770 1.158872 -0.197022
v -0.032176 1.173547 -0.196974
v -0.032573 1.188217 -0.196927
v -0.032976 1.202886 -0.196874
v -0.033402 1.217557 -0.196809
v -0.033865 1.232236 -0.196730
v -0.034368 1.246932 -0.196638
v -0.034908 1.261658 -0.196538
v -0.035490 1.276426 -0.196432
v -0.036125 1.291245 -0.196326
v -0.036833 1.306114 -0.196252
v -0.037631 1.321026 -0.196308
v -0.038526 1.335971 -0.196642
v -0.039511 1.350949 -0.197405
v -0.040558 1.365968 -0.198664
v -0.041613 1.381058 -0.200285
v -0.042602 1.396274 -0.201890
v -0.043423 1.411660 -0.202950
v -0.043986 1.427182 -0.202900
v -0.044246 1.442726 -0.201326
v -0.044316 1.458160 -0.198195
v -0.045207 1.473528 -0.193831
v -0.044237 1.488198 -0.187818
v -0.043325 1.502744 -0.181269
v -0.042206 1.516962 -0.174162
v -0.040137 1.530600 -0.166505
v -0.036746 1.543290 -0.158513
v -0.032033 1.554466 -0.150766
v -0.017607 0.888456 -0.206563
v -0.015036 0.903456 -0.210512
v -0.015319 0.918456 -0.210283
v -0.015557 0.928777 -0.210119
v -0.015734 0.938784 -0.209919
v -0.015896 0.953474 -0.209721
v -0.016029 0.968166 -0.209483
v -0.016135 0.982865 -0.209173
v -0.015064 0.997482 -0.206053
v -0.015061 1.012151 -0.204425
v -0.015334 1.026854 -0.203672
v -0.015670 1.041574 -0.203196
v -0.016031 1.056307 -0.202811
v -0.016392 1.071049 -0.202477
v -0.016738 1.085797 -0.202178
v -0.017068 1.100543 -0.201896
v -0.017383 1.115281 -0.201622
v -0.017686 1.130007 -0.201356
v -0.017975 1.144720 -0.201098
v -0.018249 1.159420 -0.200844
v -0.018510 1.174111 -0.200583
v -0.018766 1.188795 -0.200304
v -0.019029 1.203477 -0.199995
v -0.019316 1.218161 -0.199651
v -0.019638 1.232853 -0.199271
v -0.020000 1.247562 -0.198857
v -0.020409 1.262298 -0.198422
v -0.020869 1.277069 -0.197982
v -0.021388 1.291880 -0.197556
v -0.021979 1.306728 -0.197199
v -0.022648 1.321602 -0.197035
v -0.023394 1.336498 -0.197224
v -0.024203 1.351412 -0.197889
v -0.025042 1.366350 -0.199035
v -0.025860 1.381337 -0.200478
v -0.026588 1.396416 -0.201843
v -0.027149 1.411606 -0.202645
v -0.027483 1.426874 -0.202389
v -0.027591 1.442127 -0.200759
v -0.027572 1.457238 -0.197726
v -0.027365 1.472109 -0.193377
v -0.026915 1.486674 -0.187887
v -0.026156 1.500938 -0.181561
v -0.024773 1.514841 -0.174562
v -0.022363 1.528212 -0.166985
v -0.018585 1.540714 -0.159104
v -0.013608 1.551993 -0.151369
v -0.005093 0.888456 -0.211606
v -0.001455 0.903456 -0.215362
v -0.001683 0.918456 -0.215191
v -0.001846 0.928963 -0.215047
v -0.001968 0.939155 -0.214843
v -0.002071 0.953844 -0.214616
v -0.002160 0.968537 -0.214332
v -0.002249 0.983236 -0.213973
v -0.002087 0.997784 -0.208659
v -0.002435 1.012445 -0.206785
v -0.002724 1.027151 -0.206042
v -0.003002 1.041878 -0.205558
v -0.003280 1.056620 -0.205149
v -0.003539 1.071373 -0.204780
v -0.003772 1.086131 -0.204428
v -0.003979 1.100887 -0.204077
v -0.004166 1.115635 -0.203721
v -0.004336 1.130370 -0.203363
v -0.004490 1.145093 -0.203004
v -0.004627 1.159803 -0.202635
v -0.004752 1.174503 -0.202243
v -0.004873 1.189194 -0.201815
v -0.005004 1.203881 -0.201343
v -0.005160 1.218569 -0.200825
v -0.005352 1.233265 -0.200265
v -0.005588 1.247976 -0.199671
v -0.005877 1.262709 -0.199064
v -0.006220 1.277470 -0.198465
v -0.006622 1.292260 -0.197896
v -0.007087 1.307072 -0.197427
v -0.007615 1.321899 -0.197195
v -0.008199 1.336735 -0.197350
v -0.008821 1.351574 -0.197979
v -0.009446 1.366418 -0.199044
v -0.010026 1.381289 -0.200341
v -0.010502 1.396216 -0.201517
v -0.010822 1.411214 -0.202138
v -0.010959 1.426259 -0.201797
v -0.010920 1.441275 -0.200243
v -0.010717 1.456174 -0.197395
v -0.010342 1.470872 -0.193282
v -0.009728 1.485316 -0.188055
v -0.008720 1.499489 -0.181913
v -0.007042 1.513344 -0.174977
v -0.004297 1.526755 -0.167388
v -0.000197 1.539494 -0.159464
v 0.005136 1.551305 -0.151640
v 0.008096 0.888456 -0.210888
v 0.012527 0.903456 -0.211797
v 0.012368 0.918456 -0.211613
v 0.012269 0.929050 -0.211417
v 0.012187 0.939311 -0.211169
v 0.012123 0.953980 -0.210912
v 0.012060 0.968654 -0.210626
v 0.011982 0.983336 -0.210295
v 0.010486 0.997889 -0.205687
v 0.010048 1.012564 -0.204458
v 0.009838 1.027279 -0.203991
v 0.009643 1.042015 -0.203645
v 0.009462 1.056767 -0.203335
v 0.009313 1.071531 -0.203041
v 0.009198 1.086299 -0.202745
v 0.009114 1.101062 -0.202435
v 0.009053 1.115815 -0.202113
v 0.009012 1.130555 -0.201786
v 0.008991 1.145280 -0.201453
v 0.008988 1.159993 -0.201107
v 0.008997 1.174693 -0.200740
v 0.009009 1.189383 -0.200344
v 0.009008 1.204069 -0.199918
v 0.008981 1.218755 -0.199467
v 0.008915 1.233447 -0.198999
v 0.008802 1.248152 -0.198522
v 0.008637 1.262875 -0.198053
v 0.008419 1.277620 -0.197602
v 0.008150 1.292384 -0.197187
v 0.007829 1.307158 -0.196873
v 0.007460 1.321937 -0.196785
v 0.007053 1.336711 -0.197049
v 0.006630 1.351472 -0.197732
v 0.006225 1.366223 -0.198796
v 0.005885 1.380985 -0.200061
v 0.005652 1.395781 -0.201207
v 0.005559 1.410633 -0.201846
v 0.005622 1.425535 -0.201612
v 0.005851 1.440444 -0.200238
v 0.006251 1.455284 -0.197585
v 0.006834 1.469976 -0.193652
v 0.007682 1.484474 -0.188556
v 0.008970 1.498746 -0.182432
v 0.010969 1.512765 -0.175401
v 0.014023 1.526501 -0.167673
v 0.018386 1.539838 -0.159622
v 0.024029 1.552511 -0.151655
v 0.020320 0.888456 -0.204766
v 0.023744 0.903456 -0.202712
v 0.023415 0.918456 -0.202214
v 0.023222 0.929029 -0.201796
v 0.022992 0.939244 -0.201308
v 0.022862 0.953890 -0.200918
v 0.022775 0.968542 -0.200571
v 0.022743 0.983202 -0.200286
v 0.022071 0.997838 -0.198718
v 0.022084 1.012535 -0.198620
v 0.022042 1.027259 -0.198556
v 0.021971 1.042006 -0.198434
v 0.021919 1.056770 -0.198304
v 0.021906 1.071543 -0.198166
v 0.021932 1.086316 -0.198013
v 0.021992 1.101081 -0.197844
v 0.022078 1.115833 -0.197668
v 0.022186 1.130569 -0.197491
v 0.022315 1.145291 -0.197313
v 0.022462 1.159998 -0.197130
v 0.022622 1.174692 -0.196943
v 0.022782 1.189376 -0.196753
v 0.022927 1.204055 -0.196566
v 0.023041 1.218734 -0.196390
v 0.023115 1.233418 -0.196230
v 0.023141 1.248111 -0.196089
v 0.023116 1.262820 -0.195971
v 0.023044 1.277545 -0.195874
v 0.022928 1.292281 -0.195806
v 0.022771 1.307019 -0.195814
v 0.022578 1.321750 -0.195987
v 0.022360 1.336463 -0.196430
v 0.022145 1.351153 -0.197231
v 0.021970 1.365824 -0.198392
v 0.021873 1.380497 -0.199771
v 0.021882 1.395203 -0.201072
v 0.022020 1.409981 -0.201927
v 0.022311 1.424856 -0.201949
v 0.022772 1.439806 -0.200815
v 0.023392 1.454745 -0.198314
v 0.024186 1.469581 -0.194412
v 0.025279 1.484257 -0.189234
v 0.026868 1.498745 -0.182911
v 0.029170 1.513096 -0.175644
v 0.032456 1.527430 -0.167727
v 0.037004 1.541662 -0.159483
v 0.042910 1.555502 -0.151041
v 0.031541 0.888456 -0.196273
v 0.033926 0.903456 -0.192481
v 0.033526 0.918456 -0.191813
v 0.033199 0.928934 -0.191166
v 0.032952 0.939048 -0.190594
v 0.032778 0.953692 -0.190106
v 0.032683 0.968348 -0.189717
v 0.032664 0.983020 -0.189447
v 0.033894 0.997709 -0.191336
v 0.034238 1.012414 -0.192239
v 0.034320 1.027146 -0.192499
v 0.034372 1.041901 -0.192594
v 0.034454 1.056671 -0.192659
v 0.034584 1.071446 -0.192711
v 0.034760 1.086217 -0.192755
v 0.034975 1.100976 -0.192796
v 0.035216 1.115718 -0.192842
v 0.035478 1.130443 -0.192892
v 0.035758 1.145154 -0.192948
v 0.036056 1.159850 -0.193011
v 0.036364 1.174534 -0.193085
v 0.036668 1.189209 -0.193175
v 0.036948 1.203878 -0.193285
v 0.037191 1.218547 -0.193420
v 0.037389 1.233219 -0.193578
v 0.037540 1.247896 -0.193758
v 0.037645 1.262586 -0.193956
v 0.037711 1.277288 -0.194163
v 0.037748 1.291994 -0.194383
v 0.037758 1.306694 -0.194639
v 0.037742 1.321378 -0.194997
v 0.037719 1.336037 -0.195582
v 0.037722 1.350665 -0.196524
v 0.037786 1.365270 -0.197857
v 0.037939 1.379879 -0.199450
v 0.038195 1.394544 -0.201018
v 0.038582 1.409332 -0.202184
v 0.039138 1.424292 -0.202530
v 0.039854 1.439405 -0.201630
v 0.040681 1.454545 -0.199135
v 0.041678 1.469610 -0.195122
v 0.044619 1.484634 -0.189691
v 0.044902 1.499284 -0.182965
v 0.047403 1.514150 -0.175454
v 0.050804 1.529305 -0.167399
v 0.055547 1.544552 -0.158824
v 0.062083 1.559948 -0.149348
v 0.043320 0.888456 -0.188620
v 0.046095 0.903456 -0.184730
v 0.045765 0.918456 -0.184038
v 0.045560 0.928863 -0.183441
v 0.045569 0.938900 -0.183194
v 0.045622 0.953540 -0.183018
v 0.045716 0.968196 -0.182936
v 0.045855 0.982872 -0.182985
v 0.046902 0.997526 -0.186981
v 0.047153 1.012231 -0.188069
v 0.047280 1.026969 -0.188373
v 0.047417 1.041726 -0.188575
v 0.047605 1.056493 -0.188778
v 0.047853 1.071261 -0.188998
v 0.048155 1.086019 -0.189238
v 0.048495 1.100760 -0.189495
v 0.048858 1.115485 -0.189762
v 0.049237 1.130193 -0.190035
v 0.049632 1.144887 -0.190316
v 0.050041 1.159569 -0.190605
v 0.050457 1.174241 -0.190900
v 0.050858 1.188905 -0.191198
v 0.051227 1.203565 -0.191496
v 0.051550 1.218223 -0.191789
v 0.051829 1.232880 -0.192076
v 0.052065 1.247540 -0.192355
v 0.052262 1.262209 -0.192622
v 0.052440 1.276885 -0.192880
v 0.052614 1.291557 -0.193135
v 0.052780 1.306217 -0.193416
v 0.052940 1.320854 -0.193816
v 0.053119 1.335461 -0.194495
v 0.053353 1.350034 -0.195595
v 0.053668 1.364586 -0.197132
v 0.054074 1.379161 -0.198955
v 0.054589 1.393839 -0.200775
v 0.055252 1.408694 -0.202266
v 0.056141 1.423822 -0.203304
v 0.057140 1.439207 -0.202574
v 0.058068 1.454506 -0.199433
v 0.059263 1.470047 -0.195951
v 0.060911 1.484966 -0.189350
v 0.062918 1.500129 -0.182298
v 0.065465 1.515648 -0.174649
v 0.068914 1.531572 -0.166526
v 0.073818 1.547707 -0.157505
v 0.080960 1.565118 -0.147035
v 0.056477 0.888456 -0.183804
v 0.060299 0.903456 -0.182282
v 0.060210 0.918456 -0.182964
v 0.060075 0.928803 -0.184626
v 0.060170 0.938719 -0.183864
v 0.060265 0.953326 -0.183698
v 0.060374 0.967956 -0.183740
v 0.060499 0.982612 -0.183932
v 0.060647 0.997278 -0.186415
v 0.060792 1.011999 -0.186600
v 0.060923 1.026738 -0.186665
v 0.061105 1.041490 -0.186816
v 0.061359 1.056246 -0.187051
v 0.061684 1.070995 -0.187362
v 0.062065 1.085729 -0.187730
v 0.062479 1.100447 -0.188125
v 0.062908 1.115148 -0.188527
v 0.063345 1.129834 -0.188928
v 0.063796 1.144511 -0.189327
v 0.064261 1.159179 -0.189716
v 0.064728 1.173840 -0.190079
v 0.065176 1.188496 -0.190403
v 0.065585 1.203149 -0.190678
v 0.065951 1.217797 -0.190906
v 0.066280 1.232439 -0.191092
v 0.066575 1.247080 -0.191239
v 0.066849 1.261724 -0.191355
v 0.067135 1.276367 -0.191469
v 0.067450 1.290998 -0.191611
v 0.067784 1.305608 -0.191837
v 0.068139 1.320190 -0.192277
v 0.068544 1.334739 -0.193098
v 0.069031 1.349255 -0.194397
v 0.069608 1.363768 -0.196131
v 0.070273 1.378343 -0.198119
v 0.071051 1.393070 -0.200066
v 0.071985 1.408039 -0.201618
v 0.073070 1.423300 -0.202292
v 0.074253 1.438810 -0.201521
v 0.075553 1.454440 -0.198995
v 0.077048 1.469982 -0.194454
v 0.078757 1.485401 -0.188134
v 0.080760 1.501003 -0.180865
v 0.083273 1.517080 -0.173190
v 0.086638 1.533501 -0.165034
v 0.091059 1.549804 -0.155998
v 0.096097 1.564818 -0.147196
v 0.092989 1.575084 -0.134432
v 0.070386 0.888456 -0.181253
v 0.074690 0.903456 -0.182797
v 0.074611 0.918456 -0.184327
v 0.074563 0.928652 -0.185919
v 0.074453 0.938397 -0.186859
v 0.074363 0.952977 -0.187636
v 0.074332 0.967599 -0.188219
v 0.074396 0.982269 -0.188588
v 0.074654 0.997012 -0.186576
v 0.074684 1.011746 -0.185786
v 0.074787 1.026483 -0.185556
v 0.074989 1.041221 -0.185576
v 0.075282 1.055955 -0.185772
v 0.075649 1.070678 -0.186098
v 0.076064 1.085384 -0.186497
v 0.076499 1.100074 -0.186914
v 0.076932 1.114748 -0.187316
v 0.077365 1.129412 -0.187698
v 0.077812 1.144070 -0.188054
v 0.078275 1.158724 -0.188367
v 0.078743 1.173377 -0.188617
v 0.079201 1.188026 -0.188800
v 0.079636 1.202672 -0.188920
v 0.080049 1.217309 -0.188999
v 0.080447 1.231934 -0.189045
v 0.080831 1.246548 -0.189062
v 0.081221 1.261155 -0.189076
v 0.081661 1.275752 -0.189135
v 0.082165 1.290326 -0.189291
v 0.082712 1.304867 -0.189623
v 0.083303 1.319372 -0.190270
v 0.083980 1.333842 -0.191356
v 0.084754 1.348294 -0.192894
v 0.085603 1.362784 -0.194773
v 0.086510 1.377393 -0.196799
v 0.087515 1.392200 -0.198752
v 0.088682 1.407278 -0.200370
v 0.090029 1.422690 -0.201257
v 0.091509 1.438452 -0.200849
v 0.093105 1.454331 -0.198174
v 0.094744 1.470060 -0.193030
v 0.096433 1.485693 -0.186277
v 0.098380 1.501621 -0.178825
v 0.100811 1.518086 -0.171159
v 0.103818 1.534785 -0.162971
v 0.107190 1.551275 -0.154340
v 0.109724 1.565571 -0.141496
v 0.112268 1.576803 -0.123633
v 0.084201 0.888456 -0.178311
v 0.088761 0.903456 -0.179882
v 0.088795 0.918456 -0.181643
v 0.088873 0.928589 -0.183425
v 0.088881 0.938210 -0.184827
v 0.088883 0.952747 -0.185988
v 0.088893 0.967346 -0.186815
v 0.088961 0.982019 -0.187238
v 0.088420 0.996773 -0.184213
v 0.088228 1.011502 -0.183142
v 0.088322 1.026226 -0.182796
v 0.088554 1.040945 -0.182753
v 0.088873 1.055654 -0.182917
v 0.089247 1.070348 -0.183205
v 0.089648 1.085025 -0.183541
v 0.090047 1.099684 -0.183866
v 0.090425 1.114329 -0.184149
v 0.090799 1.128965 -0.184395
v 0.091188 1.143600 -0.184597
v 0.091606 1.158235 -0.184744
v 0.092059 1.172874 -0.184844
v 0.092545 1.187512 -0.184923
v 0.093057 1.202145 -0.185005
v 0.093594 1.216762 -0.185113
v 0.094151 1.231359 -0.185239
v 0.094714 1.245935 -0.185367
v 0.095304 1.260494 -0.185517
v 0.095967 1.275030 -0.185746
v 0.096715 1.289528 -0.186141
v 0.097527 1.303972 -0.186802
v 0.098414 1.318366 -0.187818
v 0.099417 1.332726 -0.189218
v 0.100502 1.347113 -0.190956
v 0.101596 1.361620 -0.192877
v 0.102686 1.376309 -0.194829
v 0.103867 1.391214 -0.196753
v 0.105277 1.406401 -0.198525
v 0.107002 1.421909 -0.200258
v 0.108731 1.438305 -0.201461
v 0.110695 1.454296 -0.197325
v 0.112285 1.469964 -0.191134
v 0.113901 1.485679 -0.183928
v 0.115780 1.501842 -0.176440
v 0.118031 1.518537 -0.168778
v 0.120583 1.535304 -0.160243
v 0.123279 1.551483 -0.149787
v 0.125790 1.565567 -0.134078
v 0.129320 1.575453 -0.113627
v 0.097322 0.888456 -0.173175
v 0.101573 0.903456 -0.173444
v 0.101676 0.918456 -0.175198
v 0.101900 0.928616 -0.177072
v 0.102069 0.938176 -0.178696
v 0.102219 0.952634 -0.180090
v 0.102282 0.967179 -0.181029
v 0.102305 0.981830 -0.181357
v 0.101041 0.996554 -0.178504
v 0.100932 1.011265 -0.177747
v 0.101120 1.025972 -0.177518
v 0.101411 1.040671 -0.177520
v 0.101748 1.055355 -0.177668
v 0.102107 1.070019 -0.177892
v 0.102473 1.084661 -0.178142
v 0.102823 1.099281 -0.178375
v 0.103153 1.113885 -0.178584
v 0.103484 1.128484 -0.178770
v 0.103842 1.143085 -0.178931
v 0.104264 1.157691 -0.179085
v 0.104779 1.172304 -0.179267
v 0.105388 1.186920 -0.179505
v 0.106079 1.201529 -0.179818
v 0.106829 1.216119 -0.180192
v 0.107609 1.230683 -0.180569
v 0.108387 1.245221 -0.180902
v 0.109179 1.259731 -0.181222
v 0.110062 1.274197 -0.181679
v 0.111077 1.288591 -0.182427
v 0.112188 1.302905 -0.183485
v 0.113403 1.317158 -0.184797
v 0.114762 1.331401 -0.186394
v 0.116119 1.345771 -0.188222
v 0.117392 1.360348 -0.190099
v 0.118624 1.375120 -0.191967
v 0.119991 1.390084 -0.193885
v 0.121693 1.405330 -0.195778
v 0.123795 1.420997 -0.197440
v 0.126250 1.437256 -0.198588
v 0.128124 1.453910 -0.195632
v 0.129597 1.469383 -0.188454
v 0.131171 1.485262 -0.181277
v 0.132936 1.501601 -0.174018
v 0.134938 1.518362 -0.166409
v 0.137112 1.534894 -0.157354
v 0.139587 1.550189 -0.145646
v 0.142447 1.563147 -0.129903
v 0.146702 1.568996 -0.112503
v 0.109250 0.888456 -0.165703
v 0.113118 0.903456 -0.164997
v 0.113062 0.918456 -0.166438
v 0.113586 0.928644 -0.168558
v 0.113809 0.938168 -0.170171
v 0.113968 0.952558 -0.171516
v 0.113290 0.967049 -0.171557
v 0.112741 0.981635 -0.171265
v 0.112612 0.996335 -0.170486
v 0.112756 1.011032 -0.170206
v 0.113089 1.025722 -0.170190
v 0.113465 1.040398 -0.170291
v 0.113860 1.055050 -0.170491
v 0.114270 1.069674 -0.170774
v 0.114687 1.084265 -0.171123
v 0.115102 1.098832 -0.171520
v 0.115509 1.113385 -0.171941
v 0.115917 1.127935 -0.172368
v 0.116372 1.142489 -0.172817
v 0.116922 1.157054 -0.173303
v 0.117590 1.171631 -0.173829
v 0.118364 1.186218 -0.174381
v 0.119218 1.200803 -0.174942
v 0.120112 1.215374 -0.175449
v 0.121001 1.229921 -0.175821
v 0.121847 1.244437 -0.176039
v 0.122726 1.258903 -0.176315
v 0.123795 1.273284 -0.176957
v 0.125072 1.287555 -0.178009
v 0.126460 1.301728 -0.179254
v 0.128005 1.315846 -0.180687
v 0.129674 1.330030 -0.182382
v 0.131218 1.344454 -0.184238
v 0.132698 1.359052 -0.186069
v 0.134139 1.373800 -0.187963
v 0.135753 1.388739 -0.189946
v 0.137816 1.403941 -0.191836
v 0.140215 1.419499 -0.193263
v 0.142556 1.435131 -0.194281
v 0.145137 1.452201 -0.191601
v 0.146796 1.468481 -0.185390
v 0.148173 1.484291 -0.178336
v 0.149825 1.500847 -0.171793
v 0.151587 1.517643 -0.164543
v 0.153520 1.533945 -0.155489
v 0.155802 1.548645 -0.143834
v 0.158897 1.560710 -0.129970
v 0.163344 1.567409 -0.114126
v 0.119764 0.888456 -0.156307
v 0.123334 0.903456 -0.155038
v 0.124056 0.918456 -0.157217
v 0.124546 0.928618 -0.159172
v 0.125048 0.938034 -0.161025
v 0.124890 0.952422 -0.161965
v 0.123935 0.966865 -0.161782
v 0.123832 0.981427 -0.162021
v 0.123517 0.996137 -0.161367
v 0.123801 1.010810 -0.161353
v 0.124303 1.025473 -0.161548
v 0.124858 1.040116 -0.161852
v 0.125440 1.054728 -0.162291
v 0.126039 1.069301 -0.162882
v 0.126643 1.083838 -0.163607
v 0.127230 1.098348 -0.164417
v 0.127785 1.112847 -0.165258
v 0.128330 1.127343 -0.166122
v 0.128923 1.141845 -0.167009
v 0.129591 1.156363 -0.167869
v 0.130333 1.170908 -0.168630
v 0.131142 1.185477 -0.169246
v 0.131992 1.200058 -0.169678
v 0.132849 1.214633 -0.169890
v 0.133678 1.229183 -0.169882
v 0.134484 1.243685 -0.169796
v 0.135440 1.258103 -0.170017
v 0.136718 1.272393 -0.170814
v 0.138245 1.286542 -0.172009
v 0.139919 1.300591 -0.173391
v 0.141772 1.314637 -0.175009
v 0.143654 1.328846 -0.176821
v 0.145478 1.343231 -0.178682
v 0.147266 1.357715 -0.180587
v 0.149008 1.372349 -0.182701
v 0.151075 1.387139 -0.184861
v 0.153580 1.402199 -0.186777
v 0.156235 1.417664 -0.187945
v 0.158830 1.433695 -0.187407
v 0.161028 1.449659 -0.184817
v 0.163218 1.466298 -0.180280
v 0.164964 1.482857 -0.175342
v 0.166564 1.499846 -0.170047
v 0.168329 1.516734 -0.163830
v 0.170030 1.533412 -0.155069
v 0.172261 1.548131 -0.144011
v 0.175393 1.560101 -0.130961
v 0.179839 1.567898 -0.115428
v 0.129265 0.888456 -0.145792
v 0.133212 0.903456 -0.144734
v 0.133721 0.918456 -0.146637
v 0.134749 0.928556 -0.148987
v 0.135074 0.937913 -0.150593
v 0.134889 0.952288 -0.151490
v 0.133713 0.966726 -0.151220
v 0.133629 0.981315 -0.151498
v 0.133480 0.995962 -0.151203
v 0.134085 1.010592 -0.151549
v 0.134852 1.025221 -0.152035
v 0.135671 1.039831 -0.152650
v 0.136483 1.054410 -0.153423
v 0.137275 1.068949 -0.154366
v 0.138037 1.083446 -0.155448
v 0.138746 1.097916 -0.156601
v 0.139394 1.112373 -0.157772
v 0.140027 1.126822 -0.158952
v 0.140674 1.141277 -0.160085
v 0.141323 1.155759 -0.161038
v 0.141983 1.170280 -0.161718
v 0.142682 1.184839 -0.162098
v 0.143411 1.199421 -0.162178
v 0.144159 1.214000 -0.162000
v 0.144935 1.228547 -0.161687
v 0.145809 1.243030 -0.161514
v 0.146978 1.257398 -0.161854
v 0.148518 1.271601 -0.162813
v 0.150313 1.285643 -0.164172
v 0.152293 1.299612 -0.165812
v 0.154383 1.313657 -0.167608
v 0.156527 1.327838 -0.169492
v 0.158667 1.342101 -0.171418
v 0.160861 1.356402 -0.173621
v 0.163337 1.370736 -0.176217
v 0.166219 1.385218 -0.178813
v 0.169294 1.400080 -0.180919
v 0.172286 1.415484 -0.181893
v 0.175109 1.431397 -0.181283
v 0.177725 1.447687 -0.179191
v 0.179975 1.464376 -0.176185
v 0.181807 1.481617 -0.172865
v 0.183433 1.499453 -0.169236
v 0.185010 1.517146 -0.163471
v 0.186764 1.534137 -0.155318
v 0.188856 1.549610 -0.144670
v 0.191811 1.561891 -0.131729
v 0.197711 1.569157 -0.115752
v 0.138183 0.888456 -0.134746
v 0.141633 0.903456 -0.133210
v 0.142639 0.918456 -0.135435
v 0.143383 0.928529 -0.137457
v 0.143739 0.937811 -0.139040
v 0.143510 0.952160 -0.139916
v 0.142517 0.966610 -0.139913
v 0.142015 0.981199 -0.139832
v 0.143018 0.995756 -0.140615
v 0.143777 1.010374 -0.141174
v 0.144734 1.024987 -0.141887
v 0.145687 1.039588 -0.142700
v 0.146581 1.054159 -0.143645
v 0.147425 1.068684 -0.144743
v 0.148214 1.083163 -0.145963
v 0.148936 1.097610 -0.147241
v 0.149606 1.112034 -0.148538
v 0.150260 1.126443 -0.149819
v 0.150891 1.140857 -0.150967
v 0.151478 1.155302 -0.151837
v 0.152073 1.169796 -0.152371
v 0.152711 1.184336 -0.152559
v 0.153386 1.198905 -0.152427
v 0.154113 1.213477 -0.152082
v 0.154980 1.228015 -0.151756
v 0.156083 1.242477 -0.151739
v 0.157495 1.256803 -0.152265
v 0.159250 1.270937 -0.153394
v 0.161243 1.284922 -0.154934
v 0.163388 1.298884 -0.156664
v 0.165749 1.312904 -0.158532
v 0.168285 1.326982 -0.160508
v 0.170997 1.341044 -0.162686
v 0.174210 1.354979 -0.165522
v 0.178047 1.368826 -0.168988
v 0.182055 1.382937 -0.172334
v 0.185724 1.397644 -0.174845
v 0.188968 1.413053 -0.176073
v 0.191948 1.429134 -0.175941
v 0.194666 1.445849 -0.174749
v 0.196956 1.463244 -0.173033
v 0.198837 1.481411 -0.171002
v 0.200376 1.500208 -0.168312
v 0.201846 1.518868 -0.163667
v 0.203565 1.536775 -0.155860
v 0.205840 1.552714 -0.144330
v 0.208709 1.562331 -0.129834
v 0.212111 1.566093 -0.114226
v 0.146258 0.888456 -0.123075
v 0.149394 0.903456 -0.121258
v 0.150227 0.918456 -0.123293
v 0.151226 0.928485 -0.125388
v 0.151211 0.937725 -0.126732
v 0.151273 0.952031 -0.127824
v 0.150851 0.966454 -0.128339
v 0.152238 0.980861 -0.129746
v 0.151662 0.995602 -0.129458
v 0.152374 1.010230 -0.130052
v 0.153403 1.024841 -0.130849
v 0.154364 1.039444 -0.131710
v 0.155247 1.054009 -0.132684
v 0.156068 1.068524 -0.133793
v 0.156832 1.082989 -0.135016
v 0.157553 1.097413 -0.136309
v 0.158253 1.111803 -0.137635
v 0.158958 1.126170 -0.138932
v 0.159675 1.140540 -0.140092
v 0.160377 1.154947 -0.140980
v 0.161095 1.169409 -0.141528
v 0.161824 1.183927 -0.141704
v 0.162536 1.198484 -0.141532
v 0.163335 1.213050 -0.141213
v 0.164370 1.227584 -0.141030
v 0.165593 1.242045 -0.141128
v 0.167034 1.256364 -0.141701
v 0.168771 1.270498 -0.142835
v 0.170791 1.284490 -0.144352
v 0.173174 1.298426 -0.146125
v 0.176015 1.312341 -0.148140
v 0.179427 1.326204 -0.150416
v 0.183615 1.339910 -0.153230
v 0.188848 1.353306 -0.157155
v 0.194537 1.366651 -0.161812
v 0.199539 1.380557 -0.166098
v 0.203422 1.395366 -0.169315
v 0.206560 1.411138 -0.171239
v 0.209294 1.427830 -0.171925
v 0.211657 1.445259 -0.171688
v 0.214078 1.463400 -0.170877
v 0.215905 1.482804 -0.169571
v 0.217089 1.502926 -0.167994
v 0.218434 1.521966 -0.163402
v 0.220118 1.539263 -0.153897
v 0.222224 1.552595 -0.140316
v 0.223798 1.560406 -0.126012
v 0.224179 1.562889 -0.112640
v 0.153322 0.888456 -0.110754
v 0.155949 0.903456 -0.108594
v 0.156953 0.918456 -0.110649
v 0.157280 0.928503 -0.112337
v 0.157343 0.937735 -0.113737
v 0.157643 0.952030 -0.114984
v 0.157410 0.966485 -0.115730
v 0.158593 0.980930 -0.116918
v 0.158279 0.995613 -0.117120
v 0.159389 1.010205 -0.117939
v 0.160486 1.024808 -0.118777
v 0.161460 1.039396 -0.119651
v 0.162340 1.053943 -0.120628
v 0.163149 1.068440 -0.121731
v 0.163934 1.082884 -0.122951
v 0.164711 1.097279 -0.124253
v 0.165500 1.111630 -0.125601
v 0.166352 1.125955 -0.126947
v 0.167239 1.140290 -0.128168
v 0.168146 1.154668 -0.129136
v 0.169055 1.169109 -0.129755
v 0.169913 1.183617 -0.129970
v 0.170713 1.198176 -0.129846
v 0.171643 1.212754 -0.129645
v 0.172766 1.227309 -0.129554
v 0.173957 1.241802 -0.129656
v 0.175308 1.256162 -0.130185
v 0.176985 1.270333 -0.131245
v 0.179131 1.284334 -0.132746
v 0.181839 1.298222 -0.134583
v 0.185661 1.311935 -0.136926
v 0.191063 1.325446 -0.139874
v 0.198098 1.338669 -0.143842
v 0.205964 1.351539 -0.149248
v 0.213050 1.364605 -0.155233
v 0.218175 1.378619 -0.160645
v 0.221579 1.393864 -0.164991
v 0.224306 1.410376 -0.167963
v 0.226135 1.428089 -0.169530
v 0.227675 1.445923 -0.169909
v 0.159589 0.888456 -0.097961
v 0.162190 0.903456 -0.095729
v 0.161056 0.918456 -0.096899
v 0.162724 0.928544 -0.099028
v 0.162223 0.937862 -0.100266
v 0.163031 0.952143 -0.101764
v 0.161759 0.966604 -0.102212
v 0.161904 0.981193 -0.103042
v 0.163947 0.995666 -0.104241
v 0.165246 1.010237 -0.105138
v 0.166385 1.024824 -0.105992
v 0.167334 1.039392 -0.106876
v 0.168108 1.053925 -0.107842
v 0.168887 1.068402 -0.108939
v 0.169740 1.082819 -0.110161
v 0.170607 1.097180 -0.111474
v 0.171525 1.111494 -0.112860
v 0.172489 1.125793 -0.114237
v 0.173500 1.140112 -0.115488
v 0.174559 1.154482 -0.116497
v 0.175609 1.168923 -0.117159
v 0.176601 1.183441 -0.117437
v 0.177557 1.198021 -0.117429
v 0.178609 1.212629 -0.117330
v 0.179770 1.227226 -0.117262
v 0.180964 1.241765 -0.117360
v 0.182260 1.256182 -0.117827
v 0.183890 1.270421 -0.118785
v 0.186181 1.284468 -0.120257
v 0.189624 1.298272 -0.122336
v 0.195523 1.311657 -0.125337
v 0.204452 1.324721 -0.129422
v 0.214838 1.337550 -0.134937
v 0.224391 1.350069 -0.141985
v 0.231616 1.362921 -0.149397
v 0.236089 1.377187 -0.156578
v 0.238400 1.393175 -0.162589
v 0.165201 0.888456 -0.084908
v 0.166360 0.903456 -0.081999
v 0.166379 0.918456 -0.083546
v 0.166564 0.928709 -0.085132
v 0.168605 0.937905 -0.087440
v 0.168063 0.952208 -0.088475
v 0.167870 0.966609 -0.089439
v 0.168631 0.981103 -0.090505
v 0.169373 0.995681 -0.091188
v 0.170713 1.010250 -0.092068
v 0.171823 1.024837 -0.092911
v 0.172395 1.039420 -0.093716
v 0.172842 1.053941 -0.094609
v 0.173635 1.068392 -0.095680
v 0.174529 1.082786 -0.096874
v 0.175460 1.097113 -0.098194
v 0.176446 1.111401 -0.099606
v 0.177478 1.125688 -0.100999
v 0.178600 1.140005 -0.102266
v 0.179719 1.154390 -0.103280
v 0.180863 1.168853 -0.103965
v 0.182033 1.183395 -0.104320
v 0.183123 1.198010 -0.104389
v 0.184227 1.212658 -0.104296
v 0.185466 1.227293 -0.104208
v 0.186724 1.241880 -0.104278
v 0.187945 1.256381 -0.104666
v 0.189547 1.270738 -0.105557
v 0.192225 1.284858 -0.107155
v 0.196891 1.298579 -0.109673
v 0.206459 1.311382 -0.113686
v 0.220092 1.324144 -0.119251
v 0.232452 1.336830 -0.126434
v 0.241820 1.348839 -0.135366
v 0.249630 1.360351 -0.144545
v 0.170597 0.888456 -0.072135
v 0.173224 0.903456 -0.069311
v 0.170003 0.918456 -0.069550
v 0.174047 0.928665 -0.072798
v 0.170448 0.938008 -0.073233
v 0.173676 0.952086 -0.075458
v 0.171967 0.966562 -0.075980
v 0.172803 0.981141 -0.076963
v 0.174492 0.995685 -0.077987
v 0.176457 1.010214 -0.078968
v 0.177274 1.024891 -0.079737
v 0.176711 1.039500 -0.080274
v 0.176921 1.053954 -0.081105
v 0.178118 1.068401 -0.082164
v 0.178579 1.082794 -0.083224
v 0.179902 1.097044 -0.084668
v 0.180612 1.111337 -0.086093
v 0.182074 1.125577 -0.087610
v 0.183123 1.139913 -0.088901
v 0.184308 1.154332 -0.089923
v 0.185617 1.168821 -0.090645
v 0.187281 1.183380 -0.091118
v 0.188112 1.198075 -0.091077
v 0.189321 1.212754 -0.090856
v 0.190685 1.227441 -0.090658
v 0.192050 1.242105 -0.090644
v 0.192615 1.256785 -0.090834
v 0.194251 1.271334 -0.091714
v 0.197543 1.285569 -0.093659
v 0.201383 1.299738 -0.096126
v 0.220985 1.309870 -0.102376
v 0.239116 1.324770 -0.109136
v 0.250002 1.336044 -0.117970
v 0.257580 1.347747 -0.130913
v 0.176142 0.888456 -0.060100
v 0.176886 0.903456 -0.057649
v 0.176285 0.918456 -0.058042
v 0.176125 0.930257 -0.059393
v 0.175884 0.941298 -0.060653
v 0.175950 0.955659 -0.061854
v 0.176169 0.970135 -0.062872
v 0.176273 0.984697 -0.063663
v 0.176620 0.999302 -0.064453
v 0.177230 1.013898 -0.065279
v 0.177928 1.028435 -0.066082
v 0.178578 1.042902 -0.066923
v 0.179146 1.057305 -0.067848
v 0.179891 1.071675 -0.068873
v 0.180677 1.086013 -0.070054
v 0.181645 1.100345 -0.071377
v 0.182649 1.114677 -0.072756
v 0.183845 1.129033 -0.074081
v 0.185014 1.143444 -0.075233
v 0.186177 1.157919 -0.076136
v 0.187362 1.172457 -0.076759
v 0.188529 1.187062 -0.077074
v 0.189738 1.201705 -0.077135
v 0.191004 1.216363 -0.077086
v 0.192297 1.231033 -0.077111
v 0.193743 1.245672 -0.077411
v 0.195474 1.260186 -0.078271
v 0.197963 1.274386 -0.079991
v 0.201598 1.288157 -0.082670
v 0.205964 1.300779 -0.086834
v 0.225624 1.311351 -0.092923
v 0.247593 1.324458 -0.099792
v 0.257214 1.331165 -0.105759
v 0.182895 0.889527 -0.046380
v 0.183038 0.903456 -0.046540
v 0.182321 0.918456 -0.047256
v 0.181688 0.932178 -0.048247
v 0.181144 0.946579 -0.049248
v 0.180721 0.961033 -0.050162
v 0.180363 0.975553 -0.050944
v 0.180105 0.990121 -0.051644
v 0.180020 1.004698 -0.052342
v 0.180077 1.019243 -0.053073
v 0.180211 1.033726 -0.053863
v 0.180392 1.048142 -0.054747
v 0.180681 1.062509 -0.055743
v 0.181144 1.076854 -0.056866
v 0.181795 1.091205 -0.058107
v 0.182616 1.105575 -0.059419
v 0.183576 1.119970 -0.060723
v 0.184626 1.134396 -0.061933
v 0.185702 1.148864 -0.062972
v 0.186792 1.163376 -0.063787
v 0.187895 1.177933 -0.064355
v 0.189030 1.192524 -0.064693
v 0.190234 1.207135 -0.064878
v 0.191535 1.221752 -0.065049
v 0.192967 1.236349 -0.065399
v 0.194821 1.250824 -0.066181
v 0.197154 1.265038 -0.067685
v 0.200264 1.278741 -0.070164
v 0.204556 1.291489 -0.073844
v 0.215169 1.302537 -0.078865
v 0.236932 1.313627 -0.084968
v 0.257111 1.324991 -0.091809
v 0.241854 1.556568 -0.091115
v 0.245982 1.554140 -0.074236
v 0.249626 1.549315 -0.059138
v 0.252054 1.541958 -0.044414
v 0.251546 1.530309 -0.031936
v 0.251619 1.517083 -0.022296
v 0.251063 1.502541 -0.014780
v 0.250517 1.487831 -0.008643
v 0.251524 1.472458 -0.003928
v 0.253052 1.457045 0.000086
v 0.254833 1.442791 0.003163
v 0.257664 1.429549 0.005101
v 0.261937 1.415619 0.005789
v 0.267572 1.401118 0.004497
v 0.272526 1.387024 0.001068
v 0.277239 1.373907 -0.004725
v 0.282310 1.362415 -0.012987
v 0.285596 1.352181 -0.023466
v 0.287503 1.343292 -0.036283
v 0.287894 1.336033 -0.051350
v 0.304468 1.328117 -0.074910
v 0.319012 1.324164 -0.076468
v 0.331781 1.320140 -0.077285
v 0.343721 1.316603 -0.077579
v 0.356988 1.313151 -0.077691
v 0.372007 1.309791 -0.078121
v 0.387886 1.306949 -0.079915
v 0.404255 1.303207 -0.085262
v 0.438803 1.358647 -0.125452
v 0.448751 1.391757 -0.056402
v 0.440356 1.361097 -0.016027
v 0.427819 1.337113 -0.015155
v 0.421835 1.326046 -0.010506
v 0.419410 1.322234 -0.004605
v 0.418636 1.322880 -0.000322
v 0.419730 1.327429 0.002723
v 0.422404 1.330927 0.002302
v 0.425655 1.337360 -0.000500
v 0.429968 1.347188 -0.004874
v 0.435655 1.360700 -0.009528
v 0.440000 1.373539 -0.013858
v 0.442514 1.380146 -0.020942
v 0.445322 1.386685 -0.033588
v 0.447791 1.396469 -0.045816
v 0.448872 1.400364 -0.054390
v 0.448947 1.401410 -0.062628
v 0.448234 1.400142 -0.073019
v 0.447417 1.395501 -0.092628
v 0.442785 1.388141 -0.109523
v 0.439408 1.380977 -0.117204
v 0.435968 1.374119 -0.123182
v 0.430575 1.362775 -0.129042
v 0.425293 1.356400 -0.134642
v 0.421800 1.349108 -0.138498
v 0.417690 1.337841 -0.140278
v 0.413960 1.328893 -0.142665
v 0.411314 1.318731 -0.141566
v 0.409237 1.311521 -0.140374
v 0.407785 1.307883 -0.137668
v 0.408876 1.310514 -0.136554
v 0.412380 1.321035 -0.135561
v 0.421326 1.337957 -0.132304
v 0.285884 1.330369 -0.071962
v 0.282601 1.331336 -0.093956
v 0.277972 1.335293 -0.111806
v 0.273788 1.342669 -0.128315
v 0.270825 1.353487 -0.142137
v 0.267061 1.367495 -0.153021
v 0.262888 1.383902 -0.160853
v 0.257933 1.401565 -0.165454
v 0.253089 1.419564 -0.167827
v 0.250650 1.436294 -0.168563
v 0.248407 1.453265 -0.168175
v 0.246269 1.472575 -0.166836
v 0.245599 1.492736 -0.164699
v 0.245611 1.511222 -0.161543
v 0.246220 1.526509 -0.152538
v 0.247775 1.539474 -0.140722
v 0.246824 1.547257 -0.125790
v 0.244910 1.552640 -0.109679
v 0.254728 1.549675 -0.086147
v 0.259868 1.545796 -0.073545
v 0.264102 1.539556 -0.058016
v 0.266337 1.531266 -0.042451
v 0.263498 1.520360 -0.031202
v 0.268892 1.505336 -0.024310
v 0.262825 1.492686 -0.015696
v 0.265569 1.479168 -0.011555
v 0.267295 1.463722 -0.006592
v 0.268754 1.448981 -0.002133
v 0.268665 1.437072 0.001095
v 0.275679 1.425855 0.002060
v 0.282043 1.411270 0.002675
v 0.286692 1.396282 0.001377
v 0.290553 1.381991 -0.002319
v 0.294152 1.368850 -0.008811
v 0.297294 1.357089 -0.017985
v 0.299579 1.347037 -0.029748
v 0.300645 1.338959 -0.043683
v 0.301537 1.332705 -0.059244
v 0.316439 1.328499 -0.063221
v 0.330343 1.323756 -0.065870
v 0.340772 1.319765 -0.068746
v 0.352934 1.316784 -0.066611
v 0.367869 1.313021 -0.065498
v 0.383444 1.309891 -0.064510
v 0.398961 1.308104 -0.062448
v 0.410787 1.307542 -0.054315
v 0.427880 1.323152 -0.025147
v 0.421415 1.322442 -0.024671
v 0.413886 1.316593 -0.022066
v 0.410646 1.314003 -0.014683
v 0.410877 1.317226 -0.006692
v 0.413188 1.324395 -0.000208
v 0.416832 1.333281 0.003668
v 0.421203 1.342987 0.004539
v 0.425830 1.353789 0.002765
v 0.430403 1.365323 -0.001400
v 0.434610 1.376593 -0.007379
v 0.438104 1.385661 -0.015045
v 0.441006 1.392489 -0.024965
v 0.443713 1.399316 -0.036288
v 0.445779 1.405116 -0.047350
v 0.446633 1.407992 -0.057964
v 0.446162 1.407986 -0.069145
v 0.444740 1.405592 -0.082588
v 0.442422 1.401358 -0.097249
v 0.439303 1.395722 -0.109411
v 0.435666 1.388877 -0.118448
v 0.431146 1.380349 -0.125888
v 0.426319 1.371428 -0.132797
v 0.422084 1.362884 -0.139118
v 0.417950 1.353003 -0.143595
v 0.413715 1.342012 -0.146042
v 0.410008 1.330798 -0.146335
v 0.407045 1.320246 -0.144206
v 0.404756 1.312217 -0.139957
v 0.403396 1.308537 -0.134850
v 0.403415 1.310012 -0.130347
v 0.405732 1.313936 -0.125124
v 0.409913 1.310421 -0.119371
v 0.391421 1.304902 -0.098727
v 0.375178 1.306849 -0.092551
v 0.359608 1.310055 -0.090246
v 0.345158 1.313912 -0.089046
v 0.334563 1.317184 -0.086455
v 0.322707 1.320507 -0.088452
v 0.309164 1.324747 -0.088558
v 0.295530 1.328456 -0.089293
v 0.290434 1.330699 -0.105775
v 0.286064 1.336056 -0.122524
v 0.282411 1.344999 -0.137489
v 0.279284 1.357811 -0.149836
v 0.276667 1.375267 -0.161603
v 0.272018 1.392382 -0.165380
v 0.266147 1.411846 -0.167759
v 0.260641 1.427273 -0.168341
v 0.260330 1.441731 -0.167905
v 0.259535 1.459653 -0.166023
v 0.258484 1.479669 -0.163137
v 0.257219 1.499602 -0.160207
v 0.254831 1.514669 -0.154706
v 0.258061 1.525438 -0.146057
v 0.258529 1.536005 -0.132370
v 0.257453 1.543484 -0.117447
v 0.256303 1.547600 -0.101056
v 0.301421 1.326578 -0.100381
v 0.312763 1.322131 -0.101870
v 0.329456 1.316228 -0.100409
v 0.346074 1.312036 -0.102951
v 0.361936 1.308877 -0.104122
v 0.377563 1.306564 -0.106457
v 0.392330 1.305042 -0.111107
v 0.300276 1.328866 -0.116661
v 0.315954 1.322277 -0.117379
v 0.331887 1.316033 -0.117490
v 0.348272 1.311945 -0.117480
v 0.364029 1.308681 -0.117234
v 0.379457 1.308080 -0.118561
v 0.393083 1.308403 -0.123242
v 0.292929 1.336775 -0.134825
v 0.304072 1.331119 -0.134645
v 0.319506 1.325163 -0.134204
v 0.335434 1.320158 -0.133217
v 0.351641 1.316779 -0.131001
v 0.367110 1.314612 -0.128884
v 0.381643 1.312387 -0.128907
v 0.394188 1.310416 -0.131187
v 0.293194 1.346714 -0.145893
v 0.309002 1.340501 -0.146656
v 0.324605 1.334767 -0.145927
v 0.340296 1.329992 -0.144191
v 0.355701 1.325974 -0.141675
v 0.370517 1.322607 -0.138961
v 0.384308 1.319106 -0.137837
v 0.396074 1.315307 -0.138436
v 0.286962 1.362514 -0.156929
v 0.299106 1.357159 -0.158408
v 0.314560 1.351184 -0.158358
v 0.330185 1.345228 -0.157257
v 0.346107 1.341507 -0.155381
v 0.360513 1.337066 -0.150482
v 0.374320 1.332953 -0.146650
v 0.387335 1.328307 -0.144988
v 0.398634 1.323694 -0.144534
v 0.288002 1.379432 -0.165558
v 0.305724 1.372739 -0.165782
v 0.321713 1.366734 -0.164308
v 0.336884 1.361063 -0.161645
v 0.351140 1.355421 -0.158073
v 0.364919 1.350089 -0.154272
v 0.378308 1.344927 -0.151306
v 0.390903 1.339665 -0.149298
v 0.401970 1.334696 -0.148161
v 0.280439 1.403768 -0.169658
v 0.296536 1.395315 -0.170302
v 0.312985 1.388138 -0.170138
v 0.329157 1.383562 -0.167873
v 0.342110 1.374183 -0.164503
v 0.356294 1.369384 -0.159650
v 0.369596 1.363498 -0.155875
v 0.382687 1.357817 -0.152898
v 0.395181 1.352157 -0.150968
v 0.406034 1.346743 -0.149301
v 0.272507 1.427312 -0.168042
v 0.288655 1.418735 -0.168615
v 0.304318 1.411016 -0.168962
v 0.319708 1.403888 -0.167946
v 0.334150 1.396877 -0.165205
v 0.348012 1.389765 -0.162269
v 0.361257 1.383141 -0.158214
v 0.374516 1.376902 -0.154780
v 0.387589 1.370784 -0.152244
v 0.400013 1.364663 -0.150375
v 0.410592 1.358624 -0.147875
v 0.269472 1.446773 -0.166244
v 0.281490 1.440920 -0.165269
v 0.296277 1.433135 -0.164792
v 0.311127 1.425548 -0.164649
v 0.325858 1.418234 -0.164274
v 0.339725 1.410659 -0.161691
v 0.353293 1.403390 -0.158341
v 0.366524 1.396428 -0.154613
v 0.379752 1.389729 -0.151611
v 0.392743 1.383067 -0.149213
v 0.404921 1.376314 -0.146821
v 0.415111 1.369500 -0.143549
v 0.273063 1.464086 -0.161836
v 0.288850 1.455079 -0.159452
v 0.303115 1.446538 -0.158289
v 0.317312 1.438731 -0.158206
v 0.331674 1.431308 -0.158020
v 0.345465 1.423805 -0.156129
v 0.358856 1.416100 -0.152589
v 0.371875 1.408671 -0.148946
v 0.384959 1.401409 -0.145979
v 0.397709 1.394097 -0.143192
v 0.409535 1.386668 -0.140258
v 0.419385 1.379137 -0.136795
v 0.269808 1.488520 -0.157004
v 0.282896 1.477542 -0.153444
v 0.296301 1.467740 -0.151087
v 0.309557 1.458646 -0.149768
v 0.323111 1.450339 -0.149166
v 0.337143 1.443037 -0.149067
v 0.350733 1.435266 -0.147327
v 0.363910 1.427252 -0.144319
v 0.376940 1.419380 -0.141109
v 0.389941 1.411700 -0.138096
v 0.402580 1.403984 -0.135267
v 0.414263 1.396195 -0.132414
v 0.424026 1.388285 -0.129272
v 0.265702 1.509207 -0.151630
v 0.277835 1.499583 -0.146422
v 0.290470 1.488862 -0.143071
v 0.302782 1.478532 -0.140723
v 0.315266 1.468899 -0.139290
v 0.328330 1.460349 -0.138757
v 0.342043 1.452774 -0.138732
v 0.355736 1.445301 -0.137748
v 0.368589 1.436349 -0.135122
v 0.381628 1.428439 -0.131487
v 0.394814 1.420759 -0.129012
v 0.407591 1.413047 -0.126707
v 0.419288 1.405179 -0.124260
v 0.428888 1.397030 -0.121363
v 0.271828 1.522327 -0.138048
v 0.284865 1.509232 -0.133845
v 0.296509 1.497883 -0.130650
v 0.308067 1.487029 -0.128433
v 0.319938 1.476861 -0.126984
v 0.332384 1.467611 -0.126157
v 0.345383 1.459182 -0.125368
v 0.358929 1.451532 -0.124241
v 0.372119 1.443217 -0.122160
v 0.385683 1.435687 -0.120303
v 0.399136 1.428260 -0.118603
v 0.412075 1.420718 -0.116847
v 0.423722 1.412805 -0.114686
v 0.432997 1.404330 -0.111926
v 0.267261 1.533888 -0.124345
v 0.277814 1.525674 -0.122175
v 0.289738 1.515399 -0.118984
v 0.301106 1.504293 -0.116395
v 0.312149 1.493027 -0.114400
v 0.323471 1.482324 -0.113071
v 0.335377 1.472524 -0.112193
v 0.348072 1.463753 -0.111366
v 0.361384 1.455729 -0.110299
v 0.375025 1.448176 -0.109066
v 0.388755 1.440894 -0.107822
v 0.402317 1.433650 -0.106564
v 0.415293 1.426216 -0.105120
v 0.426843 1.418249 -0.103132
v 0.435964 1.409645 -0.100415
v 0.268669 1.537906 -0.110520
v 0.281216 1.529659 -0.105998
v 0.293352 1.519305 -0.103065
v 0.304423 1.508100 -0.100733
v 0.315042 1.496543 -0.099069
v 0.325818 1.485389 -0.098128
v 0.337447 1.475380 -0.097575
v 0.350045 1.466592 -0.097017
v 0.363358 1.458696 -0.096246
v 0.376992 1.451263 -0.095306
v 0.390670 1.444021 -0.094302
v 0.404184 1.436814 -0.093249
v 0.417126 1.429434 -0.091982
v 0.428696 1.421573 -0.090139
v 0.438014 1.413265 -0.087288
v 0.269083 1.540899 -0.092150
v 0.284053 1.530446 -0.089138
v 0.295948 1.520657 -0.086770
v 0.307171 1.509987 -0.084415
v 0.316478 1.497540 -0.083327
v 0.326962 1.486284 -0.083014
v 0.338571 1.476439 -0.082948
v 0.351207 1.467895 -0.082677
v 0.364525 1.460208 -0.082072
v 0.378093 1.452874 -0.081258
v 0.391664 1.445629 -0.080370
v 0.405076 1.438385 -0.079432
v 0.418000 1.431065 -0.078309
v 0.429766 1.423486 -0.076669
v 0.439487 1.415622 -0.073924
v 0.274637 1.536699 -0.073823
v 0.286586 1.527915 -0.075162
v 0.295737 1.519345 -0.070610
v 0.307211 1.508455 -0.068489
v 0.316260 1.495978 -0.068145
v 0.326729 1.485048 -0.068455
v 0.338504 1.475666 -0.068752
v 0.351335 1.467604 -0.068642
v 0.364755 1.460274 -0.068157
v 0.378329 1.453134 -0.067466
v 0.391857 1.445961 -0.066689
v 0.405237 1.438765 -0.065857
v 0.418250 1.431593 -0.064910
v 0.430319 1.424294 -0.063615
v 0.440312 1.416483 -0.061439
v 0.281165 1.528067 -0.057877
v 0.293910 1.514617 -0.054526
v 0.304917 1.503425 -0.053922
v 0.314125 1.491849 -0.054223
v 0.324940 1.481645 -0.054926
v 0.337075 1.472920 -0.055294
v 0.350157 1.465326 -0.055255
v 0.363673 1.458233 -0.054921
v 0.377282 1.451223 -0.054410
v 0.390858 1.444189 -0.053789
v 0.404342 1.437189 -0.053095
v 0.417537 1.430228 -0.052325
v 0.429803 1.422951 -0.051315
v 0.439730 1.414565 -0.049654
v 0.281402 1.518447 -0.040181
v 0.293871 1.507659 -0.042836
v 0.300624 1.496177 -0.039610
v 0.310584 1.485791 -0.042107
v 0.321901 1.476388 -0.042623
v 0.334414 1.468255 -0.042787
v 0.347683 1.460890 -0.042745
v 0.361236 1.453790 -0.042561
v 0.374853 1.446743 -0.042248
v 0.388472 1.439751 -0.041801
v 0.402041 1.432850 -0.041235
v 0.415339 1.425934 -0.040555
v 0.427667 1.418477 -0.039631
v 0.437641 1.409705 -0.038205
v 0.286187 1.500758 -0.032576
v 0.295752 1.488339 -0.031571
v 0.306515 1.478400 -0.031788
v 0.318106 1.469787 -0.031521
v 0.330994 1.462135 -0.031244
v 0.344427 1.454945 -0.031011
v 0.358005 1.447798 -0.030824
v 0.371603 1.440628 -0.030609
v 0.385197 1.433509 -0.030294
v 0.398747 1.426482 -0.029852
v 0.412049 1.419423 -0.029252
v 0.424464 1.411889 -0.028369
v 0.434673 1.403145 -0.027012
v 0.279074 1.488164 -0.021633
v 0.292910 1.479214 -0.023981
v 0.301738 1.470175 -0.022511
v 0.314082 1.462002 -0.021666
v 0.327222 1.454845 -0.020920
v 0.340715 1.447874 -0.020352
v 0.354321 1.440762 -0.019964
v 0.367914 1.433527 -0.019644
v 0.381481 1.426276 -0.019308
v 0.394997 1.419066 -0.018903
v 0.408303 1.411848 -0.018363
v 0.420845 1.404336 -0.017578
v 0.431367 1.395902 -0.016458
v 0.283513 1.470814 -0.015153
v 0.297714 1.460357 -0.014493
v 0.310398 1.453118 -0.013587
v 0.323183 1.446316 -0.012472
v 0.336569 1.439466 -0.011570
v 0.350092 1.432398 -0.010833
v 0.363681 1.425185 -0.010216
v 0.377280 1.417906 -0.009666
v 0.390841 1.410611 -0.009135
v 0.404221 1.403307 -0.008570
v 0.416922 1.395816 -0.007935
v 0.427720 1.387479 -0.007337
v 0.283056 1.455476 -0.008146
v 0.296417 1.450385 -0.008936
v 0.306338 1.443453 -0.007369
v 0.319229 1.436794 -0.006199
v 0.332087 1.429838 -0.005002
v 0.345379 1.422714 -0.003957
v 0.358896 1.415469 -0.003055
v 0.372552 1.408166 -0.002260
v 0.386213 1.400826 -0.001549
v 0.399722 1.393448 -0.000921
v 0.412608 1.385876 -0.000424
v 0.423620 1.377266 -0.000322
v 0.287199 1.439644 -0.003069
v 0.304498 1.433925 -0.003158
v 0.315080 1.426713 -0.001711
v 0.327666 1.419583 -0.000529
v 0.340429 1.412140 0.000540
v 0.353885 1.404718 0.001496
v 0.367558 1.397316 0.002357
v 0.381286 1.389865 0.003114
v 0.394902 1.382351 0.003736
v 0.407929 1.374613 0.004134
v 0.419075 1.365793 0.004041
v 0.296914 1.422891 0.000160
v 0.312675 1.416819 0.000667
v 0.322604 1.408692 0.001593
v 0.335608 1.400776 0.002459
v 0.348926 1.393207 0.003265
v 0.362469 1.385637 0.003985
v 0.376180 1.378016 0.004625
v 0.389821 1.370345 0.005158
v 0.402896 1.362491 0.005524
v 0.414114 1.353781 0.005501
v 0.303080 1.406102 0.001492
v 0.318528 1.396685 0.001933
v 0.331385 1.389110 0.002492
v 0.344024 1.381338 0.002856
v 0.357381 1.373540 0.003215
v 0.371014 1.365768 0.003562
v 0.384631 1.357991 0.003889
v 0.397715 1.350125 0.004163
v 0.409061 1.341857 0.004198
v 0.303875 1.390341 0.000224
v 0.317362 1.385760 0.000743
v 0.326805 1.377764 0.000148
v 0.339412 1.369575 -0.000160
v 0.352590 1.361664 -0.000324
v 0.366111 1.353811 -0.000392
v 0.379727 1.345994 -0.000307
v 0.392852 1.338206 -0.000136
v 0.404443 1.330590 -0.000059
v 0.308907 1.376000 -0.003496
v 0.323140 1.366526 -0.004981
v 0.335644 1.358685 -0.005894
v 0.348343 1.350770 -0.006878
v 0.361893 1.342862 -0.007401
v 0.375596 1.335077 -0.007493
v 0.388841 1.327488 -0.007357
v 0.400820 1.320720 -0.007164
v 0.309529 1.362400 -0.011207
v 0.322264 1.357089 -0.011319
v 0.331820 1.349444 -0.014293
v 0.344978 1.341320 -0.016246
v 0.358874 1.333522 -0.017107
v 0.372830 1.325999 -0.017260
v 0.386352 1.318930 -0.017016
v 0.398946 1.313591 -0.016408
v 0.314296 1.350462 -0.020817
v 0.328953 1.341228 -0.025548
v 0.343211 1.333481 -0.027908
v 0.357712 1.326241 -0.028854
v 0.372211 1.319434 -0.028806
v 0.386299 1.313550 -0.028052
v 0.399954 1.310771 -0.026284
v 0.314074 1.340805 -0.034841
v 0.328572 1.333988 -0.038725
v 0.343470 1.327269 -0.041115
v 0.358949 1.320927 -0.041709
v 0.374331 1.315345 -0.040807
v 0.389258 1.311379 -0.038979
v 0.404481 1.311946 -0.034836
v 0.314844 1.333876 -0.048998
v 0.329558 1.328211 -0.052565
v 0.345375 1.321902 -0.055976
v 0.362882 1.316706 -0.053974
v 0.378588 1.312556 -0.052351
v 0.394208 1.310408 -0.049470
v 0.409979 1.312571 -0.042221
v -0.238504 1.572555 -0.086056
v -0.241983 1.557985 -0.068578
v -0.246726 1.548068 -0.052416
v -0.250707 1.537170 -0.036480
v -0.250954 1.522873 -0.026146
v -0.251794 1.508315 -0.017324
v -0.251634 1.492935 -0.011271
v -0.251267 1.477778 -0.005981
v -0.252037 1.462374 -0.001750
v -0.253120 1.446638 0.002113
v -0.255770 1.432508 0.004565
v -0.259841 1.420205 0.005698
v -0.264091 1.407008 0.006170
v -0.269420 1.393434 0.004872
v -0.273896 1.380596 0.001654
v -0.276883 1.367984 -0.003649
v -0.281476 1.356579 -0.011870
v -0.285701 1.346389 -0.022558
v -0.288314 1.337765 -0.035622
v -0.290081 1.331333 -0.051133
v -0.307107 1.325596 -0.076346
v -0.321153 1.322294 -0.078586
v -0.333299 1.318467 -0.079725
v -0.344596 1.314957 -0.080103
v -0.357221 1.311514 -0.080058
v -0.371679 1.308402 -0.079729
v -0.387311 1.306154 -0.080312
v -0.404373 1.303313 -0.084784
v -0.441819 1.361510 -0.123827
v -0.450206 1.388554 -0.045294
v -0.439151 1.358441 -0.014972
v -0.427387 1.336053 -0.011254
v -0.419873 1.320365 -0.008592
v -0.416929 1.315258 -0.005426
v -0.417938 1.318865 -0.000478
v -0.419398 1.323986 0.002767
v -0.421827 1.326332 0.000897
v -0.426919 1.338269 -0.000746
v -0.431845 1.351413 -0.002011
v -0.435782 1.359803 -0.007443
v -0.439669 1.371196 -0.012409
v -0.442093 1.377403 -0.019239
v -0.445214 1.383760 -0.030073
v -0.447931 1.393367 -0.041433
v -0.448814 1.396907 -0.050266
v -0.448686 1.397762 -0.060587
v -0.448921 1.396853 -0.079502
v -0.445047 1.392231 -0.101724
v -0.442374 1.385962 -0.112122
v -0.439283 1.379368 -0.118226
v -0.434120 1.368032 -0.125135
v -0.429200 1.362529 -0.131074
v -0.425818 1.355699 -0.135854
v -0.421461 1.344409 -0.139430
v -0.417646 1.336756 -0.143558
v -0.414797 1.328555 -0.144520
v -0.411997 1.318204 -0.142730
v -0.409268 1.309914 -0.141457
v -0.407506 1.305981 -0.138999
v -0.409238 1.309829 -0.137793
v -0.414553 1.324073 -0.137121
v -0.424431 1.341920 -0.131580
v -0.288872 1.326079 -0.072020
v -0.285389 1.326496 -0.093888
v -0.281810 1.330446 -0.110986
v -0.275921 1.338114 -0.127833
v -0.273814 1.349465 -0.142952
v -0.271129 1.362132 -0.153462
v -0.267475 1.376997 -0.160867
v -0.263434 1.394249 -0.165738
v -0.260204 1.411283 -0.168297
v -0.256781 1.426790 -0.169091
v -0.254029 1.443854 -0.168681
v -0.252393 1.462888 -0.167215
v -0.250731 1.482067 -0.165033
v -0.249177 1.500301 -0.162331
v -0.248772 1.517247 -0.156955
v -0.248204 1.532539 -0.147309
v -0.245627 1.545354 -0.131428
v -0.241892 1.556162 -0.111870
v -0.251955 1.555576 -0.082584
v -0.257344 1.547613 -0.069376
v -0.262293 1.538275 -0.053305
v -0.265271 1.527586 -0.036620
v -0.262983 1.514885 -0.027294
v -0.268091 1.499999 -0.021266
v -0.263044 1.485393 -0.013494
v -0.265850 1.471953 -0.010058
v -0.267557 1.456506 -0.005597
v -0.269335 1.441773 -0.001592
v -0.269989 1.429845 0.001289
v -0.277336 1.419497 0.001831
v -0.283798 1.405523 0.002471
v -0.288352 1.391155 0.001443
v -0.291842 1.377421 -0.002108
v -0.295029 1.364607 -0.008658
v -0.298175 1.353048 -0.018052
v -0.300757 1.343220 -0.030072
v -0.302324 1.335500 -0.044276
v -0.303793 1.329675 -0.060150
v -0.318386 1.326329 -0.064859
v -0.331710 1.321795 -0.067893
v -0.341601 1.317829 -0.070989
v -0.353073 1.314640 -0.068775
v -0.367257 1.310742 -0.067302
v -0.382218 1.307854 -0.065489
v -0.397619 1.306944 -0.062438
v -0.410769 1.307620 -0.053978
v -0.427282 1.324210 -0.024039
v -0.419369 1.322219 -0.024538
v -0.412407 1.313815 -0.020776
v -0.409626 1.310301 -0.014420
v -0.410409 1.313897 -0.006784
v -0.413109 1.321595 0.000043
v -0.416741 1.330344 0.003942
v -0.421360 1.340829 0.004893
v -0.426463 1.353189 0.003695
v -0.430951 1.364504 -0.000121
v -0.434749 1.374562 -0.006205
v -0.438027 1.383116 -0.013837
v -0.440896 1.389747 -0.023334
v -0.443626 1.396366 -0.034143
v -0.445457 1.401669 -0.045096
v -0.445704 1.403865 -0.056300
v -0.444861 1.403811 -0.069623
v -0.443285 1.402112 -0.085311
v -0.441105 1.398719 -0.099421
v -0.438437 1.393508 -0.110107
v -0.434695 1.386111 -0.119129
v -0.430360 1.378119 -0.127316
v -0.426378 1.370375 -0.134682
v -0.422306 1.361161 -0.140677
v -0.417962 1.350934 -0.145176
v -0.413901 1.340567 -0.147710
v -0.410257 1.329496 -0.147421
v -0.407018 1.318571 -0.145190
v -0.404271 1.310051 -0.141414
v -0.402832 1.306687 -0.136583
v -0.403667 1.309824 -0.131730
v -0.406892 1.314547 -0.125957
v -0.411175 1.310634 -0.119588
v -0.391573 1.304867 -0.098962
v -0.375372 1.306815 -0.093854
v -0.360241 1.308985 -0.093408
v -0.346321 1.312557 -0.091751
v -0.336222 1.315799 -0.089211
v -0.325025 1.318975 -0.091080
v -0.312032 1.322739 -0.090693
v -0.298690 1.325474 -0.090488
v -0.293945 1.327494 -0.106632
v -0.289510 1.332848 -0.122834
v -0.285680 1.341820 -0.137662
v -0.282678 1.353926 -0.149796
v -0.279730 1.368970 -0.159048
v -0.276324 1.387075 -0.165181
v -0.271564 1.406306 -0.168014
v -0.266614 1.420851 -0.168743
v -0.265874 1.435274 -0.168269
v -0.264705 1.453118 -0.166359
v -0.263188 1.472767 -0.163317
v -0.260426 1.492554 -0.160458
v -0.257636 1.508105 -0.157176
v -0.258971 1.520363 -0.148620
v -0.258469 1.534146 -0.135570
v -0.255783 1.544331 -0.119061
v -0.253963 1.552711 -0.099852
v -0.304776 1.324310 -0.102279
v -0.315988 1.320993 -0.104400
v -0.331862 1.315430 -0.103231
v -0.347647 1.311620 -0.105624
v -0.362826 1.308685 -0.106597
v -0.377979 1.306684 -0.108123
v -0.392535 1.304985 -0.111006
v -0.303784 1.326764 -0.118139
v -0.319094 1.321144 -0.119616
v -0.334178 1.315248 -0.119810
v -0.349762 1.311642 -0.119924
v -0.365528 1.309752 -0.122220
v -0.379595 1.308292 -0.120558
v -0.392953 1.308171 -0.124701
v -0.296579 1.334777 -0.134700
v -0.307513 1.329928 -0.135168
v -0.322440 1.325189 -0.135008
v -0.337458 1.320618 -0.134223
v -0.352698 1.317780 -0.132294
v -0.367360 1.314768 -0.131035
v -0.381154 1.311787 -0.130983
v -0.393391 1.308959 -0.133254
v -0.296335 1.344417 -0.145927
v -0.311584 1.339427 -0.146934
v -0.326416 1.334461 -0.146419
v -0.341037 1.329707 -0.144555
v -0.355708 1.325764 -0.142206
v -0.370139 1.322098 -0.140399
v -0.383474 1.317706 -0.139787
v -0.395203 1.313193 -0.140392
v -0.289972 1.359224 -0.156261
v -0.301552 1.355468 -0.157676
v -0.316063 1.350196 -0.157996
v -0.330669 1.344543 -0.156730
v -0.344322 1.338323 -0.153620
v -0.359968 1.336458 -0.150385
v -0.373839 1.332109 -0.147710
v -0.386737 1.326777 -0.146382
v -0.398191 1.321778 -0.145785
v -0.290818 1.375791 -0.165338
v -0.307200 1.370519 -0.165620
v -0.322328 1.365049 -0.164390
v -0.336793 1.359687 -0.161251
v -0.350948 1.354629 -0.157756
v -0.364824 1.349591 -0.154549
v -0.378098 1.343985 -0.151956
v -0.390628 1.338206 -0.150028
v -0.401796 1.333048 -0.148846
v -0.284270 1.399908 -0.169427
v -0.298815 1.392513 -0.170074
v -0.314187 1.386160 -0.169645
v -0.328926 1.380324 -0.167593
v -0.343844 1.375553 -0.164165
v -0.356655 1.369023 -0.159479
v -0.369765 1.362901 -0.155972
v -0.382607 1.356727 -0.153087
v -0.394926 1.350675 -0.151167
v -0.405855 1.345140 -0.149920
v -0.277241 1.422879 -0.168291
v -0.291866 1.415788 -0.168889
v -0.306359 1.408903 -0.169079
v -0.320929 1.402224 -0.167967
v -0.335120 1.395883 -0.165412
v -0.348783 1.389396 -0.161937
v -0.361779 1.382757 -0.157971
v -0.374685 1.376143 -0.154585
v -0.387418 1.369580 -0.152018
v -0.399679 1.363175 -0.150357
v -0.410403 1.356995 -0.148615
v -0.274159 1.442094 -0.166550
v -0.285184 1.437690 -0.165542
v -0.298895 1.431061 -0.165072
v -0.312948 1.424182 -0.164792
v -0.327131 1.417244 -0.163837
v -0.340692 1.410172 -0.161073
v -0.354078 1.403141 -0.157900
v -0.366973 1.396007 -0.154208
v -0.379813 1.388925 -0.151177
v -0.392546 1.381962 -0.148966
v -0.404737 1.375106 -0.147250
v -0.415160 1.368169 -0.144835
v -0.276805 1.459960 -0.162136
v -0.291545 1.452780 -0.159684
v -0.305050 1.445171 -0.158364
v -0.318762 1.438000 -0.158301
v -0.332727 1.430782 -0.157537
v -0.346365 1.423639 -0.155652
v -0.359611 1.416054 -0.152141
v -0.372220 1.408326 -0.148427
v -0.385017 1.400760 -0.145740
v -0.397679 1.393331 -0.143693
v -0.409619 1.385858 -0.141638
v -0.419634 1.378168 -0.138688
v -0.272223 1.484181 -0.156909
v -0.285126 1.475100 -0.153718
v -0.298002 1.466397 -0.151141
v -0.310826 1.457920 -0.149623
v -0.324136 1.450132 -0.148894
v -0.337916 1.442992 -0.147911
v -0.351511 1.435814 -0.146114
v -0.364615 1.427692 -0.143463
v -0.377218 1.419221 -0.140554
v -0.389955 1.411172 -0.138108
v -0.402419 1.403180 -0.135891
v -0.414062 1.395136 -0.133548
v -0.423741 1.386867 -0.130603
v -0.266964 1.505432 -0.153197
v -0.279091 1.497448 -0.146994
v -0.291582 1.487710 -0.143086
v -0.303677 1.477985 -0.140408
v -0.315978 1.468741 -0.138800
v -0.329014 1.460804 -0.138027
v -0.342967 1.454276 -0.136248
v -0.356724 1.447156 -0.134950
v -0.369320 1.437294 -0.133394
v -0.381643 1.428170 -0.130686
v -0.394430 1.419912 -0.128406
v -0.406920 1.411734 -0.126325
v -0.418483 1.403498 -0.124181
v -0.427976 1.394908 -0.121572
v -0.271800 1.521380 -0.139626
v -0.285157 1.508679 -0.133911
v -0.296856 1.497720 -0.130115
v -0.308459 1.487142 -0.127657
v -0.320274 1.477121 -0.126097
v -0.332692 1.468121 -0.124914
v -0.345708 1.459891 -0.123801
v -0.359155 1.452016 -0.122862
v -0.372267 1.443335 -0.121121
v -0.385340 1.435016 -0.119141
v -0.398422 1.426990 -0.117374
v -0.411093 1.418948 -0.115724
v -0.422604 1.410652 -0.113831
v -0.431894 1.401937 -0.111606
v -0.266445 1.533894 -0.125358
v -0.277339 1.526167 -0.122121
v -0.289349 1.515806 -0.118123
v -0.301011 1.504768 -0.115246
v -0.312225 1.493471 -0.113158
v -0.323511 1.482609 -0.111796
v -0.335376 1.472695 -0.110915
v -0.348038 1.463769 -0.110148
v -0.361255 1.455455 -0.109114
v -0.374685 1.447447 -0.107800
v -0.388103 1.439589 -0.106433
v -0.401352 1.431771 -0.105127
v -0.414092 1.423867 -0.103772
v -0.425534 1.415612 -0.102106
v -0.434683 1.406957 -0.100290
v -0.267209 1.539652 -0.110047
v -0.280029 1.530868 -0.104569
v -0.292738 1.520244 -0.101542
v -0.304235 1.508808 -0.099179
v -0.314871 1.496839 -0.097311
v -0.325639 1.485334 -0.096412
v -0.337262 1.474991 -0.096393
v -0.349793 1.465879 -0.095984
v -0.362916 1.457578 -0.094896
v -0.376263 1.449574 -0.093873
v -0.389620 1.441729 -0.092831
v -0.402839 1.433976 -0.091795
v -0.415564 1.426191 -0.090656
v -0.427042 1.418129 -0.089223
v -0.436368 1.409786 -0.087482
v -0.267026 1.543389 -0.089041
v -0.282780 1.531621 -0.086913
v -0.295036 1.521108 -0.084759
v -0.306737 1.510210 -0.081817
v -0.316181 1.497331 -0.080173
v -0.326642 1.485575 -0.080816
v -0.338396 1.475043 -0.084144
v -0.350793 1.466412 -0.081437
v -0.363835 1.458192 -0.080510
v -0.377051 1.450189 -0.079701
v -0.390259 1.442293 -0.078873
v -0.403354 1.434503 -0.078046
v -0.416058 1.426788 -0.077125
v -0.427726 1.418980 -0.075866
v -0.437531 1.411093 -0.073795
v -0.272989 1.537411 -0.070720
v -0.285551 1.528402 -0.072624
v -0.295271 1.519530 -0.067648
v -0.306410 1.507627 -0.061984
v -0.315705 1.494846 -0.061976
v -0.326400 1.483647 -0.066240
v -0.338236 1.474015 -0.067267
v -0.350931 1.465612 -0.066928
v -0.364085 1.457726 -0.066431
v -0.377313 1.449934 -0.065824
v -0.390476 1.442123 -0.065206
v -0.403537 1.434371 -0.064607
v -0.416312 1.426735 -0.063926
v -0.428285 1.419140 -0.062821
v -0.438553 1.411529 -0.060584
v -0.280184 1.527165 -0.054659
v -0.293026 1.513038 -0.051256
v -0.304131 1.501571 -0.050417
v -0.313726 1.490005 -0.051692
v -0.324730 1.479729 -0.053078
v -0.336911 1.470923 -0.053540
v -0.349936 1.463135 -0.053444
v -0.363295 1.455682 -0.053128
v -0.376667 1.448206 -0.052747
v -0.389973 1.440668 -0.052367
v -0.403197 1.433165 -0.051987
v -0.416194 1.425763 -0.051480
v -0.428480 1.418360 -0.050481
v -0.438834 1.410457 -0.048442
v -0.278893 1.513109 -0.035608
v -0.294252 1.506430 -0.041665
v -0.300667 1.494160 -0.039273
v -0.311644 1.484808 -0.044415
v -0.321708 1.473969 -0.041109
v -0.334291 1.465956 -0.041146
v -0.347578 1.458594 -0.041001
v -0.361083 1.451361 -0.040816
v -0.374597 1.444074 -0.040623
v -0.388083 1.436771 -0.040408
v -0.401516 1.429538 -0.040128
v -0.414747 1.422388 -0.039648
v -0.427189 1.414994 -0.038693
v -0.437399 1.406515 -0.036909
v -0.285635 1.497009 -0.030609
v -0.295430 1.484873 -0.030304
v -0.306198 1.475240 -0.030656
v -0.317811 1.466919 -0.030302
v -0.330729 1.459499 -0.029853
v -0.344194 1.452418 -0.029477
v -0.357807 1.445277 -0.029246
v -0.371419 1.438013 -0.029120
v -0.385004 1.430735 -0.028997
v -0.398552 1.423560 -0.028766
v -0.411897 1.416454 -0.028293
v -0.424400 1.408983 -0.027388
v -0.434654 1.400329 -0.025817
v -0.278894 1.483087 -0.020128
v -0.292612 1.475183 -0.023027
v -0.301364 1.466507 -0.021731
v -0.313614 1.458791 -0.020817
v -0.326734 1.451942 -0.019834
v -0.340306 1.445160 -0.019014
v -0.354028 1.438113 -0.018537
v -0.367716 1.430814 -0.018319
v -0.381352 1.423456 -0.018172
v -0.394939 1.416188 -0.017942
v -0.408324 1.408981 -0.017504
v -0.420923 1.401523 -0.016725
v -0.431432 1.393190 -0.015480
v -0.283395 1.465777 -0.014416
v -0.297333 1.456372 -0.014128
v -0.309856 1.449729 -0.013143
v -0.322660 1.443316 -0.011674
v -0.336190 1.436712 -0.010471
v -0.349896 1.429704 -0.009711
v -0.363625 1.422425 -0.009240
v -0.377328 1.415072 -0.008872
v -0.390972 1.407749 -0.008487
v -0.404415 1.400465 -0.008002
v -0.417149 1.393061 -0.007347
v -0.427926 1.384933 -0.006578
v -0.283119 1.450286 -0.007953
v -0.296177 1.446315 -0.008972
v -0.306048 1.439854 -0.007410
v -0.318952 1.433665 -0.006033
v -0.331983 1.426932 -0.004761
v -0.345459 1.419878 -0.003766
v -0.359120 1.412639 -0.002925
v -0.372870 1.405337 -0.002185
v -0.386581 1.398006 -0.001507
v -0.400104 1.390671 -0.000849
v -0.412973 1.383226 -0.000208
v -0.423958 1.375002 0.000230
v -0.287698 1.434640 -0.003426
v -0.304600 1.430088 -0.003879
v -0.315256 1.423223 -0.002599
v -0.327942 1.416375 -0.001402
v -0.340829 1.409104 -0.000127
v -0.354364 1.401804 0.001042
v -0.368062 1.394463 0.002037
v -0.381764 1.387041 0.002897
v -0.395319 1.379578 0.003664
v -0.408266 1.371992 0.004311
v -0.419396 1.363690 0.004605
v -0.297773 1.418450 -0.000653
v -0.313279 1.413173 -0.000292
v -0.323270 1.405383 0.001096
v -0.336268 1.397788 0.002501
v -0.349559 1.390389 0.003637
v -0.363042 1.382880 0.004497
v -0.376658 1.375280 0.005203
v -0.390191 1.367653 0.005802
v -0.403161 1.359928 0.006266
v -0.414330 1.351533 0.006300
v -0.304234 1.402065 0.001214
v -0.319480 1.393436 0.002232
v -0.332222 1.386227 0.003194
v -0.344771 1.378622 0.003715
v -0.358018 1.370898 0.004099
v -0.371534 1.363174 0.004416
v -0.385035 1.355454 0.004701
v -0.398004 1.347664 0.004929
v -0.409223 1.339408 0.004843
v -0.305186 1.386580 0.000367
v -0.318455 1.382639 0.001166
v -0.327827 1.374934 0.000604
v -0.340326 1.366974 0.000272
v -0.353386 1.359202 0.000058
v -0.366789 1.351451 -0.000072
v -0.380279 1.343705 -0.000038
v -0.393268 1.335956 0.000115
v -0.404680 1.328244 0.000205
v -0.310170 1.372653 -0.003465
v -0.324353 1.363806 -0.005131
v -0.336772 1.356290 -0.006160
v -0.349374 1.348593 -0.007243
v -0.362795 1.340832 -0.007838
v -0.376342 1.333119 -0.007947
v -0.389405 1.325523 -0.007736
v -0.401087 1.318508 -0.007361
v -0.310832 1.359288 -0.011603
v -0.323615 1.354568 -0.011941
v -0.333155 1.347258 -0.015124
v -0.346214 1.339431 -0.017237
v -0.359916 1.331749 -0.018169
v -0.373623 1.324202 -0.018299
v -0.386832 1.316988 -0.017898
v -0.398888 1.311167 -0.016896
v -0.315704 1.347728 -0.021615
v -0.330411 1.339167 -0.026757
v -0.344452 1.331646 -0.029291
v -0.358567 1.324312 -0.030278
v -0.372594 1.317248 -0.030174
v -0.386104 1.311036 -0.029171
v -0.398978 1.307858 -0.026593
v -0.315635 1.338226 -0.035917
v -0.330005 1.331917 -0.040175
v -0.344421 1.325159 -0.042715
v -0.359210 1.318444 -0.043329
v -0.373831 1.312431 -0.042320
v -0.387911 1.308193 -0.040022
v -0.402391 1.309170 -0.034775
v -0.316589 1.331468 -0.050310
v -0.330889 1.326094 -0.054245
v -0.345937 1.319614 -0.057862
v -0.362501 1.313976 -0.055768
v -0.377365 1.309593 -0.053781
v -0.392252 1.307742 -0.050036
v -0.408088 1.311568 -0.041908
v 0.092115 1.569025 -0.056076
v 0.084545 1.558083 -0.034747
v 0.072729 1.548736 -0.017167
v 0.059996 1.540775 -0.003466
v 0.046100 1.533382 0.007648
v 0.030626 1.527906 0.015238
v 0.015378 1.525301 0.018456
v 0.000815 1.525285 0.018301
v -0.013649 1.527854 0.015420
v -0.028386 1.533151 0.009795
v -0.044205 1.540766 0.000917
v -0.059774 1.549649 -0.011616
v -0.073270 1.558379 -0.027456
v -0.084479 1.567100 -0.046429
v -0.091479 1.576233 -0.068000
v -0.094830 1.584085 -0.093479
v -0.083798 1.590383 -0.113228
v -0.070156 1.586183 -0.126641
v -0.055367 1.579109 -0.134189
v -0.039796 1.574571 -0.136769
v -0.022650 1.572468 -0.136444
v -0.001475 1.570470 -0.136298
v 0.019499 1.570780 -0.137772
v 0.038035 1.574468 -0.137039
v 0.055691 1.580174 -0.133550
v 0.071354 1.587878 -0.124183
v 0.086233 1.589220 -0.108523
v 0.095810 1.580662 -0.084185
v 0.085493 1.588060 -0.081469
v 0.082097 1.592047 -0.082420
v 0.072599 1.599237 -0.096586
v 0.070335 1.599440 -0.104984
v 0.060171 1.595814 -0.119900
v 0.056114 1.592653 -0.125266
v 0.045329 1.587547 -0.128290
v 0.047495 1.591990 -0.125806
v 0.017722 1.574199 -0.133367
v 0.002554 1.572006 -0.087863
v -0.031941 1.579950 -0.100908
v -0.058496 1.599273 -0.114705
v -0.063104 1.595099 -0.119363
v -0.062352 1.591218 -0.123727
v -0.066927 1.592450 -0.120650
v -0.072105 1.593675 -0.117331
v -0.072425 1.596113 -0.113632
v -0.072736 1.597738 -0.103920
v -0.074859 1.598092 -0.089579
v -0.060429 1.584164 -0.081877
v -0.041116 1.571488 -0.063702
v -0.014554 1.561421 -0.031260
v -0.013724 1.549132 0.008120
v -0.008090 1.543499 0.008458
v -0.005858 1.539447 0.010749
v -0.004079 1.536231 0.014339
v -0.001900 1.534158 0.016847
v 0.001534 1.533396 0.017604
v 0.003025 1.534632 0.016177
v 0.004587 1.537099 0.012855
v 0.007143 1.540536 0.009296
v 0.013088 1.545680 0.007553
v 0.026705 1.556664 0.001763
v 0.032230 1.564408 -0.041079
v 0.050421 1.577374 -0.075087
v 0.078367 1.591073 -0.071419
v 0.085521 1.579989 -0.066895
v 0.080733 1.568396 -0.046615
v 0.070570 1.557737 -0.026533
v 0.056691 1.548910 -0.009676
v 0.042181 1.541394 0.001769
v 0.026979 1.535384 0.010314
v 0.016244 1.530912 0.015597
v 0.005239 1.529478 0.017225
v -0.005887 1.530561 0.015960
v -0.016983 1.534193 0.012262
v -0.028300 1.540884 0.006071
v -0.042469 1.550177 -0.002004
v -0.061859 1.557445 -0.017785
v -0.074801 1.566379 -0.037955
v -0.082843 1.576541 -0.059079
v -0.086307 1.587391 -0.081650
v -0.085215 1.590454 -0.099432
v -0.075721 1.591281 -0.118873
v -0.061770 1.586540 -0.128445
v -0.051898 1.583610 -0.130669
v -0.038542 1.580123 -0.132332
v -0.015106 1.575176 -0.132291
v 0.010538 1.574586 -0.132230
v 0.028057 1.578159 -0.132319
v 0.045488 1.582868 -0.131437
v 0.059410 1.588417 -0.127763
v 0.077064 1.594909 -0.111122
v 0.084193 1.592114 -0.096744
v 0.079801 1.595508 -0.090074
v 0.076709 1.597330 -0.092052
v 0.073925 1.597159 -0.107091
v 0.064656 1.593276 -0.121153
v 0.051871 1.588860 -0.127785
v 0.041053 1.585234 -0.129433
v 0.029336 1.581246 -0.129808
v 0.013300 1.576767 -0.127419
v -0.006890 1.576759 -0.126958
v -0.030505 1.581716 -0.129357
v -0.049752 1.588951 -0.127514
v -0.058112 1.590069 -0.126585
v -0.061740 1.589189 -0.125918
v -0.069561 1.590570 -0.121471
v -0.078087 1.593928 -0.111662
v -0.080095 1.594404 -0.099215
v -0.080310 1.594661 -0.088180
v -0.081108 1.588719 -0.072808
v -0.078098 1.574508 -0.050715
v -0.067223 1.563609 -0.026936
v -0.040546 1.556576 -0.002894
v -0.026504 1.547087 0.003829
v -0.017443 1.541871 0.007996
v -0.014110 1.537916 0.011252
v -0.007768 1.534264 0.015034
v -0.000665 1.532387 0.017135
v 0.006269 1.532564 0.016885
v 0.012246 1.534697 0.014146
v 0.015266 1.537723 0.010674
v 0.023991 1.541361 0.006415
v 0.036958 1.548430 -0.000387
v 0.055707 1.556823 -0.011632
v 0.072234 1.566296 -0.039457
v 0.079467 1.580416 -0.058579
v 0.081330 1.588686 -0.073187
v 0.083599 1.586816 -0.074708
v -0.189617 1.579412 -0.085139
v 0.031525 1.580873 -0.130829
f 123 124 299
f 299 298 123
f 122 123 298
f 298 297 122
f 121 122 297
f 297 296 121
f 120 121 296
f 296 295 120
f 119 120 295
f 295 294 119
f 118 119 294
f 294 293 118
f 117 118 293
f 293 292 117
f 116 117 292
f 292 291 116
f 115 116 291
f 291 290 115
f 114 115 290
f 290 289 114
f 113 114 289
f 289 288 113
f 112 113 288
f 288 287 112
f 111 112 287
f 287 286 111
f 110 111 286
f 286 285 110
f 109 110 285
f 285 284 109
f 108 109 284
f 284 283 108
f 107 108 283
f 283 282 107
f 106 107 282
f 282 281 106
f 105 106 281
f 281 280 105
f 104 105 280
f 280 279 104
f 103 104 279
f 279 278 103
f 102 103 278
f 278 277 102
f 101 102 277
f 277 276 101
f 100 101 276
f 276 275 100
f 99 100 275
f 275 274 99
f 98 99 274
f 274 273 98
f 97 98 273
f 273 272 97
f 96 97 272
f 272 271 96
f 95 96 271
f 271 270 95
f 94 95 270
f 3 126 2
f 125 2 126
f 300 125 126
f 126 332 300
f 301 300 332
f 332 333 301
f 302 301 333
f 333 334 302
f 303 302 334
f 334 335 303
f 304 303 335
f 335 336 304
f 305 304 336
f 336 337 305
f 306 305 337
f 337 338 306
f 307 306 338
f 338 339 307
f 308 307 339
f 339 340 308
f 309 308 340
f 340 341 309
f 310 309 341
f 341 342 310
f 311 310 342
f 342 343 311
f 312 311 343
f 343 344 312
f 313 312 344
f 344 345 313
f 314 313 345
f 345 346 314
f 315 314 346
f 346 347 315
f 316 315 347
f 347 348 316
f 317 316 348
f 348 349 317
f 318 317 349
f 349 350 318
f 319 318 350
f 350 351 319
f 320 319 351
f 351 352 320
f 321 320 352
f 352 353 321
f 322 321 353
f 353 354 322
f 323 322 354
f 329 330 269
f 268 269 330
f 330 331 268
f 267 268 331
f 331 266 267
f 4483 267 266
f 266 4482 4483
f 2 125 1
f 124 1 125
f 299 124 125
f 125 300 299
f 298 299 300
f 300 301 298
f 297 298 301
f 301 302 297
f 296 297 302
f 302 303 296
f 295 296 303
f 303 304 295
f 294 295 304
f 304 305 294
f 293 294 305
f 305 306 293
f 292 293 306
f 306 307 292
f 291 292 307
f 307 308 291
f 290 291 308
f 308 309 290
f 289 290 309
f 309 310 289
f 288 289 310
f 310 311 288
f 287 288 311
f 311 312 287
f 286 287 312
f 312 313 286
f 285 286 313
f 313 314 285
f 284 285 314
f 314 315 284
f 283 284 315
f 315 316 283
f 282 283 316
f 316 317 282
f 281 282 317
f 317 318 281
f 280 281 318
f 318 319 280
f 279 280 319
f 319 320 279
f 278 279 320
f 320 321 278
f 277 278 321
f 321 322 277
f 276 277 322
f 322 323 276
f 275 276 323
f 323 324 275
f 274 275 324
f 324 325 274
f 273 274 325
f 325 326 273
f 272 273 326
f 326 327 272
f 271 272 327
f 327 328 271
f 270 271 328
f 328 329 270
f 329 269 270
f 94 270 269
f 93 94 269
f 269 268 93
f 92 93 268
f 268 267 92
f 4526 92 267
f 267 4483 4526
f 264 4480 4481
f 264 4481 265
f 263 262 4479
f 262 4478 4479
f 5 128 4
f 127 4 128
f 365 127 128
f 128 399 365
f 366 365 399
f 399 400 366
f 367 366 400
f 400 401 367
f 368 367 401
f 401 402 368
f 369 368 402
f 402 403 369
f 370 369 403
f 403 404 370
f 371 370 404
f 404 405 371
f 372 371 405
f 405 406 372
f 373 372 406
f 406 407 373
f 374 373 407
f 387 388 355
f 356 355 388
f 388 389 356
f 357 356 389
f 389 390 357
f 358 357 390
f 390 391 358
f 359 358 391
f 391 392 359
f 360 359 392
f 392 393 360
f 361 360 393
f 393 394 361
f 362 361 394
f 394 395 362
f 363 362 395
f 395 396 363
f 364 363 396
f 396 397 364
f 265 364 397
f 397 398 265
f 264 265 398
f 4480 264 263
f 263 4479 4480
f 261 260 4477
f 260 4476 4477
f 442 443 408
f 409 408 443
f 443 444 409
f 410 409 444
f 444 445 410
f 411 410 445
f 445 446 411
f 412 411 446
f 446 447 412
f 413 412 447
f 447 448 413
f 414 413 448
f 448 449 414
f 415 414 449
f 449 450 415
f 416 415 450
f 450 451 416
f 417 416 451
f 451 452 417
f 418 417 452
f 452 453 418
f 419 418 453
f 453 454 419
f 420 419 454
f 454 455 420
f 421 420 455
f 455 456 421
f 422 421 456
f 456 457 422
f 423 422 457
f 457 458 423
f 424 423 458
f 458 459 424
f 425 424 459
f 459 460 425
f 426 425 460
f 460 461 426
f 427 426 461
f 461 462 427
f 428 427 462
f 462 463 428
f 429 428 463
f 463 464 429
f 430 429 464
f 464 465 430
f 431 430 465
f 465 466 431
f 432 431 466
f 6 129 5
f 128 5 129
f 399 128 129
f 129 434 399
f 400 399 434
f 434 435 400
f 401 400 435
f 435 436 401
f 402 401 436
f 436 437 402
f 403 402 437
f 437 438 403
f 404 403 438
f 438 439 404
f 405 404 439
f 439 440 405
f 406 405 440
f 440 441 406
f 407 406 441
f 441 442 407
f 442 408 407
f 374 407 408
f 375 374 408
f 408 409 375
f 376 375 409
f 409 410 376
f 377 376 410
f 410 411 377
f 378 377 411
f 411 412 378
f 379 378 412
f 412 413 379
f 380 379 413
f 413 414 380
f 381 380 414
f 414 415 381
f 382 381 415
f 415 416 382
f 383 382 416
f 416 417 383
f 384 383 417
f 417 418 384
f 385 384 418
f 418 419 385
f 386 385 419
f 419 420 386
f 387 386 420
f 420 421 387
f 388 387 421
f 421 422 388
f 389 388 422
f 422 423 389
f 390 389 423
f 423 424 390
f 391 390 424
f 424 425 391
f 392 391 425
f 425 426 392
f 393 392 426
f 426 427 393
f 394 393 427
f 427 428 394
f 395 394 428
f 428 429 395
f 396 395 429
f 429 430 396
f 397 396 430
f 430 431 397
f 398 397 431
f 431 432 398
f 432 433 398
f 264 398 433
f 263 264 433
f 4478 262 261
f 261 4477 4478
f 4 127 3
f 126 3 127
f 332 126 127
f 127 365 332
f 333 332 365
f 365 366 333
f 334 333 366
f 366 367 334
f 335 334 367
f 367 368 335
f 336 335 368
f 368 369 336
f 337 336 369
f 369 370 337
f 338 337 370
f 370 371 338
f 339 338 371
f 371 372 339
f 340 339 372
f 372 373 340
f 341 340 373
f 373 374 341
f 342 341 374
f 374 375 342
f 343 342 375
f 375 376 343
f 344 343 376
f 376 377 344
f 345 344 377
f 377 378 345
f 346 345 378
f 378 379 346
f 347 346 379
f 379 380 347
f 348 347 380
f 380 381 348
f 349 348 381
f 381 382 349
f 350 349 382
f 382 383 350
f 351 350 383
f 383 384 351
f 352 351 384
f 384 385 352
f 353 352 385
f 385 386 353
f 354 353 386
f 386 387 354
f 387 355 354
f 323 354 355
f 324 323 355
f 355 356 324
f 325 324 356
f 356 357 325
f 326 325 357
f 357 358 326
f 327 326 358
f 358 359 327
f 328 327 359
f 359 360 328
f 329 328 360
f 360 361 329
f 330 329 361
f 361 362 330
f 331 330 362
f 362 363 331
f 363 364 331
f 266 331 364
f 364 265 266
f 4482 266 265
f 265 4481 4482
f 258 257 4474
f 4473 4474 257
f 257 256 4473
f 256 4472 4473
f 4472 256 255
f 4471 4472 255
f 130 7 131
f 471 130 131
f 503 504 467
f 468 467 504
f 504 505 468
f 469 468 505
f 505 506 469
f 470 469 506
f 506 507 470
f 507 508 470
f 509 510 259
f 258 259 510
f 257 258 510
f 4471 255 254
f 4470 4471 254
f 254 253 4470
f 4469 4470 253
f 9 132 8
f 132 561 511
f 512 511 561
f 561 562 512
f 513 512 562
f 562 563 513
f 514 513 563
f 563 564 514
f 515 514 564
f 564 565 515
f 516 515 565
f 556 557 252
f 251 252 557
f 557 558 251
f 250 251 558
f 558 559 250
f 249 250 559
f 559 560 249
f 248 249 560
f 560 247 248
f 91 248 247
f 247 90 91
f 131 7 8
f 8 132 131
f 132 511 131
f 471 131 511
f 472 471 511
f 511 512 472
f 473 472 512
f 512 513 473
f 474 473 513
f 513 514 474
f 475 474 514
f 514 515 475
f 476 475 515
f 515 516 476
f 477 476 516
f 516 517 477
f 478 477 517
f 517 518 478
f 479 478 518
f 518 519 479
f 480 479 519
f 519 520 480
f 481 480 520
f 520 521 481
f 482 481 521
f 521 522 482
f 483 482 522
f 522 523 483
f 484 483 523
f 523 524 484
f 485 484 524
f 524 525 485
f 486 485 525
f 525 526 486
f 487 486 526
f 526 527 487
f 488 487 527
f 527 528 488
f 489 488 528
f 528 529 489
f 490 489 529
f 529 530 490
f 491 490 530
f 530 531 491
f 492 491 531
f 531 532 492
f 493 492 532
f 532 533 493
f 494 493 533
f 533 534 494
f 495 494 534
f 534 535 495
f 496 495 535
f 535 536 496
f 497 496 536
f 536 537 497
f 498 497 537
f 537 538 498
f 499 498 538
f 538 539 499
f 500 499 539
f 539 540 500
f 501 500 540
f 540 541 501
f 502 501 541
f 541 542 502
f 503 502 542
f 542 543 503
f 504 503 543
f 543 544 504
f 505 504 544
f 544 545 505
f 506 505 545
f 545 546 506
f 507 506 546
f 546 547 507
f 508 507 547
f 547 548 508
f 509 508 548
f 548 549 509
f 510 509 549
f 549 550 510
f 550 551 510
f 257 510 551
f 551 552 257
f 256 257 552
f 552 553 256
f 255 256 553
f 553 554 255
f 254 255 554
f 554 555 254
f 253 254 555
f 555 556 253
f 556 252 253
f 4469 253 252
f 4468 4469 252
f 252 251 4468
f 4467 4468 251
f 251 250 4467
f 4466 4467 250
f 250 249 4466
f 4465 4466 249
f 249 248 4465
f 4464 4465 248
f 248 91 4464
f 615 616 566
f 567 566 616
f 616 617 567
f 568 567 617
f 617 618 568
f 569 568 618
f 618 619 569
f 570 569 619
f 619 620 570
f 571 570 620
f 620 621 571
f 572 571 621
f 621 622 572
f 573 572 622
f 622 623 573
f 574 573 623
f 623 624 574
f 575 574 624
f 624 625 575
f 576 575 625
f 625 626 576
f 577 576 626
f 676 677 627
f 628 627 677
f 677 678 628
f 629 628 678
f 678 679 629
f 630 629 679
f 679 680 630
f 631 630 680
f 680 681 631
f 632 631 681
f 681 682 632
f 633 632 682
f 682 683 633
f 634 633 683
f 683 684 634
f 635 634 684
f 684 685 635
f 636 635 685
f 685 686 636
f 637 636 686
f 686 687 637
f 638 637 687
f 687 688 638
f 639 638 688
f 11 134 10
f 133 10 134
f 611 133 134
f 134 661 611
f 612 611 661
f 661 662 612
f 613 612 662
f 662 663 613
f 614 613 663
f 663 664 614
f 615 614 664
f 664 665 615
f 616 615 665
f 665 666 616
f 617 616 666
f 666 667 617
f 618 617 667
f 667 668 618
f 619 618 668
f 668 669 619
f 620 619 669
f 669 670 620
f 621 620 670
f 670 671 621
f 622 621 671
f 671 672 622
f 623 622 672
f 672 673 623
f 624 623 673
f 673 674 624
f 625 624 674
f 674 675 625
f 626 625 675
f 675 676 626
f 676 627 626
f 577 626 627
f 578 577 627
f 627 628 578
f 579 578 628
f 628 629 579
f 580 579 629
f 629 630 580
f 581 580 630
f 630 631 581
f 582 581 631
f 631 632 582
f 583 582 632
f 632 633 583
f 584 583 633
f 633 634 584
f 585 584 634
f 634 635 585
f 586 585 635
f 635 636 586
f 587 586 636
f 636 637 587
f 588 587 637
f 637 638 588
f 589 588 638
f 638 639 589
f 590 589 639
f 639 640 590
f 591 590 640
f 640 641 591
f 592 591 641
f 641 642 592
f 593 592 642
f 642 643 593
f 594 593 643
f 643 644 594
f 595 594 644
f 644 645 595
f 596 595 645
f 645 646 596
f 597 596 646
f 646 647 597
f 598 597 647
f 647 648 598
f 599 598 648
f 648 649 599
f 600 599 649
f 649 650 600
f 601 600 650
f 650 651 601
f 602 601 651
f 651 652 602
f 603 602 652
f 652 653 603
f 604 603 653
f 653 654 604
f 605 604 654
f 654 655 605
f 606 605 655
f 655 656 606
f 607 606 656
f 656 657 607
f 608 607 657
f 657 658 608
f 609 608 658
f 658 659 609
f 610 609 659
f 659 660 610
f 246 610 660
f 660 245 246
f 89 246 245
f 245 88 89
f 10 133 9
f 132 9 133
f 561 132 133
f 133 611 561
f 562 561 611
f 611 612 562
f 563 562 612
f 612 613 563
f 564 563 613
f 613 614 564
f 565 564 614
f 614 615 565
f 615 566 565
f 516 565 566
f 517 516 566
f 566 567 517
f 518 517 567
f 567 568 518
f 519 518 568
f 568 569 519
f 520 519 569
f 569 570 520
f 521 520 570
f 570 571 521
f 522 521 571
f 571 572 522
f 523 522 572
f 572 573 523
f 524 523 573
f 573 574 524
f 525 524 574
f 574 575 525
f 526 525 575
f 575 576 526
f 527 526 576
f 576 577 527
f 528 527 577
f 577 578 528
f 529 528 578
f 578 579 529
f 530 529 579
f 579 580 530
f 531 530 580
f 580 581 531
f 532 531 581
f 581 582 532
f 533 532 582
f 582 583 533
f 534 533 583
f 583 584 534
f 535 534 584
f 584 585 535
f 536 535 585
f 585 586 536
f 537 536 586
f 586 587 537
f 538 537 587
f 587 588 538
f 539 538 588
f 588 589 539
f 540 539 589
f 589 590 540
f 541 540 590
f 590 591 541
f 542 541 591
f 591 592 542
f 543 542 592
f 592 593 543
f 544 543 593
f 593 594 544
f 545 544 594
f 594 595 545
f 546 545 595
f 595 596 546
f 547 546 596
f 596 597 547
f 548 547 597
f 597 598 548
f 549 548 598
f 598 599 549
f 550 549 599
f 599 600 550
f 551 550 600
f 600 601 551
f 552 551 601
f 601 602 552
f 553 552 602
f 602 603 553
f 554 553 603
f 603 604 554
f 555 554 604
f 604 605 555
f 556 555 605
f 605 606 556
f 557 556 606
f 606 607 557
f 558 557 607
f 607 608 558
f 559 558 608
f 608 609 559
f 560 559 609
f 609 610 560
f 247 560 610
f 610 246 247
f 90 247 246
f 246 89 90
f 3981 3988 3982
f 7 130 6
f 129 6 130
f 434 129 130
f 130 471 434
f 435 434 471
f 471 472 435
f 436 435 472
f 472 473 436
f 437 436 473
f 473 474 437
f 438 437 474
f 474 475 438
f 439 438 475
f 475 476 439
f 440 439 476
f 476 477 440
f 441 440 477
f 477 478 441
f 442 441 478
f 478 479 442
f 443 442 479
f 479 480 443
f 444 443 480
f 480 481 444
f 445 444 481
f 481 482 445
f 446 445 482
f 482 483 446
f 447 446 483
f 483 484 447
f 448 447 484
f 484 485 448
f 449 448 485
f 485 486 449
f 450 449 486
f 486 487 450
f 451 450 487
f 487 488 451
f 452 451 488
f 488 489 452
f 453 452 489
f 489 490 453
f 454 453 490
f 490 491 454
f 455 454 491
f 491 492 455
f 456 455 492
f 492 493 456
f 457 456 493
f 493 494 457
f 458 457 494
f 494 495 458
f 459 458 495
f 495 496 459
f 460 459 496
f 496 497 460
f 461 460 497
f 497 498 461
f 462 461 498
f 498 499 462
f 463 462 499
f 499 500 463
f 464 463 500
f 500 501 464
f 465 464 501
f 501 502 465
f 466 465 502
f 502 503 466
f 503 467 466
f 432 466 467
f 433 432 467
f 467 468 433
f 468 469 433
f 263 433 469
f 262 263 469
f 469 470 262
f 261 262 470
f 260 261 470
f 470 508 260
f 508 509 260
f 509 259 260
f 4476 260 259
f 4475 4476 259
f 259 258 4475
f 258 4474 4475
f 738 739 689
f 690 689 739
f 739 740 690
f 691 690 740
f 740 741 691
f 692 691 741
f 741 742 692
f 693 692 742
f 742 743 693
f 694 693 743
f 743 744 694
f 695 694 744
f 744 745 695
f 696 695 745
f 745 746 696
f 697 696 746
f 746 747 697
f 698 697 747
f 747 748 698
f 699 698 748
f 748 749 699
f 700 699 749
f 799 800 750
f 751 750 800
f 800 801 751
f 752 751 801
f 801 802 752
f 753 752 802
f 802 803 753
f 754 753 803
f 803 804 754
f 755 754 804
f 804 805 755
f 756 755 805
f 805 806 756
f 757 756 806
f 806 807 757
f 758 757 807
f 807 808 758
f 759 758 808
f 808 809 759
f 760 759 809
f 809 810 760
f 243 760 810
f 13 136 12
f 135 12 136
f 711 135 136
f 136 761 711
f 712 711 761
f 761 762 712
f 713 712 762
f 762 763 713
f 714 713 763
f 763 764 714
f 715 714 764
f 764 765 715
f 716 715 765
f 765 766 716
f 717 716 766
f 766 767 717
f 718 717 767
f 767 768 718
f 719 718 768
f 768 769 719
f 720 719 769
f 769 770 720
f 721 720 770
f 770 771 721
f 722 721 771
f 771 772 722
f 723 722 772
f 772 773 723
f 724 723 773
f 773 774 724
f 725 724 774
f 774 775 725
f 726 725 775
f 775 776 726
f 727 726 776
f 776 777 727
f 728 727 777
f 777 778 728
f 729 728 778
f 778 779 729
f 730 729 779
f 779 780 730
f 731 730 780
f 780 781 731
f 732 731 781
f 781 782 732
f 733 732 782
f 782 783 733
f 734 733 783
f 783 784 734
f 735 734 784
f 784 785 735
f 736 735 785
f 785 786 736
f 737 736 786
f 786 787 737
f 738 737 787
f 787 788 738
f 739 738 788
f 788 789 739
f 740 739 789
f 789 790 740
f 741 740 790
f 790 791 741
f 742 741 791
f 791 792 742
f 743 742 792
f 792 793 743
f 744 743 793
f 793 794 744
f 745 744 794
f 794 795 745
f 746 745 795
f 795 796 746
f 747 746 796
f 796 797 747
f 748 747 797
f 797 798 748
f 749 748 798
f 798 799 749
f 799 750 749
f 700 749 750
f 701 700 750
f 750 751 701
f 702 701 751
f 751 752 702
f 703 702 752
f 752 753 703
f 704 703 753
f 753 754 704
f 705 704 754
f 754 755 705
f 706 705 755
f 755 756 706
f 707 706 756
f 756 757 707
f 708 707 757
f 757 758 708
f 709 708 758
f 758 759 709
f 710 709 759
f 759 760 710
f 244 710 760
f 760 243 244
f 87 244 243
f 243 86 87
f 15 138 14
f 137 14 138
f 811 137 138
f 138 861 811
f 812 811 861
f 861 862 812
f 813 812 862
f 862 863 813
f 814 813 863
f 863 864 814
f 815 814 864
f 864 865 815
f 816 815 865
f 865 866 816
f 817 816 866
f 866 867 817
f 818 817 867
f 860 241 242
f 85 242 241
f 241 84 85
f 239 909 238
f 240 239 4992
f 4992 4993 240
f 916 917 868
f 869 868 917
f 917 918 869
f 870 869 918
f 918 919 870
f 871 870 919
f 919 920 871
f 872 871 920
f 920 921 872
f 873 872 921
f 921 922 873
f 874 873 922
f 922 923 874
f 875 874 923
f 923 924 875
f 876 875 924
f 924 925 876
f 877 876 925
f 925 926 877
f 878 877 926
f 16 139 15
f 138 15 139
f 861 138 139
f 139 910 861
f 862 861 910
f 910 911 862
f 863 862 911
f 911 912 863
f 864 863 912
f 912 913 864
f 865 864 913
f 913 914 865
f 866 865 914
f 914 915 866
f 867 866 915
f 915 916 867
f 916 868 867
f 818 867 868
f 819 818 868
f 868 869 819
f 820 819 869
f 869 870 820
f 821 820 870
f 870 871 821
f 822 821 871
f 871 872 822
f 823 822 872
f 872 873 823
f 824 823 873
f 873 874 824
f 825 824 874
f 874 875 825
f 826 825 875
f 875 876 826
f 827 826 876
f 876 877 827
f 828 827 877
f 877 878 828
f 829 828 878
f 878 879 829
f 830 829 879
f 879 880 830
f 831 830 880
f 880 881 831
f 832 831 881
f 881 882 832
f 833 832 882
f 882 883 833
f 834 833 883
f 883 884 834
f 835 834 884
f 884 885 835
f 836 835 885
f 885 886 836
f 837 836 886
f 886 887 837
f 838 837 887
f 887 888 838
f 839 838 888
f 888 889 839
f 840 839 889
f 889 890 840
f 841 840 890
f 890 891 841
f 842 841 891
f 891 892 842
f 843 842 892
f 892 893 843
f 844 843 893
f 893 894 844
f 845 844 894
f 894 895 845
f 846 845 895
f 895 896 846
f 847 846 896
f 896 897 847
f 848 847 897
f 897 898 848
f 849 848 898
f 898 899 849
f 850 849 899
f 899 900 850
f 851 850 900
f 900 901 851
f 852 851 901
f 901 902 852
f 853 852 902
f 902 903 853
f 854 853 903
f 903 904 854
f 855 854 904
f 904 905 855
f 856 855 905
f 905 906 856
f 857 856 906
f 906 907 857
f 858 857 907
f 907 908 858
f 859 858 908
f 908 909 859
f 860 859 909
f 909 239 860
f 241 860 239
f 239 240 241
f 84 241 240
f 240 4993 84
f 3987 3982 3988
f 14 137 13
f 136 13 137
f 761 136 137
f 137 811 761
f 762 761 811
f 811 812 762
f 763 762 812
f 812 813 763
f 764 763 813
f 813 814 764
f 765 764 814
f 814 815 765
f 766 765 815
f 815 816 766
f 767 766 816
f 816 817 767
f 768 767 817
f 817 818 768
f 769 768 818
f 818 819 769
f 770 769 819
f 819 820 770
f 771 770 820
f 820 821 771
f 772 771 821
f 821 822 772
f 773 772 822
f 822 823 773
f 774 773 823
f 823 824 774
f 775 774 824
f 824 825 775
f 776 775 825
f 825 826 776
f 777 776 826
f 826 827 777
f 778 777 827
f 827 828 778
f 779 778 828
f 828 829 779
f 780 779 829
f 829 830 780
f 781 780 830
f 830 831 781
f 782 781 831
f 831 832 782
f 783 782 832
f 832 833 783
f 784 783 833
f 833 834 784
f 785 784 834
f 834 835 785
f 786 785 835
f 835 836 786
f 787 786 836
f 836 837 787
f 788 787 837
f 837 838 788
f 789 788 838
f 838 839 789
f 790 789 839
f 839 840 790
f 791 790 840
f 840 841 791
f 792 791 841
f 841 842 792
f 793 792 842
f 842 843 793
f 794 793 843
f 843 844 794
f 795 794 844
f 844 845 795
f 796 795 845
f 845 846 796
f 797 796 846
f 846 847 797
f 798 797 847
f 847 848 798
f 799 798 848
f 848 849 799
f 800 799 849
f 849 850 800
f 801 800 850
f 850 851 801
f 802 801 851
f 851 852 802
f 803 802 852
f 852 853 803
f 804 803 853
f 853 854 804
f 805 804 854
f 854 855 805
f 806 805 855
f 855 856 806
f 807 806 856
f 856 857 807
f 808 807 857
f 857 858 808
f 809 808 858
f 858 859 809
f 810 809 859
f 859 860 810
f 860 242 810
f 243 810 242
f 86 243 242
f 242 85 86
f 3982 3987 3983
f 974 975 927
f 928 927 975
f 975 976 928
f 929 928 976
f 976 977 929
f 930 929 977
f 977 978 930
f 931 930 978
f 978 979 931
f 932 931 979
f 979 980 932
f 933 932 980
f 980 981 933
f 934 933 981
f 981 982 934
f 935 934 982
f 982 983 935
f 936 935 983
f 983 984 936
f 937 936 984
f 984 985 937
f 938 937 985
f 985 986 938
f 939 938 986
f 1033 1034 987
f 988 987 1034
f 1034 1035 988
f 989 988 1035
f 1035 1036 989
f 990 989 1036
f 1036 1037 990
f 991 990 1037
f 1037 1038 991
f 992 991 1038
f 1038 1039 992
f 993 992 1039
f 1039 1040 993
f 994 993 1040
f 1040 1041 994
f 995 994 1041
f 1041 1042 995
f 996 995 1042
f 1042 1043 996
f 997 996 1043
f 1043 1044 997
f 998 997 1044
f 1044 1045 998
f 999 998 1045
f 1045 1046 999
f 1000 999 1046
f 1046 1047 1000
f 1001 1000 1047
f 1047 1048 1001
f 1002 1001 1048
f 18 141 17
f 140 17 141
f 958 140 141
f 141 1005 958
f 959 958 1005
f 1005 1006 959
f 960 959 1006
f 1006 1007 960
f 961 960 1007
f 1007 1008 961
f 962 961 1008
f 1008 1009 962
f 963 962 1009
f 1009 1010 963
f 964 963 1010
f 1010 1011 964
f 965 964 1011
f 1011 1012 965
f 966 965 1012
f 1012 1013 966
f 967 966 1013
f 1013 1014 967
f 968 967 1014
f 1014 1015 968
f 969 968 1015
f 1015 1016 969
f 970 969 1016
f 1016 1017 970
f 971 970 1017
f 1017 1018 971
f 972 971 1018
f 1018 1019 972
f 973 972 1019
f 1019 1020 973
f 974 973 1020
f 1020 1021 974
f 975 974 1021
f 1021 1022 975
f 976 975 1022
f 1022 1023 976
f 977 976 1023
f 1023 1024 977
f 978 977 1024
f 1024 1025 978
f 979 978 1025
f 1025 1026 979
f 980 979 1026
f 1026 1027 980
f 981 980 1027
f 1027 1028 981
f 982 981 1028
f 1028 1029 982
f 983 982 1029
f 1029 1030 983
f 984 983 1030
f 1030 1031 984
f 985 984 1031
f 1031 1032 985
f 986 985 1032
f 1032 1033 986
f 1033 987 986
f 939 986 987
f 940 939 987
f 987 988 940
f 941 940 988
f 988 989 941
f 942 941 989
f 989 990 942
f 943 942 990
f 990 991 943
f 944 943 991
f 991 992 944
f 945 944 992
f 992 993 945
f 946 945 993
f 993 994 946
f 947 946 994
f 994 995 947
f 948 947 995
f 995 996 948
f 949 948 996
f 996 997 949
f 950 949 997
f 997 998 950
f 951 950 998
f 998 999 951
f 952 951 999
f 999 1000 952
f 953 952 1000
f 1000 1001 953
f 954 953 1001
f 1001 1002 954
f 955 954 1002
f 1002 1003 955
f 956 955 1003
f 1003 1004 956
f 957 956 1004
f 1004 236 957
f 237 957 236
f 236 4989 237
f 4990 237 4989
f 20 143 19
f 142 19 143
f 1052 142 143
f 143 1098 1052
f 1053 1052 1098
f 1098 1099 1053
f 1054 1053 1099
f 1099 1100 1054
f 1055 1054 1100
f 1100 1101 1055
f 1056 1055 1101
f 1101 1102 1056
f 1057 1056 1102
f 1102 1103 1057
f 1058 1057 1103
f 1103 1104 1058
f 1059 1058 1104
f 1104 1105 1059
f 1060 1059 1105
f 1095 1096 1049
f 1050 1049 1096
f 1096 1097 1050
f 1051 1050 1097
f 235 1051 1097
f 1097 234 235
f 234 4987 235
f 4988 235 4987
f 1151 1152 1106
f 1107 1106 1152
f 1152 1153 1107
f 1108 1107 1153
f 1153 1154 1108
f 1109 1108 1154
f 1154 1155 1109
f 1110 1109 1155
f 1155 1156 1110
f 1111 1110 1156
f 1156 1157 1111
f 1112 1111 1157
f 1157 1158 1112
f 1113 1112 1158
f 1158 1159 1113
f 1114 1113 1159
f 1159 1160 1114
f 1115 1114 1160
f 1160 1161 1115
f 1116 1115 1161
f 1161 1162 1116
f 1117 1116 1162
f 1162 1163 1117
f 1118 1117 1163
f 1163 1164 1118
f 1119 1118 1164
f 1164 1165 1119
f 1120 1119 1165
f 1165 1166 1120
f 1121 1120 1166
f 1166 1167 1121
f 1122 1121 1167
f 21 144 20
f 143 20 144
f 1098 143 144
f 144 1144 1098
f 1099 1098 1144
f 1144 1145 1099
f 1100 1099 1145
f 1145 1146 1100
f 1101 1100 1146
f 1146 1147 1101
f 1102 1101 1147
f 1147 1148 1102
f 1103 1102 1148
f 1148 1149 1103
f 1104 1103 1149
f 1149 1150 1104
f 1105 1104 1150
f 1150 1151 1105
f 1151 1106 1105
f 1060 1105 1106
f 1061 1060 1106
f 1106 1107 1061
f 1062 1061 1107
f 1107 1108 1062
f 1063 1062 1108
f 1108 1109 1063
f 1064 1063 1109
f 1109 1110 1064
f 1065 1064 1110
f 1110 1111 1065
f 1066 1065 1111
f 1111 1112 1066
f 1067 1066 1112
f 1112 1113 1067
f 1068 1067 1113
f 1113 1114 1068
f 1069 1068 1114
f 1114 1115 1069
f 1070 1069 1115
f 1115 1116 1070
f 1071 1070 1116
f 1116 1117 1071
f 1072 1071 1117
f 1117 1118 1072
f 1073 1072 1118
f 1118 1119 1073
f 1074 1073 1119
f 1119 1120 1074
f 1075 1074 1120
f 1120 1121 1075
f 1076 1075 1121
f 1121 1122 1076
f 1077 1076 1122
f 1122 1123 1077
f 1078 1077 1123
f 1123 1124 1078
f 1079 1078 1124
f 1124 1125 1079
f 1080 1079 1125
f 1125 1126 1080
f 1081 1080 1126
f 1126 1127 1081
f 1082 1081 1127
f 1127 1128 1082
f 1083 1082 1128
f 1128 1129 1083
f 1084 1083 1129
f 1129 1130 1084
f 1085 1084 1130
f 1130 1131 1085
f 1086 1085 1131
f 1131 1132 1086
f 1087 1086 1132
f 1132 1133 1087
f 1088 1087 1133
f 1133 1134 1088
f 1089 1088 1134
f 1134 1135 1089
f 1090 1089 1135
f 1135 1136 1090
f 1091 1090 1136
f 1136 1137 1091
f 1092 1091 1137
f 1137 1138 1092
f 1093 1092 1138
f 1138 1139 1093
f 1094 1093 1139
f 1139 1140 1094
f 1095 1094 1140
f 1140 1141 1095
f 1096 1095 1141
f 1141 1142 1096
f 1097 1096 1142
f 1142 1143 1097
f 234 1097 1143
f 1143 233 234
f 233 4986 234
f 4987 234 4986
f 19 142 18
f 141 18 142
f 1005 141 142
f 142 1052 1005
f 1006 1005 1052
f 1052 1053 1006
f 1007 1006 1053
f 1053 1054 1007
f 1008 1007 1054
f 1054 1055 1008
f 1009 1008 1055
f 1055 1056 1009
f 1010 1009 1056
f 1056 1057 1010
f 1011 1010 1057
f 1057 1058 1011
f 1012 1011 1058
f 1058 1059 1012
f 1013 1012 1059
f 1059 1060 1013
f 1014 1013 1060
f 1060 1061 1014
f 1015 1014 1061
f 1061 1062 1015
f 1016 1015 1062
f 1062 1063 1016
f 1017 1016 1063
f 1063 1064 1017
f 1018 1017 1064
f 1064 1065 1018
f 1019 1018 1065
f 1065 1066 1019
f 1020 1019 1066
f 1066 1067 1020
f 1021 1020 1067
f 1067 1068 1021
f 1022 1021 1068
f 1068 1069 1022
f 1023 1022 1069
f 1069 1070 1023
f 1024 1023 1070
f 1070 1071 1024
f 1025 1024 1071
f 1071 1072 1025
f 1026 1025 1072
f 1072 1073 1026
f 1027 1026 1073
f 1073 1074 1027
f 1028 1027 1074
f 1074 1075 1028
f 1029 1028 1075
f 1075 1076 1029
f 1030 1029 1076
f 1076 1077 1030
f 1031 1030 1077
f 1077 1078 1031
f 1032 1031 1078
f 1078 1079 1032
f 1033 1032 1079
f 1079 1080 1033
f 1034 1033 1080
f 1080 1081 1034
f 1035 1034 1081
f 1081 1082 1035
f 1036 1035 1082
f 1082 1083 1036
f 1037 1036 1083
f 1083 1084 1037
f 1038 1037 1084
f 1084 1085 1038
f 1039 1038 1085
f 1085 1086 1039
f 1040 1039 1086
f 1086 1087 1040
f 1041 1040 1087
f 1087 1088 1041
f 1042 1041 1088
f 1088 1089 1042
f 1043 1042 1089
f 1089 1090 1043
f 1044 1043 1090
f 1090 1091 1044
f 1045 1044 1091
f 1091 1092 1045
f 1046 1045 1092
f 1092 1093 1046
f 1047 1046 1093
f 1093 1094 1047
f 1048 1047 1094
f 1094 1095 1048
f 1095 1049 1048
f 1002 1048 1049
f 1003 1002 1049
f 1049 1050 1003
f 1004 1003 1050
f 1050 1051 1004
f 236 1004 1051
f 1051 235 236
f 235 4988 236
f 4989 236 4988
f 17 140 16
f 139 16 140
f 910 139 140
f 140 958 910
f 911 910 958
f 958 959 911
f 912 911 959
f 959 960 912
f 913 912 960
f 960 961 913
f 914 913 961
f 961 962 914
f 915 914 962
f 962 963 915
f 916 915 963
f 963 964 916
f 917 916 964
f 964 965 917
f 918 917 965
f 965 966 918
f 919 918 966
f 966 967 919
f 920 919 967
f 967 968 920
f 921 920 968
f 968 969 921
f 922 921 969
f 969 970 922
f 923 922 970
f 970 971 923
f 924 923 971
f 971 972 924
f 925 924 972
f 972 973 925
f 926 925 973
f 973 974 926
f 974 927 926
f 878 926 927
f 879 878 927
f 927 928 879
f 880 879 928
f 928 929 880
f 881 880 929
f 929 930 881
f 882 881 930
f 930 931 882
f 883 882 931
f 931 932 883
f 884 883 932
f 932 933 884
f 885 884 933
f 933 934 885
f 886 885 934
f 934 935 886
f 887 886 935
f 935 936 887
f 888 887 936
f 936 937 888
f 889 888 937
f 937 938 889
f 890 889 938
f 938 939 890
f 891 890 939
f 939 940 891
f 892 891 940
f 940 941 892
f 893 892 941
f 941 942 893
f 894 893 942
f 942 943 894
f 895 894 943
f 943 944 895
f 896 895 944
f 944 945 896
f 897 896 945
f 945 946 897
f 898 897 946
f 946 947 898
f 899 898 947
f 947 948 899
f 900 899 948
f 948 949 900
f 901 900 949
f 949 950 901
f 902 901 950
f 950 951 902
f 903 902 951
f 951 952 903
f 904 903 952
f 952 953 904
f 905 904 953
f 953 954 905
f 906 905 954
f 954 955 906
f 907 906 955
f 955 956 907
f 908 907 956
f 956 957 908
f 909 908 957
f 238 909 957
f 957 237 238
f 237 4990 238
f 4990 4991 238
f 239 238 4991
f 4992 239 4991
f 12 135 11
f 134 11 135
f 661 134 135
f 135 711 661
f 662 661 711
f 711 712 662
f 663 662 712
f 712 713 663
f 664 663 713
f 713 714 664
f 665 664 714
f 714 715 665
f 666 665 715
f 715 716 666
f 667 666 716
f 716 717 667
f 668 667 717
f 717 718 668
f 669 668 718
f 718 719 669
f 670 669 719
f 719 720 670
f 671 670 720
f 720 721 671
f 672 671 721
f 721 722 672
f 673 672 722
f 722 723 673
f 674 673 723
f 723 724 674
f 675 674 724
f 724 725 675
f 676 675 725
f 725 726 676
f 677 676 726
f 726 727 677
f 678 677 727
f 727 728 678
f 679 678 728
f 728 729 679
f 680 679 729
f 729 730 680
f 681 680 730
f 730 731 681
f 682 681 731
f 731 732 682
f 683 682 732
f 732 733 683
f 684 683 733
f 733 734 684
f 685 684 734
f 734 735 685
f 686 685 735
f 735 736 686
f 687 686 736
f 736 737 687
f 688 687 737
f 737 738 688
f 738 689 688
f 639 688 689
f 640 639 689
f 689 690 640
f 641 640 690
f 690 691 641
f 642 641 691
f 691 692 642
f 643 642 692
f 692 693 643
f 644 643 693
f 693 694 644
f 645 644 694
f 694 695 645
f 646 645 695
f 695 696 646
f 647 646 696
f 696 697 647
f 648 647 697
f 697 698 648
f 649 648 698
f 698 699 649
f 650 649 699
f 699 700 650
f 651 650 700
f 700 701 651
f 652 651 701
f 701 702 652
f 653 652 702
f 702 703 653
f 654 653 703
f 703 704 654
f 655 654 704
f 704 705 655
f 656 655 705
f 705 706 656
f 657 656 706
f 706 707 657
f 658 657 707
f 707 708 658
f 659 658 708
f 708 709 659
f 660 659 709
f 709 710 660
f 245 660 710
f 710 244 245
f 88 245 244
f 244 87 88
f 3983 3987 3986
f 4008 4007 4009
f 4464 89 86
f 1213 1214 1168
f 1169 1168 1214
f 1214 1215 1169
f 1170 1169 1215
f 1215 1216 1170
f 1171 1170 1216
f 1216 1217 1171
f 1172 1171 1217
f 1217 1218 1172
f 1173 1172 1218
f 1218 1219 1173
f 1174 1173 1219
f 1219 1220 1174
f 1175 1174 1220
f 1220 1221 1175
f 1176 1175 1221
f 1221 1222 1176
f 1177 1176 1222
f 1222 1223 1177
f 1178 1177 1223
f 1223 1224 1178
f 1179 1178 1224
f 1224 1225 1179
f 1180 1179 1225
f 1225 1226 1180
f 1181 1180 1226
f 1226 1227 1181
f 1182 1181 1227
f 1227 1228 1182
f 1183 1182 1228
f 230 4982 4983
f 24 147 23
f 146 23 147
f 1236 146 147
f 147 1282 1236
f 1237 1236 1282
f 1282 1283 1237
f 1238 1237 1283
f 1283 1284 1238
f 1239 1238 1284
f 1274 1275 1229
f 1230 1229 1275
f 1275 1276 1230
f 1231 1230 1276
f 1276 1277 1231
f 1232 1231 1277
f 1277 1278 1232
f 1233 1232 1278
f 1278 1279 1233
f 1234 1233 1279
f 1279 1280 1234
f 1235 1234 1280
f 1280 1281 1235
f 231 1235 1281
f 1281 230 231
f 230 4983 231
f 4984 231 4983
f 23 146 22
f 145 22 146
f 1190 145 146
f 146 1236 1190
f 1191 1190 1236
f 1236 1237 1191
f 1192 1191 1237
f 1237 1238 1192
f 1193 1192 1238
f 1238 1239 1193
f 1194 1193 1239
f 1239 1240 1194
f 1195 1194 1240
f 1240 1241 1195
f 1196 1195 1241
f 1241 1242 1196
f 1197 1196 1242
f 1242 1243 1197
f 1198 1197 1243
f 1243 1244 1198
f 1199 1198 1244
f 1244 1245 1199
f 1200 1199 1245
f 1245 1246 1200
f 1201 1200 1246
f 1246 1247 1201
f 1202 1201 1247
f 1247 1248 1202
f 1203 1202 1248
f 1248 1249 1203
f 1204 1203 1249
f 1249 1250 1204
f 1205 1204 1250
f 1250 1251 1205
f 1206 1205 1251
f 1251 1252 1206
f 1207 1206 1252
f 1252 1253 1207
f 1208 1207 1253
f 1253 1254 1208
f 1209 1208 1254
f 1254 1255 1209
f 1210 1209 1255
f 1255 1256 1210
f 1211 1210 1256
f 1256 1257 1211
f 1212 1211 1257
f 1257 1258 1212
f 1213 1212 1258
f 1258 1259 1213
f 1214 1213 1259
f 1259 1260 1214
f 1215 1214 1260
f 1260 1261 1215
f 1216 1215 1261
f 1261 1262 1216
f 1217 1216 1262
f 1262 1263 1217
f 1218 1217 1263
f 1263 1264 1218
f 1219 1218 1264
f 1264 1265 1219
f 1220 1219 1265
f 1265 1266 1220
f 1221 1220 1266
f 1266 1267 1221
f 1222 1221 1267
f 1267 1268 1222
f 1223 1222 1268
f 1268 1269 1223
f 1224 1223 1269
f 1269 1270 1224
f 1225 1224 1270
f 1270 1271 1225
f 1226 1225 1271
f 1271 1272 1226
f 1227 1226 1272
f 1272 1273 1227
f 1228 1227 1273
f 1273 1274 1228
f 1274 1229 1228
f 1183 1228 1229
f 1184 1183 1229
f 1229 1230 1184
f 1185 1184 1230
f 1230 1231 1185
f 1186 1185 1231
f 1231 1232 1186
f 1187 1186 1232
f 1232 1233 1187
f 1188 1187 1233
f 1233 1234 1188
f 1189 1188 1234
f 1234 1235 1189
f 232 1189 1235
f 1235 231 232
f 231 4984 232
f 4985 232 4984
f 1330 1331 1285
f 1286 1285 1331
f 1331 1332 1286
f 1287 1286 1332
f 1332 1333 1287
f 1288 1287 1333
f 1333 1334 1288
f 1289 1288 1334
f 1334 1335 1289
f 1290 1289 1335
f 1335 1336 1290
f 1291 1290 1336
f 1336 1337 1291
f 1292 1291 1337
f 1337 1338 1292
f 1293 1292 1338
f 1338 1339 1293
f 1294 1293 1339
f 1339 1340 1294
f 1295 1294 1340
f 1340 1341 1295
f 1296 1295 1341
f 1341 1342 1296
f 1297 1296 1342
f 1342 1343 1297
f 1298 1297 1343
f 1343 1344 1298
f 1299 1298 1344
f 1344 1345 1299
f 1300 1299 1345
f 1392 1393 1346
f 1347 1346 1393
f 1393 1394 1347
f 1348 1347 1394
f 1394 1395 1348
f 1349 1348 1395
f 1395 1396 1349
f 1350 1349 1396
f 1396 1397 1350
f 1351 1350 1397
f 1397 1398 1351
f 1352 1351 1398
f 1398 1399 1352
f 1353 1352 1399
f 1399 1400 1353
f 1354 1353 1400
f 1400 1401 1354
f 1355 1354 1401
f 1401 1402 1355
f 1356 1355 1402
f 1402 1403 1356
f 1357 1356 1403
f 1403 1404 1357
f 1358 1357 1404
f 1404 1405 1358
f 1359 1358 1405
f 1405 1406 1359
f 1360 1359 1406
f 1406 1407 1360
f 1361 1360 1407
f 26 149 25
f 148 25 149
f 1328 148 149
f 149 1375 1328
f 1329 1328 1375
f 1375 1376 1329
f 1330 1329 1376
f 1376 1377 1330
f 1331 1330 1377
f 1377 1378 1331
f 1332 1331 1378
f 1378 1379 1332
f 1333 1332 1379
f 1379 1380 1333
f 1334 1333 1380
f 1380 1381 1334
f 1335 1334 1381
f 1381 1382 1335
f 1336 1335 1382
f 1382 1383 1336
f 1337 1336 1383
f 1383 1384 1337
f 1338 1337 1384
f 1384 1385 1338
f 1339 1338 1385
f 1385 1386 1339
f 1340 1339 1386
f 1386 1387 1340
f 1341 1340 1387
f 1387 1388 1341
f 1342 1341 1388
f 1388 1389 1342
f 1343 1342 1389
f 1389 1390 1343
f 1344 1343 1390
f 1390 1391 1344
f 1345 1344 1391
f 1391 1392 1345
f 1392 1346 1345
f 1300 1345 1346
f 1301 1300 1346
f 1346 1347 1301
f 1302 1301 1347
f 1347 1348 1302
f 1303 1302 1348
f 1348 1349 1303
f 1304 1303 1349
f 1349 1350 1304
f 1305 1304 1350
f 1350 1351 1305
f 1306 1305 1351
f 1351 1352 1306
f 1307 1306 1352
f 1352 1353 1307
f 1308 1307 1353
f 1353 1354 1308
f 1309 1308 1354
f 1354 1355 1309
f 1310 1309 1355
f 1355 1356 1310
f 1311 1310 1356
f 1356 1357 1311
f 1312 1311 1357
f 1357 1358 1312
f 1313 1312 1358
f 1358 1359 1313
f 1314 1313 1359
f 1359 1360 1314
f 1315 1314 1360
f 1360 1361 1315
f 1316 1315 1361
f 1361 1362 1316
f 1317 1316 1362
f 1362 1363 1317
f 1318 1317 1363
f 1363 1364 1318
f 1319 1318 1364
f 1364 1365 1319
f 1320 1319 1365
f 1365 1366 1320
f 1321 1320 1366
f 1366 1367 1321
f 1322 1321 1367
f 1367 1368 1322
f 1323 1322 1368
f 1368 1369 1323
f 1324 1323 1369
f 1369 1370 1324
f 1325 1324 1370
f 1370 1371 1325
f 1326 1325 1371
f 1371 1372 1326
f 1327 1326 1372
f 1372 1373 1327
f 1373 1374 1327
f 4981 229 228
f 228 4980 4981
f 25 148 24
f 147 24 148
f 1282 147 148
f 148 1328 1282
f 1283 1282 1328
f 1328 1329 1283
f 1284 1283 1329
f 1329 1330 1284
f 1330 1285 1284
f 1239 1284 1285
f 1240 1239 1285
f 1285 1286 1240
f 1241 1240 1286
f 1286 1287 1241
f 1242 1241 1287
f 1287 1288 1242
f 1243 1242 1288
f 1288 1289 1243
f 1244 1243 1289
f 1289 1290 1244
f 1245 1244 1290
f 1290 1291 1245
f 1246 1245 1291
f 1291 1292 1246
f 1247 1246 1292
f 1292 1293 1247
f 1248 1247 1293
f 1293 1294 1248
f 1249 1248 1294
f 1294 1295 1249
f 1250 1249 1295
f 1295 1296 1250
f 1251 1250 1296
f 1296 1297 1251
f 1252 1251 1297
f 1297 1298 1252
f 1253 1252 1298
f 1298 1299 1253
f 1254 1253 1299
f 1299 1300 1254
f 1255 1254 1300
f 1300 1301 1255
f 1256 1255 1301
f 1301 1302 1256
f 1257 1256 1302
f 1302 1303 1257
f 1258 1257 1303
f 1303 1304 1258
f 1259 1258 1304
f 1304 1305 1259
f 1260 1259 1305
f 1305 1306 1260
f 1261 1260 1306
f 1306 1307 1261
f 1262 1261 1307
f 1307 1308 1262
f 1263 1262 1308
f 1308 1309 1263
f 1264 1263 1309
f 1309 1310 1264
f 1265 1264 1310
f 1310 1311 1265
f 1266 1265 1311
f 1311 1312 1266
f 1267 1266 1312
f 1312 1313 1267
f 1268 1267 1313
f 1313 1314 1268
f 1269 1268 1314
f 1314 1315 1269
f 1270 1269 1315
f 1315 1316 1270
f 1271 1270 1316
f 1316 1317 1271
f 1272 1271 1317
f 1317 1318 1272
f 1273 1272 1318
f 1318 1319 1273
f 1274 1273 1319
f 1319 1320 1274
f 1275 1274 1320
f 1320 1321 1275
f 1276 1275 1321
f 1321 1322 1276
f 1277 1276 1322
f 1322 1323 1277
f 1278 1277 1323
f 1323 1324 1278
f 1279 1278 1324
f 1324 1325 1279
f 1280 1279 1325
f 1325 1326 1280
f 1281 1280 1326
f 1326 1327 1281
f 230 1281 1327
f 1327 1374 230
f 1374 229 230
f 4982 230 229
f 229 4981 4982
f 4979 227 226
f 4978 4979 226
f 1455 1456 1408
f 1409 1408 1456
f 1456 1457 1409
f 1410 1409 1457
f 1457 1458 1410
f 1411 1410 1458
f 1458 1459 1411
f 1412 1411 1459
f 1459 1460 1412
f 1413 1412 1460
f 1460 1461 1413
f 1414 1413 1461
f 1461 1462 1414
f 1415 1414 1462
f 1462 1463 1415
f 1416 1415 1463
f 1463 1464 1416
f 1417 1416 1464
f 1464 1465 1417
f 1418 1417 1465
f 29 152 28
f 151 28 152
f 1472 151 152
f 152 1522 1472
f 1473 1472 1522
f 1522 1523 1473
f 1474 1473 1523
f 1514 1515 1466
f 1467 1466 1515
f 1515 1516 1467
f 1468 1467 1516
f 1516 1517 1468
f 1469 1468 1517
f 1517 1518 1469
f 1470 1469 1518
f 1518 1519 1470
f 1471 1470 1519
f 1519 1520 1471
f 1520 1521 1471
f 83 225 224
f 224 82 83
f 28 151 27
f 150 27 151
f 1423 150 151
f 151 1472 1423
f 1424 1423 1472
f 1472 1473 1424
f 1425 1424 1473
f 1473 1474 1425
f 1426 1425 1474
f 1474 1475 1426
f 1427 1426 1475
f 1475 1476 1427
f 1428 1427 1476
f 1476 1477 1428
f 1429 1428 1477
f 1477 1478 1429
f 1430 1429 1478
f 1478 1479 1430
f 1431 1430 1479
f 1479 1480 1431
f 1432 1431 1480
f 1480 1481 1432
f 1433 1432 1481
f 1481 1482 1433
f 1434 1433 1482
f 1482 1483 1434
f 1435 1434 1483
f 1483 1484 1435
f 1436 1435 1484
f 1484 1485 1436
f 1437 1436 1485
f 1485 1486 1437
f 1438 1437 1486
f 1486 1487 1438
f 1439 1438 1487
f 1487 1488 1439
f 1440 1439 1488
f 1488 1489 1440
f 1441 1440 1489
f 1489 1490 1441
f 1442 1441 1490
f 1490 1491 1442
f 1443 1442 1491
f 1491 1492 1443
f 1444 1443 1492
f 1492 1493 1444
f 1445 1444 1493
f 1493 1494 1445
f 1446 1445 1494
f 1494 1495 1446
f 1447 1446 1495
f 1495 1496 1447
f 1448 1447 1496
f 1496 1497 1448
f 1449 1448 1497
f 1497 1498 1449
f 1450 1449 1498
f 1498 1499 1450
f 1451 1450 1499
f 1499 1500 1451
f 1452 1451 1500
f 1500 1501 1452
f 1453 1452 1501
f 1501 1502 1453
f 1454 1453 1502
f 1502 1503 1454
f 1455 1454 1503
f 1503 1504 1455
f 1456 1455 1504
f 1504 1505 1456
f 1457 1456 1505
f 1505 1506 1457
f 1458 1457 1506
f 1506 1507 1458
f 1459 1458 1507
f 1507 1508 1459
f 1460 1459 1508
f 1508 1509 1460
f 1461 1460 1509
f 1509 1510 1461
f 1462 1461 1510
f 1510 1511 1462
f 1463 1462 1511
f 1511 1512 1463
f 1464 1463 1512
f 1512 1513 1464
f 1465 1464 1513
f 1513 1514 1465
f 1514 1466 1465
f 1418 1465 1466
f 1419 1418 1466
f 1466 1467 1419
f 1420 1419 1467
f 1467 1468 1420
f 1421 1420 1468
f 1468 1469 1421
f 1422 1421 1469
f 1469 1470 1422
f 1470 1471 1422
f 227 1422 1471
f 226 227 1471
f 1471 1521 226
f 1521 224 226
f 224 225 226
f 4978 226 225
f 5005 4978 225
f 225 83 5005
f 4006 4009 4007
f 81 223 222
f 222 223 1571
f 1573 1574 1524
f 1525 1524 1574
f 1574 1575 1525
f 1526 1525 1575
f 1575 1576 1526
f 1527 1526 1576
f 1576 1577 1527
f 1528 1527 1577
f 1577 1578 1528
f 1529 1528 1578
f 1578 1579 1529
f 1530 1529 1579
f 1579 1580 1530
f 1531 1530 1580
f 1580 1581 1531
f 1532 1531 1581
f 1581 1582 1532
f 1533 1532 1582
f 1582 1583 1533
f 1534 1533 1583
f 1633 1634 1584
f 1585 1584 1634
f 1634 1635 1585
f 1586 1585 1635
f 1635 1636 1586
f 1587 1586 1636
f 1636 1637 1587
f 1588 1587 1637
f 1637 1638 1588
f 1589 1588 1638
f 1638 1639 1589
f 1590 1589 1639
f 1639 1640 1590
f 1591 1590 1640
f 1640 1641 1591
f 1592 1591 1641
f 1641 1642 1592
f 1593 1592 1642
f 1642 1643 1593
f 1594 1593 1643
f 1643 1644 1594
f 1595 1594 1644
f 1644 1645 1595
f 1596 1595 1645
f 31 154 30
f 153 30 154
f 1572 153 154
f 154 1622 1572
f 1573 1572 1622
f 1622 1623 1573
f 1574 1573 1623
f 1623 1624 1574
f 1575 1574 1624
f 1624 1625 1575
f 1576 1575 1625
f 1625 1626 1576
f 1577 1576 1626
f 1626 1627 1577
f 1578 1577 1627
f 1627 1628 1578
f 1579 1578 1628
f 1628 1629 1579
f 1580 1579 1629
f 1629 1630 1580
f 1581 1580 1630
f 1630 1631 1581
f 1582 1581 1631
f 1631 1632 1582
f 1583 1582 1632
f 1632 1633 1583
f 1633 1584 1583
f 1534 1583 1584
f 1535 1534 1584
f 1584 1585 1535
f 1536 1535 1585
f 1585 1586 1536
f 1537 1536 1586
f 1586 1587 1537
f 1538 1537 1587
f 1587 1588 1538
f 1539 1538 1588
f 1588 1589 1539
f 1540 1539 1589
f 1589 1590 1540
f 1541 1540 1590
f 1590 1591 1541
f 1542 1541 1591
f 1591 1592 1542
f 1543 1542 1592
f 1592 1593 1543
f 1544 1543 1593
f 1593 1594 1544
f 1545 1544 1594
f 1594 1595 1545
f 1546 1545 1595
f 1595 1596 1546
f 1547 1546 1596
f 1596 1597 1547
f 1548 1547 1597
f 1597 1598 1548
f 1549 1548 1598
f 1598 1599 1549
f 1550 1549 1599
f 1599 1600 1550
f 1551 1550 1600
f 1600 1601 1551
f 1552 1551 1601
f 1601 1602 1552
f 1553 1552 1602
f 1602 1603 1553
f 1554 1553 1603
f 1603 1604 1554
f 1555 1554 1604
f 1604 1605 1555
f 1556 1555 1605
f 1605 1606 1556
f 1557 1556 1606
f 1606 1607 1557
f 1558 1557 1607
f 1607 1608 1558
f 1559 1558 1608
f 1608 1609 1559
f 1560 1559 1609
f 1609 1610 1560
f 1561 1560 1610
f 1610 1611 1561
f 1562 1561 1611
f 1611 1612 1562
f 1563 1562 1612
f 1612 1613 1563
f 1564 1563 1613
f 1613 1614 1564
f 1565 1564 1614
f 1614 1615 1565
f 1566 1565 1615
f 1615 1616 1566
f 1567 1566 1616
f 1616 1617 1567
f 1568 1567 1617
f 1617 1618 1568
f 1569 1568 1618
f 1618 1619 1569
f 1570 1569 1619
f 1619 1620 1570
f 1571 1570 1620
f 1620 1621 1571
f 222 1571 1621
f 1621 221 222
f 221 80 222
f 81 222 80
f 30 153 29
f 152 29 153
f 1522 152 153
f 153 1572 1522
f 1523 1522 1572
f 1572 1573 1523
f 1573 1524 1523
f 1474 1523 1524
f 1475 1474 1524
f 1524 1525 1475
f 1476 1475 1525
f 1525 1526 1476
f 1477 1476 1526
f 1526 1527 1477
f 1478 1477 1527
f 1527 1528 1478
f 1479 1478 1528
f 1528 1529 1479
f 1480 1479 1529
f 1529 1530 1480
f 1481 1480 1530
f 1530 1531 1481
f 1482 1481 1531
f 1531 1532 1482
f 1483 1482 1532
f 1532 1533 1483
f 1484 1483 1533
f 1533 1534 1484
f 1485 1484 1534
f 1534 1535 1485
f 1486 1485 1535
f 1535 1536 1486
f 1487 1486 1536
f 1536 1537 1487
f 1488 1487 1537
f 1537 1538 1488
f 1489 1488 1538
f 1538 1539 1489
f 1490 1489 1539
f 1539 1540 1490
f 1491 1490 1540
f 1540 1541 1491
f 1492 1491 1541
f 1541 1542 1492
f 1493 1492 1542
f 1542 1543 1493
f 1494 1493 1543
f 1543 1544 1494
f 1495 1494 1544
f 1544 1545 1495
f 1496 1495 1545
f 1545 1546 1496
f 1497 1496 1546
f 1546 1547 1497
f 1498 1497 1547
f 1547 1548 1498
f 1499 1498 1548
f 1548 1549 1499
f 1500 1499 1549
f 1549 1550 1500
f 1501 1500 1550
f 1550 1551 1501
f 1502 1501 1551
f 1551 1552 1502
f 1503 1502 1552
f 1552 1553 1503
f 1504 1503 1553
f 1553 1554 1504
f 1505 1504 1554
f 1554 1555 1505
f 1506 1505 1555
f 1555 1556 1506
f 1507 1506 1556
f 1556 1557 1507
f 1508 1507 1557
f 1557 1558 1508
f 1509 1508 1558
f 1558 1559 1509
f 1510 1509 1559
f 1559 1560 1510
f 1511 1510 1560
f 1560 1561 1511
f 1512 1511 1561
f 1561 1562 1512
f 1513 1512 1562
f 1562 1563 1513
f 1514 1513 1563
f 1563 1564 1514
f 1515 1514 1564
f 1564 1565 1515
f 1516 1515 1565
f 1565 1566 1516
f 1517 1516 1566
f 1566 1567 1517
f 1518 1517 1567
f 1567 1568 1518
f 1519 1518 1568
f 1568 1569 1519
f 1520 1519 1569
f 1569 1570 1520
f 1521 1520 1570
f 1570 1571 1521
f 1571 223 1521
f 224 1521 223
f 82 224 223
f 223 81 82
f 4009 4006 4010
f 27 150 26
f 149 26 150
f 1375 149 150
f 150 1423 1375
f 1376 1375 1423
f 1423 1424 1376
f 1377 1376 1424
f 1424 1425 1377
f 1378 1377 1425
f 1425 1426 1378
f 1379 1378 1426
f 1426 1427 1379
f 1380 1379 1427
f 1427 1428 1380
f 1381 1380 1428
f 1428 1429 1381
f 1382 1381 1429
f 1429 1430 1382
f 1383 1382 1430
f 1430 1431 1383
f 1384 1383 1431
f 1431 1432 1384
f 1385 1384 1432
f 1432 1433 1385
f 1386 1385 1433
f 1433 1434 1386
f 1387 1386 1434
f 1434 1435 1387
f 1388 1387 1435
f 1435 1436 1388
f 1389 1388 1436
f 1436 1437 1389
f 1390 1389 1437
f 1437 1438 1390
f 1391 1390 1438
f 1438 1439 1391
f 1392 1391 1439
f 1439 1440 1392
f 1393 1392 1440
f 1440 1441 1393
f 1394 1393 1441
f 1441 1442 1394
f 1395 1394 1442
f 1442 1443 1395
f 1396 1395 1443
f 1443 1444 1396
f 1397 1396 1444
f 1444 1445 1397
f 1398 1397 1445
f 1445 1446 1398
f 1399 1398 1446
f 1446 1447 1399
f 1400 1399 1447
f 1447 1448 1400
f 1401 1400 1448
f 1448 1449 1401
f 1402 1401 1449
f 1449 1450 1402
f 1403 1402 1450
f 1450 1451 1403
f 1404 1403 1451
f 1451 1452 1404
f 1405 1404 1452
f 1452 1453 1405
f 1406 1405 1453
f 1453 1454 1406
f 1407 1406 1454
f 1454 1455 1407
f 1455 1408 1407
f 1361 1407 1408
f 1362 1361 1408
f 1408 1409 1362
f 1363 1362 1409
f 1409 1410 1363
f 1364 1363 1410
f 1410 1411 1364
f 1365 1364 1411
f 1411 1412 1365
f 1366 1365 1412
f 1412 1413 1366
f 1367 1366 1413
f 1413 1414 1367
f 1368 1367 1414
f 1414 1415 1368
f 1369 1368 1415
f 1415 1416 1369
f 1370 1369 1416
f 1416 1417 1370
f 1371 1370 1417
f 1417 1418 1371
f 1372 1371 1418
f 1418 1419 1372
f 1373 1372 1419
f 1419 1420 1373
f 1374 1373 1420
f 1420 1421 1374
f 1421 1422 1374
f 229 1374 1422
f 228 229 1422
f 1422 227 228
f 4980 228 227
f 227 4979 4980
f 1695 1696 1646
f 1647 1646 1696
f 1696 1697 1647
f 1648 1647 1697
f 1697 1698 1648
f 1649 1648 1698
f 1698 1699 1649
f 1650 1649 1699
f 1699 1700 1650
f 1651 1650 1700
f 1700 1701 1651
f 1652 1651 1701
f 1701 1702 1652
f 1653 1652 1702
f 1702 1703 1653
f 1654 1653 1703
f 1703 1704 1654
f 1655 1654 1704
f 1704 1705 1655
f 1656 1655 1705
f 1705 1706 1656
f 1657 1656 1706
f 1756 1757 1707
f 1708 1707 1757
f 1757 1758 1708
f 1709 1708 1758
f 1758 1759 1709
f 1710 1709 1759
f 1759 1760 1710
f 1711 1710 1760
f 1760 1761 1711
f 1712 1711 1761
f 1761 1762 1712
f 1713 1712 1762
f 1762 1763 1713
f 1714 1713 1763
f 1763 1764 1714
f 1715 1714 1764
f 1764 1765 1715
f 1716 1715 1765
f 1765 1766 1716
f 1717 1716 1766
f 1766 1767 1717
f 1718 1717 1767
f 33 156 32
f 155 32 156
f 1672 155 156
f 156 1722 1672
f 1673 1672 1722
f 1722 1723 1673
f 1674 1673 1723
f 1723 1724 1674
f 1675 1674 1724
f 1724 1725 1675
f 1676 1675 1725
f 1725 1726 1676
f 1677 1676 1726
f 1726 1727 1677
f 1678 1677 1727
f 1727 1728 1678
f 1679 1678 1728
f 1728 1729 1679
f 1680 1679 1729
f 1729 1730 1680
f 1681 1680 1730
f 1730 1731 1681
f 1682 1681 1731
f 1731 1732 1682
f 1683 1682 1732
f 1732 1733 1683
f 1684 1683 1733
f 1733 1734 1684
f 1685 1684 1734
f 1734 1735 1685
f 1686 1685 1735
f 1735 1736 1686
f 1687 1686 1736
f 1736 1737 1687
f 1688 1687 1737
f 1737 1738 1688
f 1689 1688 1738
f 1738 1739 1689
f 1690 1689 1739
f 1739 1740 1690
f 1691 1690 1740
f 1740 1741 1691
f 1692 1691 1741
f 1741 1742 1692
f 1693 1692 1742
f 1742 1743 1693
f 1694 1693 1743
f 1743 1744 1694
f 1695 1694 1744
f 1744 1745 1695
f 1696 1695 1745
f 1745 1746 1696
f 1697 1696 1746
f 1746 1747 1697
f 1698 1697 1747
f 1747 1748 1698
f 1699 1698 1748
f 1748 1749 1699
f 1700 1699 1749
f 1749 1750 1700
f 1701 1700 1750
f 1750 1751 1701
f 1702 1701 1751
f 1751 1752 1702
f 1703 1702 1752
f 1752 1753 1703
f 1704 1703 1753
f 1753 1754 1704
f 1705 1704 1754
f 1754 1755 1705
f 1706 1705 1755
f 1755 1756 1706
f 1756 1707 1706
f 1657 1706 1707
f 1658 1657 1707
f 1707 1708 1658
f 1659 1658 1708
f 1708 1709 1659
f 1660 1659 1709
f 1709 1710 1660
f 1661 1660 1710
f 1710 1711 1661
f 1662 1661 1711
f 1711 1712 1662
f 1663 1662 1712
f 1712 1713 1663
f 1664 1663 1713
f 1713 1714 1664
f 1665 1664 1714
f 1714 1715 1665
f 1666 1665 1715
f 1715 1716 1666
f 1667 1666 1716
f 1716 1717 1667
f 1668 1667 1717
f 1717 1718 1668
f 1669 1668 1718
f 1718 1719 1669
f 1670 1669 1719
f 1719 1720 1670
f 1671 1670 1720
f 1720 1721 1671
f 220 1671 1721
f 1721 219 220
f 219 78 220
f 79 220 78
f 215 216 1820
f 1821 1820 216
f 216 217 1821
f 1819 1818 214
f 214 215 1819
f 215 1820 1819
f 35 158 34
f 157 34 158
f 1772 157 158
f 1817 1818 1768
f 1769 1768 1818
f 1818 1819 1769
f 1770 1769 1819
f 1819 1820 1770
f 1771 1770 1820
f 1820 1821 1771
f 218 1771 1821
f 1821 217 218
f 217 76 218
f 77 218 76
f 209 208 3959
f 3959 3958 209
f 1862 1861 207
f 207 208 1862
f 209 3958 210
f 3958 3957 210
f 211 210 3957
f 3957 3956 211
f 159 1863 1822
f 1823 1822 1863
f 1863 1864 1823
f 1824 1823 1864
f 1864 1865 1824
f 1825 1824 1865
f 1865 1866 1825
f 1826 1825 1866
f 1866 1867 1826
f 1827 1826 1867
f 1867 1868 1827
f 1828 1827 1868
f 211 3956 212
f 3956 3955 212
f 213 212 3955
f 3955 3954 213
f 36 159 35
f 158 35 159
f 159 1822 158
f 1772 158 1822
f 1773 1772 1822
f 1822 1823 1773
f 1774 1773 1823
f 1823 1824 1774
f 1775 1774 1824
f 1824 1825 1775
f 1776 1775 1825
f 1825 1826 1776
f 1777 1776 1826
f 1826 1827 1777
f 1778 1777 1827
f 1827 1828 1778
f 1779 1778 1828
f 1828 1829 1779
f 1780 1779 1829
f 1829 1830 1780
f 1781 1780 1830
f 1830 1831 1781
f 1782 1781 1831
f 1831 1832 1782
f 1783 1782 1832
f 1832 1833 1783
f 1784 1783 1833
f 1833 1834 1784
f 1785 1784 1834
f 1834 1835 1785
f 1786 1785 1835
f 1835 1836 1786
f 1787 1786 1836
f 1836 1837 1787
f 1788 1787 1837
f 1837 1838 1788
f 1789 1788 1838
f 1838 1839 1789
f 1790 1789 1839
f 1839 1840 1790
f 1791 1790 1840
f 1840 1841 1791
f 1792 1791 1841
f 1841 1842 1792
f 1793 1792 1842
f 1842 1843 1793
f 1794 1793 1843
f 1843 1844 1794
f 1795 1794 1844
f 1844 1845 1795
f 1796 1795 1845
f 1845 1846 1796
f 1797 1796 1846
f 1846 1847 1797
f 1798 1797 1847
f 1847 1848 1798
f 1799 1798 1848
f 1848 1849 1799
f 1800 1799 1849
f 1849 1850 1800
f 1801 1800 1850
f 1850 1851 1801
f 1802 1801 1851
f 1851 1852 1802
f 1803 1802 1852
f 1852 1853 1803
f 1804 1803 1853
f 1853 1854 1804
f 1805 1804 1854
f 1854 1855 1805
f 1806 1805 1855
f 1855 1856 1806
f 1807 1806 1856
f 1856 1857 1807
f 1808 1807 1857
f 1857 1858 1808
f 1809 1808 1858
f 1858 1859 1809
f 1810 1809 1859
f 1859 1860 1810
f 1811 1810 1860
f 1860 1861 1811
f 1812 1811 1861
f 1861 1862 1812
f 1813 1812 1862
f 1862 208 1813
f 208 209 1813
f 1814 1813 209
f 209 210 1814
f 1815 1814 210
f 210 211 1815
f 1816 1815 211
f 211 212 1816
f 1817 1816 212
f 212 213 1817
f 1818 1817 213
f 214 1818 213
f 213 3954 214
f 3954 3953 214
f 215 214 3953
f 3953 3952 215
f 216 215 3952
f 3952 3951 216
f 217 216 3951
f 3951 3950 217
f 76 217 3950
f 34 157 33
f 156 33 157
f 1722 156 157
f 157 1772 1722
f 1723 1722 1772
f 1772 1773 1723
f 1724 1723 1773
f 1773 1774 1724
f 1725 1724 1774
f 1774 1775 1725
f 1726 1725 1775
f 1775 1776 1726
f 1727 1726 1776
f 1776 1777 1727
f 1728 1727 1777
f 1777 1778 1728
f 1729 1728 1778
f 1778 1779 1729
f 1730 1729 1779
f 1779 1780 1730
f 1731 1730 1780
f 1780 1781 1731
f 1732 1731 1781
f 1781 1782 1732
f 1733 1732 1782
f 1782 1783 1733
f 1734 1733 1783
f 1783 1784 1734
f 1735 1734 1784
f 1784 1785 1735
f 1736 1735 1785
f 1785 1786 1736
f 1737 1736 1786
f 1786 1787 1737
f 1738 1737 1787
f 1787 1788 1738
f 1739 1738 1788
f 1788 1789 1739
f 1740 1739 1789
f 1789 1790 1740
f 1741 1740 1790
f 1790 1791 1741
f 1742 1741 1791
f 1791 1792 1742
f 1743 1742 1792
f 1792 1793 1743
f 1744 1743 1793
f 1793 1794 1744
f 1745 1744 1794
f 1794 1795 1745
f 1746 1745 1795
f 1795 1796 1746
f 1747 1746 1796
f 1796 1797 1747
f 1748 1747 1797
f 1797 1798 1748
f 1749 1748 1798
f 1798 1799 1749
f 1750 1749 1799
f 1799 1800 1750
f 1751 1750 1800
f 1800 1801 1751
f 1752 1751 1801
f 1801 1802 1752
f 1753 1752 1802
f 1802 1803 1753
f 1754 1753 1803
f 1803 1804 1754
f 1755 1754 1804
f 1804 1805 1755
f 1756 1755 1805
f 1805 1806 1756
f 1757 1756 1806
f 1806 1807 1757
f 1758 1757 1807
f 1807 1808 1758
f 1759 1758 1808
f 1808 1809 1759
f 1760 1759 1809
f 1809 1810 1760
f 1761 1760 1810
f 1810 1811 1761
f 1762 1761 1811
f 1811 1812 1762
f 1763 1762 1812
f 1812 1813 1763
f 1764 1763 1813
f 1813 1814 1764
f 1765 1764 1814
f 1814 1815 1765
f 1766 1765 1815
f 1815 1816 1766
f 1767 1766 1816
f 1816 1817 1767
f 1817 1768 1767
f 1718 1767 1768
f 1719 1718 1768
f 1768 1769 1719
f 1720 1719 1769
f 1769 1770 1720
f 1721 1720 1770
f 1770 1771 1721
f 219 1721 1771
f 1771 218 219
f 218 77 219
f 78 219 77
f 1905 1906 1869
f 1870 1869 1906
f 1906 1907 1870
f 1871 1870 1907
f 1907 1908 1871
f 1872 1871 1908
f 1908 1909 1872
f 1873 1872 1909
f 1909 1910 1873
f 1874 1873 1910
f 1910 1911 1874
f 1875 1874 1911
f 1911 1912 1875
f 1876 1875 1912
f 1912 1913 1876
f 1877 1876 1913
f 1913 1914 1877
f 1878 1877 1914
f 1914 1915 1878
f 1879 1878 1915
f 1915 1916 1879
f 1880 1879 1916
f 1916 1917 1880
f 1881 1880 1917
f 1917 1918 1881
f 1882 1881 1918
f 1918 1919 1882
f 1883 1882 1919
f 1919 1920 1883
f 1884 1883 1920
f 1920 1921 1884
f 1885 1884 1921
f 1921 1922 1885
f 1886 1885 1922
f 1922 1923 1886
f 1887 1886 1923
f 1923 1924 1887
f 1888 1887 1924
f 1924 1925 1888
f 1889 1888 1925
f 204 205 1899
f 205 3962 206
f 3962 3961 206
f 203 1934 202
f 202 3965 203
f 3965 3964 203
f 39 162 38
f 161 38 162
f 1935 161 162
f 162 1969 1935
f 1936 1935 1969
f 1969 1970 1936
f 1937 1936 1970
f 1970 1971 1937
f 1938 1937 1971
f 1971 1972 1938
f 1939 1938 1972
f 1972 1973 1939
f 1940 1939 1973
f 1973 1974 1940
f 1941 1940 1974
f 1974 1975 1941
f 1942 1941 1975
f 1975 1976 1942
f 1943 1942 1976
f 1976 1977 1943
f 1944 1943 1977
f 1977 1978 1944
f 1945 1944 1978
f 1978 1979 1945
f 1946 1945 1979
f 1979 1980 1946
f 1947 1946 1980
f 1960 1961 1926
f 1927 1926 1961
f 1961 1962 1927
f 1928 1927 1962
f 1962 1963 1928
f 1929 1928 1963
f 1963 1964 1929
f 1930 1929 1964
f 1964 1965 1930
f 1931 1930 1965
f 1965 1966 1931
f 1932 1931 1966
f 1966 1967 1932
f 1933 1932 1967
f 1967 1968 1933
f 1934 1933 1968
f 1968 201 1934
f 202 1934 201
f 201 3966 202
f 3965 202 3966
f 38 161 37
f 160 37 161
f 1900 160 161
f 161 1935 1900
f 1901 1900 1935
f 1935 1936 1901
f 1902 1901 1936
f 1936 1937 1902
f 1903 1902 1937
f 1937 1938 1903
f 1904 1903 1938
f 1938 1939 1904
f 1905 1904 1939
f 1939 1940 1905
f 1906 1905 1940
f 1940 1941 1906
f 1907 1906 1941
f 1941 1942 1907
f 1908 1907 1942
f 1942 1943 1908
f 1909 1908 1943
f 1943 1944 1909
f 1910 1909 1944
f 1944 1945 1910
f 1911 1910 1945
f 1945 1946 1911
f 1912 1911 1946
f 1946 1947 1912
f 1913 1912 1947
f 1947 1948 1913
f 1914 1913 1948
f 1948 1949 1914
f 1915 1914 1949
f 1949 1950 1915
f 1916 1915 1950
f 1950 1951 1916
f 1917 1916 1951
f 1951 1952 1917
f 1918 1917 1952
f 1952 1953 1918
f 1919 1918 1953
f 1953 1954 1919
f 1920 1919 1954
f 1954 1955 1920
f 1921 1920 1955
f 1955 1956 1921
f 1922 1921 1956
f 1956 1957 1922
f 1923 1922 1957
f 1957 1958 1923
f 1924 1923 1958
f 1958 1959 1924
f 1925 1924 1959
f 1959 1960 1925
f 1960 1926 1925
f 1889 1925 1926
f 1890 1889 1926
f 1926 1927 1890
f 1891 1890 1927
f 1927 1928 1891
f 1892 1891 1928
f 1928 1929 1892
f 1893 1892 1929
f 1929 1930 1893
f 1894 1893 1930
f 1930 1931 1894
f 1895 1894 1931
f 1931 1932 1895
f 1896 1895 1932
f 1932 1933 1896
f 1897 1896 1933
f 1933 1934 1897
f 1898 1897 1934
f 1934 203 1898
f 1899 1898 203
f 204 1899 203
f 203 3964 204
f 3964 3963 204
f 205 204 3963
f 3962 205 3963
f 3967 200 3968
f 41 165 164
f 165 166 164
f 41 164 40
f 163 40 164
f 2002 163 164
f 164 166 2002
f 166 167 2002
f 2003 2002 167
f 2013 2014 1981
f 1982 1981 2014
f 2014 2015 1982
f 1983 1982 2015
f 2015 2016 1983
f 1984 1983 2016
f 2016 2017 1984
f 1985 1984 2017
f 2017 2018 1985
f 1986 1985 2018
f 2018 2019 1986
f 1987 1986 2019
f 2019 2020 1987
f 1988 1987 2020
f 2020 2021 1988
f 1989 1988 2021
f 2021 2022 1989
f 1990 1989 2022
f 2022 2023 1990
f 1991 1990 2023
f 2023 2024 1991
f 1992 1991 2024
f 2024 2025 1992
f 1993 1992 2025
f 2025 2026 1993
f 1994 1993 2026
f 2026 2027 1994
f 1995 1994 2027
f 2027 2028 1995
f 1996 1995 2028
f 2028 2029 1996
f 1997 1996 2029
f 2029 2030 1997
f 1998 1997 2030
f 2030 2031 1998
f 1999 1998 2031
f 2031 2032 1999
f 2000 1999 2032
f 2032 2033 2000
f 2001 2000 2033
f 2033 199 2001
f 200 2001 199
f 3968 200 199
f 199 3969 3968
f 45 46 168
f 169 168 46
f 46 47 169
f 170 169 47
f 47 48 170
f 171 170 48
f 48 49 171
f 172 171 49
f 49 50 172
f 173 172 50
f 50 51 173
f 174 173 51
f 51 52 174
f 175 174 52
f 52 53 175
f 176 175 53
f 53 54 176
f 177 176 54
f 54 55 177
f 178 177 55
f 55 56 178
f 179 178 56
f 56 57 179
f 180 179 57
f 57 58 180
f 181 180 58
f 58 59 181
f 182 181 59
f 59 60 182
f 183 182 60
f 60 61 183
f 184 183 61
f 61 62 184
f 185 184 62
f 62 63 185
f 186 185 63
f 63 64 186
f 187 186 64
f 64 65 187
f 188 187 65
f 65 66 188
f 189 188 66
f 66 67 189
f 190 189 67
f 67 68 190
f 191 190 68
f 68 69 191
f 192 191 69
f 69 70 192
f 193 192 70
f 70 71 193
f 194 193 71
f 71 72 194
f 195 194 72
f 72 73 195
f 196 195 73
f 73 74 196
f 197 196 74
f 74 75 197
f 198 197 75
f 75 4012 198
f 165 41 42
f 42 43 165
f 166 165 43
f 43 44 166
f 167 166 44
f 44 45 167
f 45 168 167
f 2003 167 168
f 2004 2003 168
f 168 169 2004
f 2005 2004 169
f 169 170 2005
f 2006 2005 170
f 170 171 2006
f 2007 2006 171
f 171 172 2007
f 2008 2007 172
f 172 173 2008
f 2009 2008 173
f 173 174 2009
f 2010 2009 174
f 174 175 2010
f 2011 2010 175
f 175 176 2011
f 2012 2011 176
f 176 177 2012
f 2013 2012 177
f 177 178 2013
f 2014 2013 178
f 178 179 2014
f 2015 2014 179
f 179 180 2015
f 2016 2015 180
f 180 181 2016
f 2017 2016 181
f 181 182 2017
f 2018 2017 182
f 182 183 2018
f 2019 2018 183
f 183 184 2019
f 2020 2019 184
f 184 185 2020
f 2021 2020 185
f 185 186 2021
f 2022 2021 186
f 186 187 2022
f 2023 2022 187
f 187 188 2023
f 2024 2023 188
f 188 189 2024
f 2025 2024 189
f 189 190 2025
f 2026 2025 190
f 190 191 2026
f 2027 2026 191
f 191 192 2027
f 2028 2027 192
f 192 193 2028
f 2029 2028 193
f 193 194 2029
f 2030 2029 194
f 194 195 2030
f 2031 2030 195
f 195 196 2031
f 2032 2031 196
f 196 197 2032
f 2033 2032 197
f 197 198 2033
f 199 2033 198
f 3969 199 198
f 198 4012 3969
f 40 163 39
f 162 39 163
f 1969 162 163
f 163 2002 1969
f 1970 1969 2002
f 2002 2003 1970
f 1971 1970 2003
f 2003 2004 1971
f 1972 1971 2004
f 2004 2005 1972
f 1973 1972 2005
f 2005 2006 1973
f 1974 1973 2006
f 2006 2007 1974
f 1975 1974 2007
f 2007 2008 1975
f 1976 1975 2008
f 2008 2009 1976
f 1977 1976 2009
f 2009 2010 1977
f 1978 1977 2010
f 2010 2011 1978
f 1979 1978 2011
f 2011 2012 1979
f 1980 1979 2012
f 2012 2013 1980
f 2013 1981 1980
f 1947 1980 1981
f 1948 1947 1981
f 1981 1982 1948
f 1949 1948 1982
f 1982 1983 1949
f 1950 1949 1983
f 1983 1984 1950
f 1951 1950 1984
f 1984 1985 1951
f 1952 1951 1985
f 1985 1986 1952
f 1953 1952 1986
f 1986 1987 1953
f 1954 1953 1987
f 1987 1988 1954
f 1955 1954 1988
f 1988 1989 1955
f 1956 1955 1989
f 1989 1990 1956
f 1957 1956 1990
f 1990 1991 1957
f 1958 1957 1991
f 1991 1992 1958
f 1959 1958 1992
f 1992 1993 1959
f 1960 1959 1993
f 1993 1994 1960
f 1961 1960 1994
f 1994 1995 1961
f 1962 1961 1995
f 1995 1996 1962
f 1963 1962 1996
f 1996 1997 1963
f 1964 1963 1997
f 1997 1998 1964
f 1965 1964 1998
f 1998 1999 1965
f 1966 1965 1999
f 1999 2000 1966
f 1967 1966 2000
f 2000 2001 1967
f 1968 1967 2001
f 2001 200 1968
f 201 1968 200
f 200 3967 201
f 3966 201 3967
f 37 160 36
f 159 36 160
f 1863 159 160
f 160 1900 1863
f 1864 1863 1900
f 1900 1901 1864
f 1865 1864 1901
f 1901 1902 1865
f 1866 1865 1902
f 1902 1903 1866
f 1867 1866 1903
f 1903 1904 1867
f 1868 1867 1904
f 1904 1905 1868
f 1905 1869 1868
f 1828 1868 1869
f 1829 1828 1869
f 1869 1870 1829
f 1830 1829 1870
f 1870 1871 1830
f 1831 1830 1871
f 1871 1872 1831
f 1832 1831 1872
f 1872 1873 1832
f 1833 1832 1873
f 1873 1874 1833
f 1834 1833 1874
f 1874 1875 1834
f 1835 1834 1875
f 1875 1876 1835
f 1836 1835 1876
f 1876 1877 1836
f 1837 1836 1877
f 1877 1878 1837
f 1838 1837 1878
f 1878 1879 1838
f 1839 1838 1879
f 1879 1880 1839
f 1840 1839 1880
f 1880 1881 1840
f 1841 1840 1881
f 1881 1882 1841
f 1842 1841 1882
f 1882 1883 1842
f 1843 1842 1883
f 1883 1884 1843
f 1844 1843 1884
f 1884 1885 1844
f 1845 1844 1885
f 1885 1886 1845
f 1846 1845 1886
f 1886 1887 1846
f 1847 1846 1887
f 1887 1888 1847
f 1848 1847 1888
f 1888 1889 1848
f 1849 1848 1889
f 1889 1890 1849
f 1850 1849 1890
f 1890 1891 1850
f 1851 1850 1891
f 1891 1892 1851
f 1852 1851 1892
f 1892 1893 1852
f 1853 1852 1893
f 1893 1894 1853
f 1854 1853 1894
f 1894 1895 1854
f 1855 1854 1895
f 1895 1896 1855
f 1856 1855 1896
f 1896 1897 1856
f 1857 1856 1897
f 1897 1898 1857
f 1858 1857 1898
f 1898 1899 1858
f 1859 1858 1899
f 1899 205 1859
f 1860 1859 205
f 205 206 1860
f 1861 1860 206
f 207 1861 206
f 206 3961 207
f 3961 3960 207
f 208 207 3960
f 3959 208 3960
f 32 155 31
f 154 31 155
f 1622 154 155
f 155 1672 1622
f 1623 1622 1672
f 1672 1673 1623
f 1624 1623 1673
f 1673 1674 1624
f 1625 1624 1674
f 1674 1675 1625
f 1626 1625 1675
f 1675 1676 1626
f 1627 1626 1676
f 1676 1677 1627
f 1628 1627 1677
f 1677 1678 1628
f 1629 1628 1678
f 1678 1679 1629
f 1630 1629 1679
f 1679 1680 1630
f 1631 1630 1680
f 1680 1681 1631
f 1632 1631 1681
f 1681 1682 1632
f 1633 1632 1682
f 1682 1683 1633
f 1634 1633 1683
f 1683 1684 1634
f 1635 1634 1684
f 1684 1685 1635
f 1636 1635 1685
f 1685 1686 1636
f 1637 1636 1686
f 1686 1687 1637
f 1638 1637 1687
f 1687 1688 1638
f 1639 1638 1688
f 1688 1689 1639
f 1640 1639 1689
f 1689 1690 1640
f 1641 1640 1690
f 1690 1691 1641
f 1642 1641 1691
f 1691 1692 1642
f 1643 1642 1692
f 1692 1693 1643
f 1644 1643 1693
f 1693 1694 1644
f 1645 1644 1694
f 1694 1695 1645
f 1695 1646 1645
f 1596 1645 1646
f 1597 1596 1646
f 1646 1647 1597
f 1598 1597 1647
f 1647 1648 1598
f 1599 1598 1648
f 1648 1649 1599
f 1600 1599 1649
f 1649 1650 1600
f 1601 1600 1650
f 1650 1651 1601
f 1602 1601 1651
f 1651 1652 1602
f 1603 1602 1652
f 1652 1653 1603
f 1604 1603 1653
f 1653 1654 1604
f 1605 1604 1654
f 1654 1655 1605
f 1606 1605 1655
f 1655 1656 1606
f 1607 1606 1656
f 1656 1657 1607
f 1608 1607 1657
f 1657 1658 1608
f 1609 1608 1658
f 1658 1659 1609
f 1610 1609 1659
f 1659 1660 1610
f 1611 1610 1660
f 1660 1661 1611
f 1612 1611 1661
f 1661 1662 1612
f 1613 1612 1662
f 1662 1663 1613
f 1614 1613 1663
f 1663 1664 1614
f 1615 1614 1664
f 1664 1665 1615
f 1616 1615 1665
f 1665 1666 1616
f 1617 1616 1666
f 1666 1667 1617
f 1618 1617 1667
f 1667 1668 1618
f 1619 1618 1668
f 1668 1669 1619
f 1620 1619 1669
f 1669 1670 1620
f 1621 1620 1670
f 1670 1671 1621
f 221 1621 1671
f 1671 220 221
f 220 79 221
f 80 221 79
f 4005 4010 4006
f 22 145 21
f 144 21 145
f 1144 144 145
f 145 1190 1144
f 1145 1144 1190
f 1190 1191 1145
f 1146 1145 1191
f 1191 1192 1146
f 1147 1146 1192
f 1192 1193 1147
f 1148 1147 1193
f 1193 1194 1148
f 1149 1148 1194
f 1194 1195 1149
f 1150 1149 1195
f 1195 1196 1150
f 1151 1150 1196
f 1196 1197 1151
f 1152 1151 1197
f 1197 1198 1152
f 1153 1152 1198
f 1198 1199 1153
f 1154 1153 1199
f 1199 1200 1154
f 1155 1154 1200
f 1200 1201 1155
f 1156 1155 1201
f 1201 1202 1156
f 1157 1156 1202
f 1202 1203 1157
f 1158 1157 1203
f 1203 1204 1158
f 1159 1158 1204
f 1204 1205 1159
f 1160 1159 1205
f 1205 1206 1160
f 1161 1160 1206
f 1206 1207 1161
f 1162 1161 1207
f 1207 1208 1162
f 1163 1162 1208
f 1208 1209 1163
f 1164 1163 1209
f 1209 1210 1164
f 1165 1164 1210
f 1210 1211 1165
f 1166 1165 1211
f 1211 1212 1166
f 1167 1166 1212
f 1212 1213 1167
f 1213 1168 1167
f 1122 1167 1168
f 1123 1122 1168
f 1168 1169 1123
f 1124 1123 1169
f 1169 1170 1124
f 1125 1124 1170
f 1170 1171 1125
f 1126 1125 1171
f 1171 1172 1126
f 1127 1126 1172
f 1172 1173 1127
f 1128 1127 1173
f 1173 1174 1128
f 1129 1128 1174
f 1174 1175 1129
f 1130 1129 1175
f 1175 1176 1130
f 1131 1130 1176
f 1176 1177 1131
f 1132 1131 1177
f 1177 1178 1132
f 1133 1132 1178
f 1178 1179 1133
f 1134 1133 1179
f 1179 1180 1134
f 1135 1134 1180
f 1180 1181 1135
f 1136 1135 1181
f 1181 1182 1136
f 1137 1136 1182
f 1182 1183 1137
f 1138 1137 1183
f 1183 1184 1138
f 1139 1138 1184
f 1184 1185 1139
f 1140 1139 1185
f 1185 1186 1140
f 1141 1140 1186
f 1186 1187 1141
f 1142 1141 1187
f 1187 1188 1142
f 1143 1142 1188
f 1188 1189 1143
f 233 1143 1189
f 1189 232 233
f 232 4985 233
f 4986 233 4985
f 123 2242 124
f 2242 123 2241
f 122 2241 123
f 2241 122 2240
f 121 2240 122
f 2240 121 2239
f 120 2239 121
f 2239 120 2238
f 119 2238 120
f 2238 119 2237
f 118 2237 119
f 2237 118 2236
f 117 2236 118
f 2236 117 2235
f 116 2235 117
f 2235 116 2234
f 115 2234 116
f 2234 115 2233
f 114 2233 115
f 2233 114 2232
f 113 2232 114
f 2232 113 2231
f 112 2231 113
f 2231 112 2230
f 111 2230 112
f 2230 111 2229
f 110 2229 111
f 2229 110 2228
f 109 2228 110
f 2228 109 2227
f 108 2227 109
f 2227 108 2226
f 107 2226 108
f 2226 107 2225
f 106 2225 107
f 2225 106 2224
f 105 2224 106
f 2224 105 2223
f 104 2223 105
f 2223 104 2222
f 103 2222 104
f 2222 103 2221
f 102 2221 103
f 2221 102 2220
f 101 2220 102
f 2220 101 2219
f 100 2219 101
f 2219 100 2218
f 99 2218 100
f 2218 99 2217
f 98 2217 99
f 2217 98 2216
f 97 2216 98
f 2216 97 2215
f 96 2215 97
f 2215 96 2214
f 95 2214 96
f 2035 2034 2075
f 2074 2075 2034
f 2243 2075 2074
f 2075 2243 2275
f 2244 2275 2243
f 2275 2244 2276
f 2245 2276 2244
f 2276 2245 2277
f 2246 2277 2245
f 2277 2246 2278
f 2247 2278 2246
f 2278 2247 2279
f 2248 2279 2247
f 2279 2248 2280
f 2249 2280 2248
f 2280 2249 2281
f 2250 2281 2249
f 2281 2250 2282
f 2251 2282 2250
f 2282 2251 2283
f 2252 2283 2251
f 2283 2252 2284
f 2253 2284 2252
f 2284 2253 2285
f 2254 2285 2253
f 2285 2254 2286
f 2255 2286 2254
f 2286 2255 2287
f 2256 2287 2255
f 2287 2256 2288
f 2257 2288 2256
f 2288 2257 2289
f 2258 2289 2257
f 2289 2258 2290
f 2259 2290 2258
f 2290 2259 2291
f 2260 2291 2259
f 2291 2260 2292
f 2261 2292 2260
f 2292 2261 2293
f 2262 2293 2261
f 2293 2262 2294
f 2263 2294 2262
f 2294 2263 2295
f 2264 2295 2263
f 2271 2213 2272
f 2212 2272 2213
f 2272 2212 2273
f 2211 2273 2212
f 2273 2211 2274
f 2210 2274 2211
f 2274 2210 2209
f 4527 2209 2210
f 2209 4527 4528
f 2034 1 2074
f 124 2074 1
f 2242 2074 124
f 2074 2242 2243
f 2241 2243 2242
f 2243 2241 2244
f 2240 2244 2241
f 2244 2240 2245
f 2239 2245 2240
f 2245 2239 2246
f 2238 2246 2239
f 2246 2238 2247
f 2237 2247 2238
f 2247 2237 2248
f 2236 2248 2237
f 2248 2236 2249
f 2235 2249 2236
f 2249 2235 2250
f 2234 2250 2235
f 2250 2234 2251
f 2233 2251 2234
f 2251 2233 2252
f 2232 2252 2233
f 2252 2232 2253
f 2231 2253 2232
f 2253 2231 2254
f 2230 2254 2231
f 2254 2230 2255
f 2229 2255 2230
f 2255 2229 2256
f 2228 2256 2229
f 2256 2228 2257
f 2227 2257 2228
f 2257 2227 2258
f 2226 2258 2227
f 2258 2226 2259
f 2225 2259 2226
f 2259 2225 2260
f 2224 2260 2225
f 2260 2224 2261
f 2223 2261 2224
f 2261 2223 2262
f 2222 2262 2223
f 2262 2222 2263
f 2221 2263 2222
f 2263 2221 2264
f 2220 2264 2221
f 2264 2220 2265
f 2219 2265 2220
f 2265 2219 2266
f 2218 2266 2219
f 2266 2218 2267
f 2217 2267 2218
f 2267 2217 2268
f 2216 2268 2217
f 2268 2216 2269
f 2215 2269 2216
f 2269 2215 2270
f 2214 2270 2215
f 2270 2214 2271
f 2271 2214 2213
f 95 2213 2214
f 94 2213 95
f 2213 94 2212
f 93 2212 94
f 2212 93 2211
f 92 2211 93
f 2211 92 2210
f 4526 2210 92
f 2210 4526 4527
f 2207 4529 4530
f 2037 2036 2077
f 2076 2077 2036
f 2308 2077 2076
f 2077 2308 2342
f 2309 2342 2308
f 2342 2309 2343
f 2310 2343 2309
f 2343 2310 2344
f 2311 2344 2310
f 2344 2311 2345
f 2312 2345 2311
f 2345 2312 2346
f 2313 2346 2312
f 2346 2313 2347
f 2314 2347 2313
f 2347 2314 2348
f 2315 2348 2314
f 2328 2296 2329
f 2297 2329 2296
f 2329 2297 2330
f 2298 2330 2297
f 2330 2298 2331
f 2299 2331 2298
f 2331 2299 2332
f 2300 2332 2299
f 2332 2300 2333
f 2301 2333 2300
f 2333 2301 2334
f 2302 2334 2301
f 2334 2302 2335
f 2303 2335 2302
f 2335 2303 2336
f 2304 2336 2303
f 2336 2304 2337
f 2305 2337 2304
f 2337 2305 2338
f 2306 2338 2305
f 2338 2306 2339
f 2307 2339 2306
f 2339 2307 2340
f 2208 2340 2307
f 2340 2208 2341
f 4529 2341 2208
f 2207 2341 4529
f 4530 2206 2207
f 2206 4530 4531
f 2383 2349 2384
f 2350 2384 2349
f 2384 2350 2385
f 2351 2385 2350
f 2385 2351 2386
f 2352 2386 2351
f 2386 2352 2387
f 2353 2387 2352
f 2387 2353 2388
f 2354 2388 2353
f 2388 2354 2389
f 2355 2389 2354
f 2389 2355 2390
f 2356 2390 2355
f 2390 2356 2391
f 2357 2391 2356
f 2391 2357 2392
f 2358 2392 2357
f 2392 2358 2393
f 2359 2393 2358
f 2393 2359 2394
f 2360 2394 2359
f 2394 2360 2395
f 2361 2395 2360
f 2395 2361 2396
f 2362 2396 2361
f 2396 2362 2397
f 2363 2397 2362
f 2397 2363 2398
f 2364 2398 2363
f 2398 2364 2399
f 2365 2399 2364
f 2399 2365 2400
f 2366 2400 2365
f 2400 2366 2401
f 2367 2401 2366
f 2401 2367 2402
f 2368 2402 2367
f 2402 2368 2403
f 2369 2403 2368
f 2403 2369 2404
f 2370 2404 2369
f 2204 4533 2203
f 2203 4533 4534
f 2038 2037 2078
f 2077 2078 2037
f 2342 2078 2077
f 2078 2342 2377
f 2343 2377 2342
f 2377 2343 2378
f 2344 2378 2343
f 2378 2344 2379
f 2345 2379 2344
f 2379 2345 2380
f 2346 2380 2345
f 2380 2346 2381
f 2347 2381 2346
f 2381 2347 2382
f 2348 2382 2347
f 2382 2348 2383
f 2383 2348 2349
f 2315 2349 2348
f 2316 2349 2315
f 2349 2316 2350
f 2317 2350 2316
f 2350 2317 2351
f 2318 2351 2317
f 2351 2318 2352
f 2319 2352 2318
f 2352 2319 2353
f 2320 2353 2319
f 2353 2320 2354
f 2321 2354 2320
f 2354 2321 2355
f 2322 2355 2321
f 2355 2322 2356
f 2323 2356 2322
f 2356 2323 2357
f 2324 2357 2323
f 2357 2324 2358
f 2325 2358 2324
f 2358 2325 2359
f 2326 2359 2325
f 2359 2326 2360
f 2327 2360 2326
f 2360 2327 2361
f 2328 2361 2327
f 2361 2328 2362
f 2329 2362 2328
f 2362 2329 2363
f 2330 2363 2329
f 2363 2330 2364
f 2331 2364 2330
f 2364 2331 2365
f 2332 2365 2331
f 2365 2332 2366
f 2333 2366 2332
f 2366 2333 2367
f 2334 2367 2333
f 2367 2334 2368
f 2335 2368 2334
f 2368 2335 2369
f 2336 2369 2335
f 2369 2336 2370
f 2337 2370 2336
f 2370 2337 2371
f 2338 2371 2337
f 2371 2338 2372
f 2339 2372 2338
f 2372 2339 2373
f 2340 2373 2339
f 2373 2340 2374
f 2341 2374 2340
f 2374 2341 2375
f 2207 2375 2341
f 2375 2207 2376
f 2206 2376 2207
f 4531 2205 2206
f 4532 2205 4531
f 2205 4532 2204
f 2204 4532 4533
f 2036 2035 2076
f 2075 2076 2035
f 2275 2076 2075
f 2076 2275 2308
f 2276 2308 2275
f 2308 2276 2309
f 2277 2309 2276
f 2309 2277 2310
f 2278 2310 2277
f 2310 2278 2311
f 2279 2311 2278
f 2311 2279 2312
f 2280 2312 2279
f 2312 2280 2313
f 2281 2313 2280
f 2313 2281 2314
f 2282 2314 2281
f 2314 2282 2315
f 2283 2315 2282
f 2315 2283 2316
f 2284 2316 2283
f 2316 2284 2317
f 2285 2317 2284
f 2317 2285 2318
f 2286 2318 2285
f 2318 2286 2319
f 2287 2319 2286
f 2319 2287 2320
f 2288 2320 2287
f 2320 2288 2321
f 2289 2321 2288
f 2321 2289 2322
f 2290 2322 2289
f 2322 2290 2323
f 2291 2323 2290
f 2323 2291 2324
f 2292 2324 2291
f 2324 2292 2325
f 2293 2325 2292
f 2325 2293 2326
f 2294 2326 2293
f 2326 2294 2327
f 2295 2327 2294
f 2327 2295 2328
f 2328 2295 2296
f 2264 2296 2295
f 2265 2296 2264
f 2296 2265 2297
f 2266 2297 2265
f 2297 2266 2298
f 2267 2298 2266
f 2298 2267 2299
f 2268 2299 2267
f 2299 2268 2300
f 2269 2300 2268
f 2300 2269 2301
f 2270 2301 2269
f 2301 2270 2302
f 2271 2302 2270
f 2302 2271 2303
f 2272 2303 2271
f 2303 2272 2304
f 2273 2304 2272
f 2304 2273 2305
f 2274 2305 2273
f 2305 2274 2306
f 2306 2274 2307
f 2209 2307 2274
f 2307 2209 2208
f 4528 2208 2209
f 2208 4528 4529
f 4536 2200 2201
f 4537 2200 4536
f 2200 4537 2199
f 4538 2199 4537
f 2079 2080 2039
f 2413 2080 2079
f 2440 2405 2441
f 2406 2441 2405
f 2441 2406 2442
f 2407 2442 2406
f 2442 2407 2443
f 2408 2443 2407
f 2443 2408 2444
f 2409 2444 2408
f 2444 2409 2445
f 2410 2445 2409
f 2445 2410 2446
f 2411 2446 2410
f 2446 2411 2447
f 2412 2447 2411
f 2447 2412 2448
f 2448 2412 2449
f 2201 2451 2202
f 4538 2198 2199
f 4539 2198 4538
f 2041 2040 2081
f 2081 2452 2500
f 2453 2500 2452
f 2500 2453 2501
f 2454 2501 2453
f 2501 2454 2502
f 2455 2502 2454
f 2502 2455 2503
f 2456 2503 2455
f 2503 2456 2504
f 2457 2504 2456
f 2495 2197 2496
f 2196 2496 2197
f 2496 2196 2497
f 2195 2497 2196
f 2497 2195 2498
f 2194 2498 2195
f 2498 2194 2499
f 2193 2499 2194
f 2499 2193 2192
f 91 2192 2193
f 2192 91 90
f 2080 2040 2039
f 2040 2080 2081
f 2081 2080 2452
f 2413 2452 2080
f 2414 2452 2413
f 2452 2414 2453
f 2415 2453 2414
f 2453 2415 2454
f 2416 2454 2415
f 2454 2416 2455
f 2417 2455 2416
f 2455 2417 2456
f 2418 2456 2417
f 2456 2418 2457
f 2419 2457 2418
f 2457 2419 2458
f 2420 2458 2419
f 2458 2420 2459
f 2421 2459 2420
f 2459 2421 2460
f 2422 2460 2421
f 2460 2422 2461
f 2423 2461 2422
f 2461 2423 2462
f 2424 2462 2423
f 2462 2424 2463
f 2425 2463 2424
f 2463 2425 2464
f 2426 2464 2425
f 2464 2426 2465
f 2427 2465 2426
f 2465 2427 2466
f 2428 2466 2427
f 2466 2428 2467
f 2429 2467 2428
f 2467 2429 2468
f 2430 2468 2429
f 2468 2430 2469
f 2431 2469 2430
f 2469 2431 2470
f 2432 2470 2431
f 2470 2432 2471
f 2433 2471 2432
f 2471 2433 2472
f 2434 2472 2433
f 2472 2434 2473
f 2435 2473 2434
f 2473 2435 2474
f 2436 2474 2435
f 2474 2436 2475
f 2437 2475 2436
f 2475 2437 2476
f 2438 2476 2437
f 2476 2438 2477
f 2439 2477 2438
f 2477 2439 2478
f 2440 2478 2439
f 2478 2440 2479
f 2441 2479 2440
f 2479 2441 2480
f 2442 2480 2441
f 2480 2442 2481
f 2443 2481 2442
f 2481 2443 2482
f 2444 2482 2443
f 2482 2444 2483
f 2445 2483 2444
f 2483 2445 2484
f 2446 2484 2445
f 2484 2446 2485
f 2447 2485 2446
f 2485 2447 2486
f 2448 2486 2447
f 2486 2448 2487
f 2449 2487 2448
f 2487 2449 2488
f 2450 2488 2449
f 2488 2450 2489
f 2451 2489 2450
f 2489 2451 2490
f 2490 2451 2491
f 2201 2491 2451
f 2491 2201 2492
f 2200 2492 2201
f 2492 2200 2493
f 2199 2493 2200
f 2493 2199 2494
f 2198 2494 2199
f 2494 2198 2495
f 2495 2198 2197
f 4539 2197 2198
f 4540 2197 4539
f 2197 4540 2196
f 4541 2196 4540
f 2196 4541 2195
f 4542 2195 4541
f 2195 4542 2194
f 4543 2194 4542
f 2194 4543 2193
f 4464 2193 4543
f 2193 4464 91
f 4004 4010 4005
f 2552 2505 2553
f 2506 2553 2505
f 2553 2506 2554
f 2507 2554 2506
f 2554 2507 2555
f 2508 2555 2507
f 2555 2508 2556
f 2509 2556 2508
f 2556 2509 2557
f 2510 2557 2509
f 2557 2510 2558
f 2511 2558 2510
f 2558 2511 2559
f 2512 2559 2511
f 2559 2512 2560
f 2513 2560 2512
f 2560 2513 2561
f 2514 2561 2513
f 2561 2514 2562
f 2515 2562 2514
f 2562 2515 2563
f 2516 2563 2515
f 2563 2516 2564
f 2517 2564 2516
f 2612 2565 2613
f 2566 2613 2565
f 2613 2566 2614
f 2567 2614 2566
f 2614 2567 2615
f 2568 2615 2567
f 2615 2568 2616
f 2569 2616 2568
f 2616 2569 2617
f 2570 2617 2569
f 2617 2570 2618
f 2571 2618 2570
f 2618 2571 2619
f 2572 2619 2571
f 2619 2572 2620
f 2573 2620 2572
f 2620 2573 2621
f 2574 2621 2573
f 2621 2574 2622
f 2575 2622 2574
f 2622 2575 2623
f 2576 2623 2575
f 2623 2576 2624
f 2577 2624 2576
f 2043 2042 2083
f 2082 2083 2042
f 2548 2083 2082
f 2083 2548 2596
f 2549 2596 2548
f 2596 2549 2597
f 2550 2597 2549
f 2597 2550 2598
f 2551 2598 2550
f 2598 2551 2599
f 2552 2599 2551
f 2599 2552 2600
f 2553 2600 2552
f 2600 2553 2601
f 2554 2601 2553
f 2601 2554 2602
f 2555 2602 2554
f 2602 2555 2603
f 2556 2603 2555
f 2603 2556 2604
f 2557 2604 2556
f 2604 2557 2605
f 2558 2605 2557
f 2605 2558 2606
f 2559 2606 2558
f 2606 2559 2607
f 2560 2607 2559
f 2607 2560 2608
f 2561 2608 2560
f 2608 2561 2609
f 2562 2609 2561
f 2609 2562 2610
f 2563 2610 2562
f 2610 2563 2611
f 2564 2611 2563
f 2611 2564 2612
f 2612 2564 2565
f 2517 2565 2564
f 2518 2565 2517
f 2565 2518 2566
f 2519 2566 2518
f 2566 2519 2567
f 2520 2567 2519
f 2567 2520 2568
f 2521 2568 2520
f 2568 2521 2569
f 2522 2569 2521
f 2569 2522 2570
f 2523 2570 2522
f 2570 2523 2571
f 2524 2571 2523
f 2571 2524 2572
f 2525 2572 2524
f 2572 2525 2573
f 2526 2573 2525
f 2573 2526 2574
f 2527 2574 2526
f 2574 2527 2575
f 2528 2575 2527
f 2575 2528 2576
f 2529 2576 2528
f 2576 2529 2577
f 2530 2577 2529
f 2577 2530 2578
f 2531 2578 2530
f 2578 2531 2579
f 2532 2579 2531
f 2579 2532 2580
f 2533 2580 2532
f 2580 2533 2581
f 2534 2581 2533
f 2581 2534 2582
f 2535 2582 2534
f 2582 2535 2583
f 2536 2583 2535
f 2583 2536 2584
f 2537 2584 2536
f 2584 2537 2585
f 2538 2585 2537
f 2585 2538 2586
f 2539 2586 2538
f 2586 2539 2587
f 2540 2587 2539
f 2587 2540 2588
f 2541 2588 2540
f 2588 2541 2589
f 2542 2589 2541
f 2589 2542 2590
f 2543 2590 2542
f 2590 2543 2591
f 2544 2591 2543
f 2591 2544 2592
f 2545 2592 2544
f 2592 2545 2593
f 2546 2593 2545
f 2593 2546 2594
f 2547 2594 2546
f 2594 2547 2595
f 2191 2595 2547
f 2595 2191 2190
f 89 2190 2191
f 2190 89 88
f 2042 2041 2082
f 2081 2082 2041
f 2500 2082 2081
f 2082 2500 2548
f 2501 2548 2500
f 2548 2501 2549
f 2502 2549 2501
f 2549 2502 2550
f 2503 2550 2502
f 2550 2503 2551
f 2504 2551 2503
f 2551 2504 2552
f 2552 2504 2505
f 2457 2505 2504
f 2458 2505 2457
f 2505 2458 2506
f 2459 2506 2458
f 2506 2459 2507
f 2460 2507 2459
f 2507 2460 2508
f 2461 2508 2460
f 2508 2461 2509
f 2462 2509 2461
f 2509 2462 2510
f 2463 2510 2462
f 2510 2463 2511
f 2464 2511 2463
f 2511 2464 2512
f 2465 2512 2464
f 2512 2465 2513
f 2466 2513 2465
f 2513 2466 2514
f 2467 2514 2466
f 2514 2467 2515
f 2468 2515 2467
f 2515 2468 2516
f 2469 2516 2468
f 2516 2469 2517
f 2470 2517 2469
f 2517 2470 2518
f 2471 2518 2470
f 2518 2471 2519
f 2472 2519 2471
f 2519 2472 2520
f 2473 2520 2472
f 2520 2473 2521
f 2474 2521 2473
f 2521 2474 2522
f 2475 2522 2474
f 2522 2475 2523
f 2476 2523 2475
f 2523 2476 2524
f 2477 2524 2476
f 2524 2477 2525
f 2478 2525 2477
f 2525 2478 2526
f 2479 2526 2478
f 2526 2479 2527
f 2480 2527 2479
f 2527 2480 2528
f 2481 2528 2480
f 2528 2481 2529
f 2482 2529 2481
f 2529 2482 2530
f 2483 2530 2482
f 2530 2483 2531
f 2484 2531 2483
f 2531 2484 2532
f 2485 2532 2484
f 2532 2485 2533
f 2486 2533 2485
f 2533 2486 2534
f 2487 2534 2486
f 2534 2487 2535
f 2488 2535 2487
f 2535 2488 2536
f 2489 2536 2488
f 2536 2489 2537
f 2490 2537 2489
f 2537 2490 2538
f 2491 2538 2490
f 2538 2491 2539
f 2492 2539 2491
f 2539 2492 2540
f 2493 2540 2492
f 2540 2493 2541
f 2494 2541 2493
f 2541 2494 2542
f 2495 2542 2494
f 2542 2495 2543
f 2496 2543 2495
f 2543 2496 2544
f 2497 2544 2496
f 2544 2497 2545
f 2498 2545 2497
f 2545 2498 2546
f 2499 2546 2498
f 2546 2499 2547
f 2192 2547 2499
f 2547 2192 2191
f 90 2191 2192
f 2191 90 89
f 2039 2038 2079
f 2078 2079 2038
f 2377 2079 2078
f 2079 2377 2413
f 2378 2413 2377
f 2413 2378 2414
f 2379 2414 2378
f 2414 2379 2415
f 2380 2415 2379
f 2415 2380 2416
f 2381 2416 2380
f 2416 2381 2417
f 2382 2417 2381
f 2417 2382 2418
f 2383 2418 2382
f 2418 2383 2419
f 2384 2419 2383
f 2419 2384 2420
f 2385 2420 2384
f 2420 2385 2421
f 2386 2421 2385
f 2421 2386 2422
f 2387 2422 2386
f 2422 2387 2423
f 2388 2423 2387
f 2423 2388 2424
f 2389 2424 2388
f 2424 2389 2425
f 2390 2425 2389
f 2425 2390 2426
f 2391 2426 2390
f 2426 2391 2427
f 2392 2427 2391
f 2427 2392 2428
f 2393 2428 2392
f 2428 2393 2429
f 2394 2429 2393
f 2429 2394 2430
f 2395 2430 2394
f 2430 2395 2431
f 2396 2431 2395
f 2431 2396 2432
f 2397 2432 2396
f 2432 2397 2433
f 2398 2433 2397
f 2433 2398 2434
f 2399 2434 2398
f 2434 2399 2435
f 2400 2435 2399
f 2435 2400 2436
f 2401 2436 2400
f 2436 2401 2437
f 2402 2437 2401
f 2437 2402 2438
f 2403 2438 2402
f 2438 2403 2439
f 2404 2439 2403
f 2439 2404 2440
f 2440 2404 2405
f 2370 2405 2404
f 2371 2405 2370
f 2405 2371 2406
f 2372 2406 2371
f 2406 2372 2407
f 2373 2407 2372
f 2407 2373 2408
f 2374 2408 2373
f 2408 2374 2409
f 2375 2409 2374
f 2409 2375 2410
f 2376 2410 2375
f 2410 2376 2411
f 2411 2376 2412
f 2206 2412 2376
f 2205 2412 2206
f 2204 2412 2205
f 2412 2204 2449
f 2449 2204 2450
f 2203 2450 2204
f 2450 2203 2451
f 2451 2203 2202
f 4534 2202 2203
f 4535 2202 4534
f 2202 4535 2201
f 2201 4535 4536
f 2672 2625 2673
f 2626 2673 2625
f 2673 2626 2674
f 2627 2674 2626
f 2674 2627 2675
f 2628 2675 2627
f 2675 2628 2676
f 2629 2676 2628
f 2676 2629 2677
f 2630 2677 2629
f 2677 2630 2678
f 2631 2678 2630
f 2678 2631 2679
f 2632 2679 2631
f 2679 2632 2680
f 2633 2680 2632
f 2680 2633 2681
f 2634 2681 2633
f 2681 2634 2682
f 2635 2682 2634
f 2682 2635 2683
f 2636 2683 2635
f 2683 2636 2684
f 2637 2684 2636
f 2046 2045 2086
f 2085 2086 2045
f 2692 2086 2085
f 2086 2692 2740
f 2693 2740 2692
f 2732 2685 2733
f 2686 2733 2685
f 2733 2686 2734
f 2687 2734 2686
f 2734 2687 2735
f 2688 2735 2687
f 2735 2688 2736
f 2689 2736 2688
f 2736 2689 2737
f 2690 2737 2689
f 2737 2690 2738
f 2691 2738 2690
f 2738 2691 2739
f 2188 2739 2691
f 2739 2188 2187
f 86 2187 2188
f 2187 86 85
f 2045 2044 2085
f 2084 2085 2044
f 2644 2085 2084
f 2085 2644 2692
f 2645 2692 2644
f 2692 2645 2693
f 2646 2693 2645
f 2693 2646 2694
f 2647 2694 2646
f 2694 2647 2695
f 2648 2695 2647
f 2695 2648 2696
f 2649 2696 2648
f 2696 2649 2697
f 2650 2697 2649
f 2697 2650 2698
f 2651 2698 2650
f 2698 2651 2699
f 2652 2699 2651
f 2699 2652 2700
f 2653 2700 2652
f 2700 2653 2701
f 2654 2701 2653
f 2701 2654 2702
f 2655 2702 2654
f 2702 2655 2703
f 2656 2703 2655
f 2703 2656 2704
f 2657 2704 2656
f 2704 2657 2705
f 2658 2705 2657
f 2705 2658 2706
f 2659 2706 2658
f 2706 2659 2707
f 2660 2707 2659
f 2707 2660 2708
f 2661 2708 2660
f 2708 2661 2709
f 2662 2709 2661
f 2709 2662 2710
f 2663 2710 2662
f 2710 2663 2711
f 2664 2711 2663
f 2711 2664 2712
f 2665 2712 2664
f 2712 2665 2713
f 2666 2713 2665
f 2713 2666 2714
f 2667 2714 2666
f 2714 2667 2715
f 2668 2715 2667
f 2715 2668 2716
f 2669 2716 2668
f 2716 2669 2717
f 2670 2717 2669
f 2717 2670 2718
f 2671 2718 2670
f 2718 2671 2719
f 2672 2719 2671
f 2719 2672 2720
f 2673 2720 2672
f 2720 2673 2721
f 2674 2721 2673
f 2721 2674 2722
f 2675 2722 2674
f 2722 2675 2723
f 2676 2723 2675
f 2723 2676 2724
f 2677 2724 2676
f 2724 2677 2725
f 2678 2725 2677
f 2725 2678 2726
f 2679 2726 2678
f 2726 2679 2727
f 2680 2727 2679
f 2727 2680 2728
f 2681 2728 2680
f 2728 2681 2729
f 2682 2729 2681
f 2729 2682 2730
f 2683 2730 2682
f 2730 2683 2731
f 2684 2731 2683
f 2731 2684 2732
f 2732 2684 2685
f 2637 2685 2684
f 2638 2685 2637
f 2685 2638 2686
f 2639 2686 2638
f 2686 2639 2687
f 2640 2687 2639
f 2687 2640 2688
f 2641 2688 2640
f 2688 2641 2689
f 2642 2689 2641
f 2689 2642 2690
f 2643 2690 2642
f 2690 2643 2691
f 2189 2691 2643
f 2691 2189 2188
f 87 2188 2189
f 2188 87 86
f 2788 2741 2789
f 2742 2789 2741
f 2789 2742 2790
f 2743 2790 2742
f 2790 2743 2791
f 2744 2791 2743
f 2791 2744 2792
f 2745 2792 2744
f 2792 2745 2793
f 2746 2793 2745
f 2793 2746 2794
f 2747 2794 2746
f 2794 2747 2795
f 2748 2795 2747
f 2795 2748 2796
f 2749 2796 2748
f 2796 2749 2797
f 2750 2797 2749
f 2797 2750 2798
f 2751 2798 2750
f 2798 2751 2799
f 2752 2799 2751
f 2799 2752 2800
f 2753 2800 2752
f 2185 2184 2835
f 2184 2185 4993
f 2848 2801 2849
f 2802 2849 2801
f 2849 2802 2850
f 2803 2850 2802
f 2850 2803 2851
f 2804 2851 2803
f 2851 2804 2852
f 2805 2852 2804
f 2852 2805 2853
f 2806 2853 2805
f 2853 2806 2854
f 2807 2854 2806
f 2854 2807 2855
f 2808 2855 2807
f 2855 2808 2856
f 2809 2856 2808
f 2856 2809 2857
f 2810 2857 2809
f 2857 2810 2858
f 2811 2858 2810
f 2858 2811 2859
f 2812 2859 2811
f 2048 2047 2088
f 2087 2088 2047
f 2788 2088 2087
f 2088 2788 2836
f 2789 2836 2788
f 2836 2789 2837
f 2790 2837 2789
f 2837 2790 2838
f 2791 2838 2790
f 2838 2791 2839
f 2792 2839 2791
f 2839 2792 2840
f 2793 2840 2792
f 2840 2793 2841
f 2794 2841 2793
f 2841 2794 2842
f 2795 2842 2794
f 2842 2795 2843
f 2796 2843 2795
f 2843 2796 2844
f 2797 2844 2796
f 2844 2797 2845
f 2798 2845 2797
f 2845 2798 2846
f 2799 2846 2798
f 2846 2799 2847
f 2800 2847 2799
f 2847 2800 2848
f 2848 2800 2801
f 2753 2801 2800
f 2754 2801 2753
f 2801 2754 2802
f 2755 2802 2754
f 2802 2755 2803
f 2756 2803 2755
f 2803 2756 2804
f 2757 2804 2756
f 2804 2757 2805
f 2758 2805 2757
f 2805 2758 2806
f 2759 2806 2758
f 2806 2759 2807
f 2760 2807 2759
f 2807 2760 2808
f 2761 2808 2760
f 2808 2761 2809
f 2762 2809 2761
f 2809 2762 2810
f 2763 2810 2762
f 2810 2763 2811
f 2764 2811 2763
f 2811 2764 2812
f 2765 2812 2764
f 2812 2765 2813
f 2766 2813 2765
f 2813 2766 2814
f 2767 2814 2766
f 2814 2767 2815
f 2768 2815 2767
f 2815 2768 2816
f 2769 2816 2768
f 2816 2769 2817
f 2770 2817 2769
f 2817 2770 2818
f 2771 2818 2770
f 2818 2771 2819
f 2772 2819 2771
f 2819 2772 2820
f 2773 2820 2772
f 2820 2773 2821
f 2774 2821 2773
f 2821 2774 2822
f 2775 2822 2774
f 2822 2775 2823
f 2776 2823 2775
f 2823 2776 2824
f 2777 2824 2776
f 2824 2777 2825
f 2778 2825 2777
f 2825 2778 2826
f 2779 2826 2778
f 2826 2779 2827
f 2780 2827 2779
f 2827 2780 2828
f 2781 2828 2780
f 2828 2781 2829
f 2782 2829 2781
f 2829 2782 2830
f 2783 2830 2782
f 2830 2783 2831
f 2784 2831 2783
f 2831 2784 2832
f 2785 2832 2784
f 2832 2785 2833
f 2786 2833 2785
f 2833 2786 2834
f 2787 2834 2786
f 2834 2787 2835
f 2186 2835 2787
f 2835 2186 2185
f 84 2185 2186
f 2185 84 4993
f 2047 2046 2087
f 2086 2087 2046
f 2740 2087 2086
f 2087 2740 2788
f 2788 2740 2741
f 2693 2741 2740
f 2694 2741 2693
f 2741 2694 2742
f 2695 2742 2694
f 2742 2695 2743
f 2696 2743 2695
f 2743 2696 2744
f 2697 2744 2696
f 2744 2697 2745
f 2698 2745 2697
f 2745 2698 2746
f 2699 2746 2698
f 2746 2699 2747
f 2700 2747 2699
f 2747 2700 2748
f 2701 2748 2700
f 2748 2701 2749
f 2702 2749 2701
f 2749 2702 2750
f 2703 2750 2702
f 2750 2703 2751
f 2704 2751 2703
f 2751 2704 2752
f 2705 2752 2704
f 2752 2705 2753
f 2706 2753 2705
f 2753 2706 2754
f 2707 2754 2706
f 2754 2707 2755
f 2708 2755 2707
f 2755 2708 2756
f 2709 2756 2708
f 2756 2709 2757
f 2710 2757 2709
f 2757 2710 2758
f 2711 2758 2710
f 2758 2711 2759
f 2712 2759 2711
f 2759 2712 2760
f 2713 2760 2712
f 2760 2713 2761
f 2714 2761 2713
f 2761 2714 2762
f 2715 2762 2714
f 2762 2715 2763
f 2716 2763 2715
f 2763 2716 2764
f 2717 2764 2716
f 2764 2717 2765
f 2718 2765 2717
f 2765 2718 2766
f 2719 2766 2718
f 2766 2719 2767
f 2720 2767 2719
f 2767 2720 2768
f 2721 2768 2720
f 2768 2721 2769
f 2722 2769 2721
f 2769 2722 2770
f 2723 2770 2722
f 2770 2723 2771
f 2724 2771 2723
f 2771 2724 2772
f 2725 2772 2724
f 2772 2725 2773
f 2726 2773 2725
f 2773 2726 2774
f 2727 2774 2726
f 2774 2727 2775
f 2728 2775 2727
f 2775 2728 2776
f 2729 2776 2728
f 2776 2729 2777
f 2730 2777 2729
f 2777 2730 2778
f 2731 2778 2730
f 2778 2731 2779
f 2732 2779 2731
f 2779 2732 2780
f 2733 2780 2732
f 2780 2733 2781
f 2734 2781 2733
f 2781 2734 2782
f 2735 2782 2734
f 2782 2735 2783
f 2736 2783 2735
f 2783 2736 2784
f 2737 2784 2736
f 2784 2737 2785
f 2738 2785 2737
f 2785 2738 2786
f 2739 2786 2738
f 2786 2739 2787
f 2187 2787 2739
f 2787 2187 2186
f 85 2186 2187
f 2186 85 84
f 4010 4004 4011
f 2907 2860 2908
f 2861 2908 2860
f 2908 2861 2909
f 2862 2909 2861
f 2909 2862 2910
f 2863 2910 2862
f 2910 2863 2911
f 2864 2911 2863
f 2911 2864 2912
f 2865 2912 2864
f 2912 2865 2913
f 2866 2913 2865
f 2913 2866 2914
f 2867 2914 2866
f 2914 2867 2915
f 2868 2915 2867
f 2915 2868 2916
f 2869 2916 2868
f 2916 2869 2917
f 2870 2917 2869
f 2917 2870 2918
f 2871 2918 2870
f 2918 2871 2919
f 2872 2919 2871
f 2090 2091 2050
f 2931 2091 2090
f 2966 2920 2967
f 2921 2967 2920
f 2967 2921 2968
f 2922 2968 2921
f 2968 2922 2969
f 2923 2969 2922
f 2969 2923 2970
f 2924 2970 2923
f 2970 2924 2971
f 2925 2971 2924
f 2971 2925 2972
f 2926 2972 2925
f 2972 2926 2973
f 2927 2973 2926
f 2973 2927 2974
f 2928 2974 2927
f 2974 2928 2975
f 2929 2975 2928
f 2975 2929 2976
f 2930 2976 2929
f 2976 2930 2977
f 2182 2977 2930
f 4995 4996 2182
f 2050 2049 2090
f 2089 2090 2049
f 2884 2090 2089
f 2090 2884 2931
f 2885 2931 2884
f 2931 2885 2932
f 2886 2932 2885
f 2932 2886 2933
f 2887 2933 2886
f 2933 2887 2934
f 2888 2934 2887
f 2934 2888 2935
f 2889 2935 2888
f 2935 2889 2936
f 2890 2936 2889
f 2936 2890 2937
f 2891 2937 2890
f 2937 2891 2938
f 2892 2938 2891
f 2938 2892 2939
f 2893 2939 2892
f 2939 2893 2940
f 2894 2940 2893
f 2940 2894 2941
f 2895 2941 2894
f 2941 2895 2942
f 2896 2942 2895
f 2942 2896 2943
f 2897 2943 2896
f 2943 2897 2944
f 2898 2944 2897
f 2944 2898 2945
f 2899 2945 2898
f 2945 2899 2946
f 2900 2946 2899
f 2946 2900 2947
f 2901 2947 2900
f 2947 2901 2948
f 2902 2948 2901
f 2948 2902 2949
f 2903 2949 2902
f 2949 2903 2950
f 2904 2950 2903
f 2950 2904 2951
f 2905 2951 2904
f 2951 2905 2952
f 2906 2952 2905
f 2952 2906 2953
f 2907 2953 2906
f 2953 2907 2954
f 2908 2954 2907
f 2954 2908 2955
f 2909 2955 2908
f 2955 2909 2956
f 2910 2956 2909
f 2956 2910 2957
f 2911 2957 2910
f 2957 2911 2958
f 2912 2958 2911
f 2958 2912 2959
f 2913 2959 2912
f 2959 2913 2960
f 2914 2960 2913
f 2960 2914 2961
f 2915 2961 2914
f 2961 2915 2962
f 2916 2962 2915
f 2962 2916 2963
f 2917 2963 2916
f 2963 2917 2964
f 2918 2964 2917
f 2964 2918 2965
f 2919 2965 2918
f 2965 2919 2966
f 2966 2919 2920
f 2872 2920 2919
f 2873 2920 2872
f 2920 2873 2921
f 2874 2921 2873
f 2921 2874 2922
f 2875 2922 2874
f 2922 2875 2923
f 2876 2923 2875
f 2923 2876 2924
f 2877 2924 2876
f 2924 2877 2925
f 2878 2925 2877
f 2925 2878 2926
f 2879 2926 2878
f 2926 2879 2927
f 2880 2927 2879
f 2927 2880 2928
f 2881 2928 2880
f 2928 2881 2929
f 2882 2929 2881
f 2929 2882 2930
f 2883 2930 2882
f 2930 2883 2182
f 2183 2182 2883
f 2182 2183 4995
f 4994 4995 2183
f 2052 2051 2092
f 2092 2978 3025
f 2979 3025 2978
f 3025 2979 3026
f 2980 3026 2979
f 3026 2980 3027
f 2981 3027 2980
f 3027 2981 3028
f 2982 3028 2981
f 3028 2982 3029
f 2983 3029 2982
f 3029 2983 3030
f 2984 3030 2983
f 3030 2984 3031
f 2985 3031 2984
f 3031 2985 3032
f 2986 3032 2985
f 3032 2986 3033
f 2987 3033 2986
f 3033 2987 3034
f 2988 3034 2987
f 3034 2988 3035
f 2989 3035 2988
f 3024 2181 2180
f 2180 2181 4997
f 3082 3036 3083
f 3037 3083 3036
f 3083 3037 3084
f 3038 3084 3037
f 3084 3038 3085
f 3039 3085 3038
f 3085 3039 3086
f 3040 3086 3039
f 3086 3040 3087
f 3041 3087 3040
f 3087 3041 3088
f 3042 3088 3041
f 3088 3042 3089
f 3043 3089 3042
f 3089 3043 3090
f 3044 3090 3043
f 3090 3044 3091
f 3045 3091 3044
f 3091 3045 3092
f 3046 3092 3045
f 3092 3046 3093
f 3047 3093 3046
f 3093 3047 3094
f 3048 3094 3047
f 3094 3048 3095
f 3049 3095 3048
f 3095 3049 3096
f 3050 3096 3049
f 2053 2052 2093
f 2092 2093 2052
f 3025 2093 2092
f 2093 3025 3072
f 3026 3072 3025
f 3072 3026 3073
f 3027 3073 3026
f 3073 3027 3074
f 3028 3074 3027
f 3074 3028 3075
f 3029 3075 3028
f 3075 3029 3076
f 3030 3076 3029
f 3076 3030 3077
f 3031 3077 3030
f 3077 3031 3078
f 3032 3078 3031
f 3078 3032 3079
f 3033 3079 3032
f 3079 3033 3080
f 3034 3080 3033
f 3080 3034 3081
f 3035 3081 3034
f 3081 3035 3082
f 3082 3035 3036
f 2989 3036 3035
f 2990 3036 2989
f 3036 2990 3037
f 2991 3037 2990
f 3037 2991 3038
f 2992 3038 2991
f 3038 2992 3039
f 2993 3039 2992
f 3039 2993 3040
f 2994 3040 2993
f 3040 2994 3041
f 2995 3041 2994
f 3041 2995 3042
f 2996 3042 2995
f 3042 2996 3043
f 2997 3043 2996
f 3043 2997 3044
f 2998 3044 2997
f 3044 2998 3045
f 2999 3045 2998
f 3045 2999 3046
f 3000 3046 2999
f 3046 3000 3047
f 3001 3047 3000
f 3047 3001 3048
f 3002 3048 3001
f 3048 3002 3049
f 3003 3049 3002
f 3049 3003 3050
f 3004 3050 3003
f 3050 3004 3051
f 3005 3051 3004
f 3051 3005 3052
f 3006 3052 3005
f 3052 3006 3053
f 3007 3053 3006
f 3053 3007 3054
f 3008 3054 3007
f 3054 3008 3055
f 3009 3055 3008
f 3055 3009 3056
f 3010 3056 3009
f 3056 3010 3057
f 3011 3057 3010
f 3057 3011 3058
f 3012 3058 3011
f 3058 3012 3059
f 3013 3059 3012
f 3059 3013 3060
f 3014 3060 3013
f 3060 3014 3061
f 3015 3061 3014
f 3061 3015 3062
f 3016 3062 3015
f 3062 3016 3063
f 3017 3063 3016
f 3063 3017 3064
f 3018 3064 3017
f 3064 3018 3065
f 3019 3065 3018
f 3065 3019 3066
f 3020 3066 3019
f 3066 3020 3067
f 3021 3067 3020
f 3067 3021 3068
f 3022 3068 3021
f 3068 3022 3069
f 3023 3069 3022
f 3069 3023 3070
f 3024 3070 3023
f 3070 3024 3071
f 2180 3071 3024
f 3071 2180 2179
f 2179 2180 4998
f 4997 4998 2180
f 2091 2051 2050
f 2051 2091 2092
f 2092 2091 2978
f 2931 2978 2091
f 2932 2978 2931
f 2978 2932 2979
f 2933 2979 2932
f 2979 2933 2980
f 2934 2980 2933
f 2980 2934 2981
f 2935 2981 2934
f 2981 2935 2982
f 2936 2982 2935
f 2982 2936 2983
f 2937 2983 2936
f 2983 2937 2984
f 2938 2984 2937
f 2984 2938 2985
f 2939 2985 2938
f 2985 2939 2986
f 2940 2986 2939
f 2986 2940 2987
f 2941 2987 2940
f 2987 2941 2988
f 2942 2988 2941
f 2988 2942 2989
f 2943 2989 2942
f 2989 2943 2990
f 2944 2990 2943
f 2990 2944 2991
f 2945 2991 2944
f 2991 2945 2992
f 2946 2992 2945
f 2992 2946 2993
f 2947 2993 2946
f 2993 2947 2994
f 2948 2994 2947
f 2994 2948 2995
f 2949 2995 2948
f 2995 2949 2996
f 2950 2996 2949
f 2996 2950 2997
f 2951 2997 2950
f 2997 2951 2998
f 2952 2998 2951
f 2998 2952 2999
f 2953 2999 2952
f 2999 2953 3000
f 2954 3000 2953
f 3000 2954 3001
f 2955 3001 2954
f 3001 2955 3002
f 2956 3002 2955
f 3002 2956 3003
f 2957 3003 2956
f 3003 2957 3004
f 2958 3004 2957
f 3004 2958 3005
f 2959 3005 2958
f 3005 2959 3006
f 2960 3006 2959
f 3006 2960 3007
f 2961 3007 2960
f 3007 2961 3008
f 2962 3008 2961
f 3008 2962 3009
f 2963 3009 2962
f 3009 2963 3010
f 2964 3010 2963
f 3010 2964 3011
f 2965 3011 2964
f 3011 2965 3012
f 2966 3012 2965
f 3012 2966 3013
f 2967 3013 2966
f 3013 2967 3014
f 2968 3014 2967
f 3014 2968 3015
f 2969 3015 2968
f 3015 2969 3016
f 2970 3016 2969
f 3016 2970 3017
f 2971 3017 2970
f 3017 2971 3018
f 2972 3018 2971
f 3018 2972 3019
f 2973 3019 2972
f 3019 2973 3020
f 2974 3020 2973
f 3020 2974 3021
f 2975 3021 2974
f 3021 2975 3022
f 2976 3022 2975
f 3022 2976 3023
f 2977 3023 2976
f 3023 2977 3024
f 3024 2977 2181
f 2182 2181 2977
f 4996 2181 2182
f 2181 4996 4997
f 2049 2048 2089
f 2088 2089 2048
f 2836 2089 2088
f 2089 2836 2884
f 2837 2884 2836
f 2884 2837 2885
f 2838 2885 2837
f 2885 2838 2886
f 2839 2886 2838
f 2886 2839 2887
f 2840 2887 2839
f 2887 2840 2888
f 2841 2888 2840
f 2888 2841 2889
f 2842 2889 2841
f 2889 2842 2890
f 2843 2890 2842
f 2890 2843 2891
f 2844 2891 2843
f 2891 2844 2892
f 2845 2892 2844
f 2892 2845 2893
f 2846 2893 2845
f 2893 2846 2894
f 2847 2894 2846
f 2894 2847 2895
f 2848 2895 2847
f 2895 2848 2896
f 2849 2896 2848
f 2896 2849 2897
f 2850 2897 2849
f 2897 2850 2898
f 2851 2898 2850
f 2898 2851 2899
f 2852 2899 2851
f 2899 2852 2900
f 2853 2900 2852
f 2900 2853 2901
f 2854 2901 2853
f 2901 2854 2902
f 2855 2902 2854
f 2902 2855 2903
f 2856 2903 2855
f 2903 2856 2904
f 2857 2904 2856
f 2904 2857 2905
f 2858 2905 2857
f 2905 2858 2906
f 2859 2906 2858
f 2906 2859 2907
f 2907 2859 2860
f 2812 2860 2859
f 2813 2860 2812
f 2860 2813 2861
f 2814 2861 2813
f 2861 2814 2862
f 2815 2862 2814
f 2862 2815 2863
f 2816 2863 2815
f 2863 2816 2864
f 2817 2864 2816
f 2864 2817 2865
f 2818 2865 2817
f 2865 2818 2866
f 2819 2866 2818
f 2866 2819 2867
f 2820 2867 2819
f 2867 2820 2868
f 2821 2868 2820
f 2868 2821 2869
f 2822 2869 2821
f 2869 2822 2870
f 2823 2870 2822
f 2870 2823 2871
f 2824 2871 2823
f 2871 2824 2872
f 2825 2872 2824
f 2872 2825 2873
f 2826 2873 2825
f 2873 2826 2874
f 2827 2874 2826
f 2874 2827 2875
f 2828 2875 2827
f 2875 2828 2876
f 2829 2876 2828
f 2876 2829 2877
f 2830 2877 2829
f 2877 2830 2878
f 2831 2878 2830
f 2878 2831 2879
f 2832 2879 2831
f 2879 2832 2880
f 2833 2880 2832
f 2880 2833 2881
f 2834 2881 2833
f 2881 2834 2882
f 2835 2882 2834
f 2882 2835 2883
f 2184 2883 2835
f 2883 2184 2183
f 2183 2184 4994
f 4993 4994 2184
f 2044 2043 2084
f 2083 2084 2043
f 2596 2084 2083
f 2084 2596 2644
f 2597 2644 2596
f 2644 2597 2645
f 2598 2645 2597
f 2645 2598 2646
f 2599 2646 2598
f 2646 2599 2647
f 2600 2647 2599
f 2647 2600 2648
f 2601 2648 2600
f 2648 2601 2649
f 2602 2649 2601
f 2649 2602 2650
f 2603 2650 2602
f 2650 2603 2651
f 2604 2651 2603
f 2651 2604 2652
f 2605 2652 2604
f 2652 2605 2653
f 2606 2653 2605
f 2653 2606 2654
f 2607 2654 2606
f 2654 2607 2655
f 2608 2655 2607
f 2655 2608 2656
f 2609 2656 2608
f 2656 2609 2657
f 2610 2657 2609
f 2657 2610 2658
f 2611 2658 2610
f 2658 2611 2659
f 2612 2659 2611
f 2659 2612 2660
f 2613 2660 2612
f 2660 2613 2661
f 2614 2661 2613
f 2661 2614 2662
f 2615 2662 2614
f 2662 2615 2663
f 2616 2663 2615
f 2663 2616 2664
f 2617 2664 2616
f 2664 2617 2665
f 2618 2665 2617
f 2665 2618 2666
f 2619 2666 2618
f 2666 2619 2667
f 2620 2667 2619
f 2667 2620 2668
f 2621 2668 2620
f 2668 2621 2669
f 2622 2669 2621
f 2669 2622 2670
f 2623 2670 2622
f 2670 2623 2671
f 2624 2671 2623
f 2671 2624 2672
f 2672 2624 2625
f 2577 2625 2624
f 2578 2625 2577
f 2625 2578 2626
f 2579 2626 2578
f 2626 2579 2627
f 2580 2627 2579
f 2627 2580 2628
f 2581 2628 2580
f 2628 2581 2629
f 2582 2629 2581
f 2629 2582 2630
f 2583 2630 2582
f 2630 2583 2631
f 2584 2631 2583
f 2631 2584 2632
f 2585 2632 2584
f 2632 2585 2633
f 2586 2633 2585
f 2633 2586 2634
f 2587 2634 2586
f 2634 2587 2635
f 2588 2635 2587
f 2635 2588 2636
f 2589 2636 2588
f 2636 2589 2637
f 2590 2637 2589
f 2637 2590 2638
f 2591 2638 2590
f 2638 2591 2639
f 2592 2639 2591
f 2639 2592 2640
f 2593 2640 2592
f 2640 2593 2641
f 2594 2641 2593
f 2641 2594 2642
f 2595 2642 2594
f 2642 2595 2643
f 2190 2643 2595
f 2643 2190 2189
f 88 2189 2190
f 2189 88 87
f 3983 3986 3984
f 3143 3097 3144
f 3098 3144 3097
f 3144 3098 3145
f 3099 3145 3098
f 3145 3099 3146
f 3100 3146 3099
f 3146 3100 3147
f 3101 3147 3100
f 3147 3101 3148
f 3102 3148 3101
f 3148 3102 3149
f 3103 3149 3102
f 3149 3103 3150
f 3104 3150 3103
f 3150 3104 3151
f 3105 3151 3104
f 3151 3105 3152
f 3106 3152 3105
f 3152 3106 3153
f 3107 3153 3106
f 3153 3107 3154
f 3108 3154 3107
f 3154 3108 3155
f 3109 3155 3108
f 3155 3109 3156
f 3110 3156 3109
f 2056 2055 2096
f 2095 2096 2055
f 3166 2096 2095
f 3203 3157 3204
f 3158 3204 3157
f 3204 3158 3205
f 3159 3205 3158
f 3205 3159 3206
f 3160 3206 3159
f 3206 3160 3207
f 3161 3207 3160
f 3207 3161 3208
f 3162 3208 3161
f 3208 3162 3209
f 3163 3209 3162
f 3209 3163 3210
f 3164 3210 3163
f 3210 3164 3211
f 3165 3211 3164
f 3211 3165 3212
f 2177 3212 3165
f 3212 2177 2176
f 2176 2177 5001
f 5000 5001 2177
f 2055 2054 2095
f 2094 2095 2054
f 3119 2095 2094
f 2095 3119 3166
f 3120 3166 3119
f 3166 3120 3167
f 3121 3167 3120
f 3167 3121 3168
f 3122 3168 3121
f 3168 3122 3169
f 3123 3169 3122
f 3169 3123 3170
f 3124 3170 3123
f 3170 3124 3171
f 3125 3171 3124
f 3171 3125 3172
f 3126 3172 3125
f 3172 3126 3173
f 3127 3173 3126
f 3173 3127 3174
f 3128 3174 3127
f 3174 3128 3175
f 3129 3175 3128
f 3175 3129 3176
f 3130 3176 3129
f 3176 3130 3177
f 3131 3177 3130
f 3177 3131 3178
f 3132 3178 3131
f 3178 3132 3179
f 3133 3179 3132
f 3179 3133 3180
f 3134 3180 3133
f 3180 3134 3181
f 3135 3181 3134
f 3181 3135 3182
f 3136 3182 3135
f 3182 3136 3183
f 3137 3183 3136
f 3183 3137 3184
f 3138 3184 3137
f 3184 3138 3185
f 3139 3185 3138
f 3185 3139 3186
f 3140 3186 3139
f 3186 3140 3187
f 3141 3187 3140
f 3187 3141 3188
f 3142 3188 3141
f 3188 3142 3189
f 3143 3189 3142
f 3189 3143 3190
f 3144 3190 3143
f 3190 3144 3191
f 3145 3191 3144
f 3191 3145 3192
f 3146 3192 3145
f 3192 3146 3193
f 3147 3193 3146
f 3193 3147 3194
f 3148 3194 3147
f 3194 3148 3195
f 3149 3195 3148
f 3195 3149 3196
f 3150 3196 3149
f 3196 3150 3197
f 3151 3197 3150
f 3197 3151 3198
f 3152 3198 3151
f 3198 3152 3199
f 3153 3199 3152
f 3199 3153 3200
f 3154 3200 3153
f 3200 3154 3201
f 3155 3201 3154
f 3201 3155 3202
f 3156 3202 3155
f 3202 3156 3203
f 3203 3156 3157
f 3110 3157 3156
f 3111 3157 3110
f 3157 3111 3158
f 3112 3158 3111
f 3158 3112 3159
f 3113 3159 3112
f 3159 3113 3160
f 3114 3160 3113
f 3160 3114 3161
f 3115 3161 3114
f 3161 3115 3162
f 3116 3162 3115
f 3162 3116 3163
f 3117 3163 3116
f 3163 3117 3164
f 3118 3164 3117
f 3164 3118 3165
f 2178 3165 3118
f 3165 2178 2177
f 2177 2178 5000
f 4999 5000 2178
f 2097 3213 3260
f 3214 3260 3213
f 3260 3214 3261
f 3215 3261 3214
f 3261 3215 3262
f 3216 3262 3215
f 3262 3216 3263
f 3217 3263 3216
f 3263 3217 3264
f 3218 3264 3217
f 3264 3218 3265
f 3219 3265 3218
f 3265 3219 3266
f 3220 3266 3219
f 3266 3220 3267
f 3221 3267 3220
f 3267 3221 3268
f 3222 3268 3221
f 3268 3222 3269
f 3223 3269 3222
f 3269 3223 3270
f 3224 3270 3223
f 3270 3224 3271
f 3225 3271 3224
f 3271 3225 3272
f 3226 3272 3225
f 3319 3273 3320
f 3274 3320 3273
f 3320 3274 3321
f 3275 3321 3274
f 3321 3275 3322
f 3276 3322 3275
f 3322 3276 3323
f 3277 3323 3276
f 3323 3277 3324
f 3278 3324 3277
f 3324 3278 3325
f 3279 3325 3278
f 3325 3279 3326
f 3280 3326 3279
f 3326 3280 3327
f 3281 3327 3280
f 3327 3281 3328
f 3282 3328 3281
f 3328 3282 3329
f 3283 3329 3282
f 3329 3283 3330
f 3284 3330 3283
f 3330 3284 3331
f 3285 3331 3284
f 3331 3285 3332
f 3286 3332 3285
f 2058 2057 2098
f 2097 2098 2057
f 3260 2098 2097
f 2098 3260 3307
f 3261 3307 3260
f 3307 3261 3308
f 3262 3308 3261
f 3308 3262 3309
f 3263 3309 3262
f 3309 3263 3310
f 3264 3310 3263
f 3310 3264 3311
f 3265 3311 3264
f 3311 3265 3312
f 3266 3312 3265
f 3312 3266 3313
f 3267 3313 3266
f 3313 3267 3314
f 3268 3314 3267
f 3314 3268 3315
f 3269 3315 3268
f 3315 3269 3316
f 3270 3316 3269
f 3316 3270 3317
f 3271 3317 3270
f 3317 3271 3318
f 3272 3318 3271
f 3318 3272 3319
f 3319 3272 3273
f 3226 3273 3272
f 3227 3273 3226
f 3273 3227 3274
f 3228 3274 3227
f 3274 3228 3275
f 3229 3275 3228
f 3275 3229 3276
f 3230 3276 3229
f 3276 3230 3277
f 3231 3277 3230
f 3277 3231 3278
f 3232 3278 3231
f 3278 3232 3279
f 3233 3279 3232
f 3279 3233 3280
f 3234 3280 3233
f 3280 3234 3281
f 3235 3281 3234
f 3281 3235 3282
f 3236 3282 3235
f 3282 3236 3283
f 3237 3283 3236
f 3283 3237 3284
f 3238 3284 3237
f 3284 3238 3285
f 3239 3285 3238
f 3285 3239 3286
f 3240 3286 3239
f 3286 3240 3287
f 3241 3287 3240
f 3287 3241 3288
f 3242 3288 3241
f 3288 3242 3289
f 3243 3289 3242
f 3289 3243 3290
f 3244 3290 3243
f 3290 3244 3291
f 3245 3291 3244
f 3291 3245 3292
f 3246 3292 3245
f 3292 3246 3293
f 3247 3293 3246
f 3293 3247 3294
f 3248 3294 3247
f 3294 3248 3295
f 3249 3295 3248
f 3295 3249 3296
f 3250 3296 3249
f 3296 3250 3297
f 3251 3297 3250
f 3297 3251 3298
f 3252 3298 3251
f 3298 3252 3299
f 3253 3299 3252
f 3299 3253 3300
f 3254 3300 3253
f 3300 3254 3301
f 3255 3301 3254
f 3301 3255 3302
f 3256 3302 3255
f 3302 3256 3303
f 3257 3303 3256
f 3303 3257 3304
f 3258 3304 3257
f 3304 3258 3305
f 3259 3305 3258
f 3305 3259 3306
f 2175 3306 3259
f 2174 2175 5003
f 5002 5003 2175
f 2057 2056 2097
f 2096 2097 2056
f 2097 2096 3213
f 3166 3213 2096
f 3167 3213 3166
f 3213 3167 3214
f 3168 3214 3167
f 3214 3168 3215
f 3169 3215 3168
f 3215 3169 3216
f 3170 3216 3169
f 3216 3170 3217
f 3171 3217 3170
f 3217 3171 3218
f 3172 3218 3171
f 3218 3172 3219
f 3173 3219 3172
f 3219 3173 3220
f 3174 3220 3173
f 3220 3174 3221
f 3175 3221 3174
f 3221 3175 3222
f 3176 3222 3175
f 3222 3176 3223
f 3177 3223 3176
f 3223 3177 3224
f 3178 3224 3177
f 3224 3178 3225
f 3179 3225 3178
f 3225 3179 3226
f 3180 3226 3179
f 3226 3180 3227
f 3181 3227 3180
f 3227 3181 3228
f 3182 3228 3181
f 3228 3182 3229
f 3183 3229 3182
f 3229 3183 3230
f 3184 3230 3183
f 3230 3184 3231
f 3185 3231 3184
f 3231 3185 3232
f 3186 3232 3185
f 3232 3186 3233
f 3187 3233 3186
f 3233 3187 3234
f 3188 3234 3187
f 3234 3188 3235
f 3189 3235 3188
f 3235 3189 3236
f 3190 3236 3189
f 3236 3190 3237
f 3191 3237 3190
f 3237 3191 3238
f 3192 3238 3191
f 3238 3192 3239
f 3193 3239 3192
f 3239 3193 3240
f 3194 3240 3193
f 3240 3194 3241
f 3195 3241 3194
f 3241 3195 3242
f 3196 3242 3195
f 3242 3196 3243
f 3197 3243 3196
f 3243 3197 3244
f 3198 3244 3197
f 3244 3198 3245
f 3199 3245 3198
f 3245 3199 3246
f 3200 3246 3199
f 3246 3200 3247
f 3201 3247 3200
f 3247 3201 3248
f 3202 3248 3201
f 3248 3202 3249
f 3203 3249 3202
f 3249 3203 3250
f 3204 3250 3203
f 3250 3204 3251
f 3205 3251 3204
f 3251 3205 3252
f 3206 3252 3205
f 3252 3206 3253
f 3207 3253 3206
f 3253 3207 3254
f 3208 3254 3207
f 3254 3208 3255
f 3209 3255 3208
f 3255 3209 3256
f 3210 3256 3209
f 3256 3210 3257
f 3211 3257 3210
f 3257 3211 3258
f 3212 3258 3211
f 3258 3212 3259
f 2176 3259 3212
f 3259 2176 2175
f 2175 2176 5002
f 5001 5002 2176
f 2173 5004 5005
f 3380 3333 3381
f 3334 3381 3333
f 3381 3334 3382
f 3335 3382 3334
f 3382 3335 3383
f 3336 3383 3335
f 3383 3336 3384
f 3337 3384 3336
f 3384 3337 3385
f 3338 3385 3337
f 3385 3338 3386
f 3339 3386 3338
f 3386 3339 3387
f 3340 3387 3339
f 3387 3340 3388
f 3341 3388 3340
f 3388 3341 3389
f 3342 3389 3341
f 3389 3342 3390
f 3343 3390 3342
f 3390 3343 3391
f 3344 3391 3343
f 3439 3392 3440
f 3393 3440 3392
f 3440 3393 3441
f 3394 3441 3393
f 3441 3394 3442
f 3395 3442 3394
f 3442 3395 3443
f 3396 3443 3395
f 3443 3396 3444
f 3397 3444 3396
f 3444 3397 3445
f 3398 3445 3397
f 3445 3398 3446
f 3399 3446 3398
f 3446 3399 3447
f 3400 3447 3399
f 3447 3400 3448
f 3401 3448 3400
f 3448 3401 3449
f 3402 3449 3401
f 3449 3402 3450
f 2172 3450 3402
f 3450 2172 2171
f 83 2171 2172
f 2060 2059 2100
f 2099 2100 2059
f 3355 2100 2099
f 2100 3355 3403
f 3356 3403 3355
f 3403 3356 3404
f 3357 3404 3356
f 3404 3357 3405
f 3358 3405 3357
f 3405 3358 3406
f 3359 3406 3358
f 3406 3359 3407
f 3360 3407 3359
f 3407 3360 3408
f 3361 3408 3360
f 3408 3361 3409
f 3362 3409 3361
f 3409 3362 3410
f 3363 3410 3362
f 3410 3363 3411
f 3364 3411 3363
f 3411 3364 3412
f 3365 3412 3364
f 3412 3365 3413
f 3366 3413 3365
f 3413 3366 3414
f 3367 3414 3366
f 3414 3367 3415
f 3368 3415 3367
f 3415 3368 3416
f 3369 3416 3368
f 3416 3369 3417
f 3370 3417 3369
f 3417 3370 3418
f 3371 3418 3370
f 3418 3371 3419
f 3372 3419 3371
f 3419 3372 3420
f 3373 3420 3372
f 3420 3373 3421
f 3374 3421 3373
f 3421 3374 3422
f 3375 3422 3374
f 3422 3375 3423
f 3376 3423 3375
f 3423 3376 3424
f 3377 3424 3376
f 3424 3377 3425
f 3378 3425 3377
f 3425 3378 3426
f 3379 3426 3378
f 3426 3379 3427
f 3380 3427 3379
f 3427 3380 3428
f 3381 3428 3380
f 3428 3381 3429
f 3382 3429 3381
f 3429 3382 3430
f 3383 3430 3382
f 3430 3383 3431
f 3384 3431 3383
f 3431 3384 3432
f 3385 3432 3384
f 3432 3385 3433
f 3386 3433 3385
f 3433 3386 3434
f 3387 3434 3386
f 3434 3387 3435
f 3388 3435 3387
f 3435 3388 3436
f 3389 3436 3388
f 3436 3389 3437
f 3390 3437 3389
f 3437 3390 3438
f 3391 3438 3390
f 3438 3391 3439
f 3439 3391 3392
f 3344 3392 3391
f 3345 3392 3344
f 3392 3345 3393
f 3346 3393 3345
f 3393 3346 3394
f 3347 3394 3346
f 3394 3347 3395
f 3348 3395 3347
f 3395 3348 3396
f 3349 3396 3348
f 3396 3349 3397
f 3350 3397 3349
f 3397 3350 3398
f 3351 3398 3350
f 3398 3351 3399
f 3352 3399 3351
f 3399 3352 3400
f 3353 3400 3352
f 3400 3353 3401
f 3354 3401 3353
f 3401 3354 3402
f 2173 3402 3354
f 3402 2173 2172
f 5005 2172 2173
f 2172 5005 83
f 2170 2169 3498
f 2169 2170 81
f 2062 2061 2102
f 2101 2102 2061
f 3451 2102 2101
f 2102 3451 3499
f 3452 3499 3451
f 3499 3452 3500
f 3453 3500 3452
f 3500 3453 3501
f 3454 3501 3453
f 3501 3454 3502
f 3455 3502 3454
f 3502 3455 3503
f 3456 3503 3455
f 3503 3456 3504
f 3457 3504 3456
f 3504 3457 3505
f 3458 3505 3457
f 3505 3458 3506
f 3459 3506 3458
f 2170 82 81
f 3554 3507 3555
f 3508 3555 3507
f 3555 3508 3556
f 3509 3556 3508
f 3556 3509 3557
f 3510 3557 3509
f 3557 3510 3558
f 3511 3558 3510
f 3558 3511 3559
f 3512 3559 3511
f 3559 3512 3560
f 3513 3560 3512
f 3560 3513 3561
f 3514 3561 3513
f 3561 3514 3562
f 3515 3562 3514
f 3562 3515 3563
f 3516 3563 3515
f 3563 3516 3564
f 3517 3564 3516
f 3564 3517 3565
f 3518 3565 3517
f 3565 3518 3566
f 3519 3566 3518
f 3566 3519 3567
f 3520 3567 3519
f 2063 2062 2103
f 2102 2103 2062
f 3499 2103 2102
f 2103 3499 3547
f 3500 3547 3499
f 3547 3500 3548
f 3501 3548 3500
f 3548 3501 3549
f 3502 3549 3501
f 3549 3502 3550
f 3503 3550 3502
f 3550 3503 3551
f 3504 3551 3503
f 3551 3504 3552
f 3505 3552 3504
f 3552 3505 3553
f 3506 3553 3505
f 3553 3506 3554
f 3554 3506 3507
f 3459 3507 3506
f 3460 3507 3459
f 3507 3460 3508
f 3461 3508 3460
f 3508 3461 3509
f 3462 3509 3461
f 3509 3462 3510
f 3463 3510 3462
f 3510 3463 3511
f 3464 3511 3463
f 3511 3464 3512
f 3465 3512 3464
f 3512 3465 3513
f 3466 3513 3465
f 3513 3466 3514
f 3467 3514 3466
f 3514 3467 3515
f 3468 3515 3467
f 3515 3468 3516
f 3469 3516 3468
f 3516 3469 3517
f 3470 3517 3469
f 3517 3470 3518
f 3471 3518 3470
f 3518 3471 3519
f 3472 3519 3471
f 3519 3472 3520
f 3473 3520 3472
f 3520 3473 3521
f 3474 3521 3473
f 3521 3474 3522
f 3475 3522 3474
f 3522 3475 3523
f 3476 3523 3475
f 3523 3476 3524
f 3477 3524 3476
f 3524 3477 3525
f 3478 3525 3477
f 3525 3478 3526
f 3479 3526 3478
f 3526 3479 3527
f 3480 3527 3479
f 3527 3480 3528
f 3481 3528 3480
f 3528 3481 3529
f 3482 3529 3481
f 3529 3482 3530
f 3483 3530 3482
f 3530 3483 3531
f 3484 3531 3483
f 3531 3484 3532
f 3485 3532 3484
f 3532 3485 3533
f 3486 3533 3485
f 3533 3486 3534
f 3487 3534 3486
f 3534 3487 3535
f 3488 3535 3487
f 3535 3488 3536
f 3489 3536 3488
f 3536 3489 3537
f 3490 3537 3489
f 3537 3490 3538
f 3491 3538 3490
f 3538 3491 3539
f 3492 3539 3491
f 3539 3492 3540
f 3493 3540 3492
f 3540 3493 3541
f 3494 3541 3493
f 3541 3494 3542
f 3495 3542 3494
f 3542 3495 3543
f 3496 3543 3495
f 3543 3496 3544
f 3497 3544 3496
f 3544 3497 3545
f 3498 3545 3497
f 3545 3498 3546
f 2169 3546 3498
f 3546 2169 2168
f 2168 2169 80
f 81 80 2169
f 2061 2060 2101
f 2100 2101 2060
f 3403 2101 2100
f 2101 3403 3451
f 3404 3451 3403
f 3451 3404 3452
f 3405 3452 3404
f 3452 3405 3453
f 3406 3453 3405
f 3453 3406 3454
f 3407 3454 3406
f 3454 3407 3455
f 3408 3455 3407
f 3455 3408 3456
f 3409 3456 3408
f 3456 3409 3457
f 3410 3457 3409
f 3457 3410 3458
f 3411 3458 3410
f 3458 3411 3459
f 3412 3459 3411
f 3459 3412 3460
f 3413 3460 3412
f 3460 3413 3461
f 3414 3461 3413
f 3461 3414 3462
f 3415 3462 3414
f 3462 3415 3463
f 3416 3463 3415
f 3463 3416 3464
f 3417 3464 3416
f 3464 3417 3465
f 3418 3465 3417
f 3465 3418 3466
f 3419 3466 3418
f 3466 3419 3467
f 3420 3467 3419
f 3467 3420 3468
f 3421 3468 3420
f 3468 3421 3469
f 3422 3469 3421
f 3469 3422 3470
f 3423 3470 3422
f 3470 3423 3471
f 3424 3471 3423
f 3471 3424 3472
f 3425 3472 3424
f 3472 3425 3473
f 3426 3473 3425
f 3473 3426 3474
f 3427 3474 3426
f 3474 3427 3475
f 3428 3475 3427
f 3475 3428 3476
f 3429 3476 3428
f 3476 3429 3477
f 3430 3477 3429
f 3477 3430 3478
f 3431 3478 3430
f 3478 3431 3479
f 3432 3479 3431
f 3479 3432 3480
f 3433 3480 3432
f 3480 3433 3481
f 3434 3481 3433
f 3481 3434 3482
f 3435 3482 3434
f 3482 3435 3483
f 3436 3483 3435
f 3483 3436 3484
f 3437 3484 3436
f 3484 3437 3485
f 3438 3485 3437
f 3485 3438 3486
f 3439 3486 3438
f 3486 3439 3487
f 3440 3487 3439
f 3487 3440 3488
f 3441 3488 3440
f 3488 3441 3489
f 3442 3489 3441
f 3489 3442 3490
f 3443 3490 3442
f 3490 3443 3491
f 3444 3491 3443
f 3491 3444 3492
f 3445 3492 3444
f 3492 3445 3493
f 3446 3493 3445
f 3493 3446 3494
f 3447 3494 3446
f 3494 3447 3495
f 3448 3495 3447
f 3495 3448 3496
f 3449 3496 3448
f 3496 3449 3497
f 3450 3497 3449
f 3497 3450 3498
f 3498 3450 2170
f 2171 2170 3450
f 2170 2171 82
f 83 82 2171
f 2059 2058 2099
f 2098 2099 2058
f 3307 2099 2098
f 2099 3307 3355
f 3308 3355 3307
f 3355 3308 3356
f 3309 3356 3308
f 3356 3309 3357
f 3310 3357 3309
f 3357 3310 3358
f 3311 3358 3310
f 3358 3311 3359
f 3312 3359 3311
f 3359 3312 3360
f 3313 3360 3312
f 3360 3313 3361
f 3314 3361 3313
f 3361 3314 3362
f 3315 3362 3314
f 3362 3315 3363
f 3316 3363 3315
f 3363 3316 3364
f 3317 3364 3316
f 3364 3317 3365
f 3318 3365 3317
f 3365 3318 3366
f 3319 3366 3318
f 3366 3319 3367
f 3320 3367 3319
f 3367 3320 3368
f 3321 3368 3320
f 3368 3321 3369
f 3322 3369 3321
f 3369 3322 3370
f 3323 3370 3322
f 3370 3323 3371
f 3324 3371 3323
f 3371 3324 3372
f 3325 3372 3324
f 3372 3325 3373
f 3326 3373 3325
f 3373 3326 3374
f 3327 3374 3326
f 3374 3327 3375
f 3328 3375 3327
f 3375 3328 3376
f 3329 3376 3328
f 3376 3329 3377
f 3330 3377 3329
f 3377 3330 3378
f 3331 3378 3330
f 3378 3331 3379
f 3332 3379 3331
f 3379 3332 3380
f 3380 3332 3333
f 3286 3333 3332
f 3287 3333 3286
f 3333 3287 3334
f 3288 3334 3287
f 3334 3288 3335
f 3289 3335 3288
f 3335 3289 3336
f 3290 3336 3289
f 3336 3290 3337
f 3291 3337 3290
f 3337 3291 3338
f 3292 3338 3291
f 3338 3292 3339
f 3293 3339 3292
f 3339 3293 3340
f 3294 3340 3293
f 3340 3294 3341
f 3295 3341 3294
f 3341 3295 3342
f 3296 3342 3295
f 3342 3296 3343
f 3297 3343 3296
f 3343 3297 3344
f 3298 3344 3297
f 3344 3298 3345
f 3299 3345 3298
f 3345 3299 3346
f 3300 3346 3299
f 3346 3300 3347
f 3301 3347 3300
f 3347 3301 3348
f 3302 3348 3301
f 3348 3302 3349
f 3303 3349 3302
f 3349 3303 3350
f 3304 3350 3303
f 3350 3304 3351
f 3305 3351 3304
f 3351 3305 3352
f 3306 3352 3305
f 3352 3306 3353
f 3353 3306 3354
f 2175 3354 3306
f 2174 3354 2175
f 3354 2174 2173
f 2173 2174 5004
f 5003 5004 2174
f 3615 3568 3616
f 3569 3616 3568
f 3616 3569 3617
f 3570 3617 3569
f 3617 3570 3618
f 3571 3618 3570
f 3618 3571 3619
f 3572 3619 3571
f 3619 3572 3620
f 3573 3620 3572
f 3620 3573 3621
f 3574 3621 3573
f 3621 3574 3622
f 3575 3622 3574
f 3622 3575 3623
f 3576 3623 3575
f 3623 3576 3624
f 3577 3624 3576
f 3624 3577 3625
f 3578 3625 3577
f 3625 3578 3626
f 3579 3626 3578
f 3626 3579 3627
f 3580 3627 3579
f 3675 3628 3676
f 3629 3676 3628
f 3676 3629 3677
f 3630 3677 3629
f 3677 3630 3678
f 3631 3678 3630
f 3678 3631 3679
f 3632 3679 3631
f 3679 3632 3680
f 3633 3680 3632
f 3680 3633 3681
f 3634 3681 3633
f 3681 3634 3682
f 3635 3682 3634
f 3682 3635 3683
f 3636 3683 3635
f 3683 3636 3684
f 3637 3684 3636
f 3684 3637 3685
f 3638 3685 3637
f 3685 3638 3686
f 3639 3686 3638
f 3686 3639 3687
f 3640 3687 3639
f 2065 2064 2105
f 2104 2105 2064
f 3595 2105 2104
f 2105 3595 3643
f 3596 3643 3595
f 3643 3596 3644
f 3597 3644 3596
f 3644 3597 3645
f 3598 3645 3597
f 3645 3598 3646
f 3599 3646 3598
f 3646 3599 3647
f 3600 3647 3599
f 3647 3600 3648
f 3601 3648 3600
f 3648 3601 3649
f 3602 3649 3601
f 3649 3602 3650
f 3603 3650 3602
f 3650 3603 3651
f 3604 3651 3603
f 3651 3604 3652
f 3605 3652 3604
f 3652 3605 3653
f 3606 3653 3605
f 3653 3606 3654
f 3607 3654 3606
f 3654 3607 3655
f 3608 3655 3607
f 3655 3608 3656
f 3609 3656 3608
f 3656 3609 3657
f 3610 3657 3609
f 3657 3610 3658
f 3611 3658 3610
f 3658 3611 3659
f 3612 3659 3611
f 3659 3612 3660
f 3613 3660 3612
f 3660 3613 3661
f 3614 3661 3613
f 3661 3614 3662
f 3615 3662 3614
f 3662 3615 3663
f 3616 3663 3615
f 3663 3616 3664
f 3617 3664 3616
f 3664 3617 3665
f 3618 3665 3617
f 3665 3618 3666
f 3619 3666 3618
f 3666 3619 3667
f 3620 3667 3619
f 3667 3620 3668
f 3621 3668 3620
f 3668 3621 3669
f 3622 3669 3621
f 3669 3622 3670
f 3623 3670 3622
f 3670 3623 3671
f 3624 3671 3623
f 3671 3624 3672
f 3625 3672 3624
f 3672 3625 3673
f 3626 3673 3625
f 3673 3626 3674
f 3627 3674 3626
f 3674 3627 3675
f 3675 3627 3628
f 3580 3628 3627
f 3581 3628 3580
f 3628 3581 3629
f 3582 3629 3581
f 3629 3582 3630
f 3583 3630 3582
f 3630 3583 3631
f 3584 3631 3583
f 3631 3584 3632
f 3585 3632 3584
f 3632 3585 3633
f 3586 3633 3585
f 3633 3586 3634
f 3587 3634 3586
f 3634 3587 3635
f 3588 3635 3587
f 3635 3588 3636
f 3589 3636 3588
f 3636 3589 3637
f 3590 3637 3589
f 3637 3590 3638
f 3591 3638 3590
f 3638 3591 3639
f 3592 3639 3591
f 3639 3592 3640
f 3593 3640 3592
f 3640 3593 3641
f 3594 3641 3593
f 3641 3594 3642
f 2167 3642 3594
f 3642 2167 2166
f 2166 2167 78
f 79 78 2167
f 3735 2160 3734
f 2160 3735 2161
f 3736 2161 3735
f 2161 3736 2162
f 3737 2162 3736
f 2162 3737 2163
f 3738 2163 3737
f 2163 3738 2164
f 2067 2066 2107
f 2106 2107 2066
f 3691 2107 2106
f 2107 3691 3739
f 3692 3739 3691
f 3735 3688 3736
f 3689 3736 3688
f 3736 3689 3737
f 3690 3737 3689
f 3737 3690 3738
f 2165 3738 3690
f 3738 2165 2164
f 2164 2165 76
f 77 76 2165
f 3778 2155 3777
f 2155 3778 2156
f 2157 2156 3778
f 2156 2157 4022
f 4022 2157 4023
f 2158 4023 2157
f 4023 2158 4024
f 2159 4024 2158
f 4024 2159 4025
f 3779 3740 3780
f 3741 3780 3740
f 3780 3741 3781
f 3742 3781 3741
f 3781 3742 3782
f 3743 3782 3742
f 3782 3743 3783
f 3744 3783 3743
f 3783 3744 3784
f 3745 3784 3744
f 3784 3745 3785
f 3746 3785 3745
f 3785 3746 3786
f 3747 3786 3746
f 3786 3747 3787
f 3748 3787 3747
f 2068 2067 2108
f 2107 2108 2067
f 3739 2108 2107
f 2108 3739 3779
f 3779 3739 3740
f 3692 3740 3739
f 3693 3740 3692
f 3740 3693 3741
f 3694 3741 3693
f 3741 3694 3742
f 3695 3742 3694
f 3742 3695 3743
f 3696 3743 3695
f 3743 3696 3744
f 3697 3744 3696
f 3744 3697 3745
f 3698 3745 3697
f 3745 3698 3746
f 3699 3746 3698
f 3746 3699 3747
f 3700 3747 3699
f 3747 3700 3748
f 3701 3748 3700
f 3748 3701 3749
f 3702 3749 3701
f 3749 3702 3750
f 3703 3750 3702
f 3750 3703 3751
f 3704 3751 3703
f 3751 3704 3752
f 3705 3752 3704
f 3752 3705 3753
f 3706 3753 3705
f 3753 3706 3754
f 3707 3754 3706
f 3754 3707 3755
f 3708 3755 3707
f 3755 3708 3756
f 3709 3756 3708
f 3756 3709 3757
f 3710 3757 3709
f 3757 3710 3758
f 3711 3758 3710
f 3758 3711 3759
f 3712 3759 3711
f 3759 3712 3760
f 3713 3760 3712
f 3760 3713 3761
f 3714 3761 3713
f 3761 3714 3762
f 3715 3762 3714
f 3762 3715 3763
f 3716 3763 3715
f 3763 3716 3764
f 3717 3764 3716
f 3764 3717 3765
f 3718 3765 3717
f 3765 3718 3766
f 3719 3766 3718
f 3766 3719 3767
f 3720 3767 3719
f 3767 3720 3768
f 3721 3768 3720
f 3768 3721 3769
f 3722 3769 3721
f 3769 3722 3770
f 3723 3770 3722
f 3770 3723 3771
f 3724 3771 3723
f 3771 3724 3772
f 3725 3772 3724
f 3772 3725 3773
f 3726 3773 3725
f 3773 3726 3774
f 3727 3774 3726
f 3774 3727 3775
f 3728 3775 3727
f 3775 3728 3776
f 3729 3776 3728
f 3776 3729 3777
f 3730 3777 3729
f 3777 3730 3778
f 3731 3778 3730
f 3778 3731 2157
f 3732 2157 3731
f 2157 3732 2158
f 3733 2158 3732
f 2158 3733 2159
f 3734 2159 3733
f 2160 2159 3734
f 2159 2160 4025
f 4025 2160 4026
f 2161 4026 2160
f 4026 2161 4027
f 2162 4027 2161
f 4027 2162 4028
f 2163 4028 2162
f 4028 2163 4029
f 2164 4029 2163
f 4029 2164 3950
f 76 3950 2164
f 2066 2065 2106
f 2105 2106 2065
f 3643 2106 2105
f 2106 3643 3691
f 3644 3691 3643
f 3691 3644 3692
f 3645 3692 3644
f 3692 3645 3693
f 3646 3693 3645
f 3693 3646 3694
f 3647 3694 3646
f 3694 3647 3695
f 3648 3695 3647
f 3695 3648 3696
f 3649 3696 3648
f 3696 3649 3697
f 3650 3697 3649
f 3697 3650 3698
f 3651 3698 3650
f 3698 3651 3699
f 3652 3699 3651
f 3699 3652 3700
f 3653 3700 3652
f 3700 3653 3701
f 3654 3701 3653
f 3701 3654 3702
f 3655 3702 3654
f 3702 3655 3703
f 3656 3703 3655
f 3703 3656 3704
f 3657 3704 3656
f 3704 3657 3705
f 3658 3705 3657
f 3705 3658 3706
f 3659 3706 3658
f 3706 3659 3707
f 3660 3707 3659
f 3707 3660 3708
f 3661 3708 3660
f 3708 3661 3709
f 3662 3709 3661
f 3709 3662 3710
f 3663 3710 3662
f 3710 3663 3711
f 3664 3711 3663
f 3711 3664 3712
f 3665 3712 3664
f 3712 3665 3713
f 3666 3713 3665
f 3713 3666 3714
f 3667 3714 3666
f 3714 3667 3715
f 3668 3715 3667
f 3715 3668 3716
f 3669 3716 3668
f 3716 3669 3717
f 3670 3717 3669
f 3717 3670 3718
f 3671 3718 3670
f 3718 3671 3719
f 3672 3719 3671
f 3719 3672 3720
f 3673 3720 3672
f 3720 3673 3721
f 3674 3721 3673
f 3721 3674 3722
f 3675 3722 3674
f 3722 3675 3723
f 3676 3723 3675
f 3723 3676 3724
f 3677 3724 3676
f 3724 3677 3725
f 3678 3725 3677
f 3725 3678 3726
f 3679 3726 3678
f 3726 3679 3727
f 3680 3727 3679
f 3727 3680 3728
f 3681 3728 3680
f 3728 3681 3729
f 3682 3729 3681
f 3729 3682 3730
f 3683 3730 3682
f 3730 3683 3731
f 3684 3731 3683
f 3731 3684 3732
f 3685 3732 3684
f 3732 3685 3733
f 3686 3733 3685
f 3733 3686 3734
f 3687 3734 3686
f 3734 3687 3735
f 3735 3687 3688
f 3640 3688 3687
f 3641 3688 3640
f 3688 3641 3689
f 3642 3689 3641
f 3689 3642 3690
f 2166 3690 3642
f 3690 2166 2165
f 2165 2166 77
f 78 77 2166
f 3824 3788 3825
f 3789 3825 3788
f 3825 3789 3826
f 3790 3826 3789
f 3826 3790 3827
f 3791 3827 3790
f 3827 3791 3828
f 3792 3828 3791
f 3828 3792 3829
f 3793 3829 3792
f 3829 3793 3830
f 3794 3830 3793
f 3830 3794 3831
f 3795 3831 3794
f 3831 3795 3832
f 3796 3832 3795
f 3832 3796 3833
f 3797 3833 3796
f 3833 3797 3834
f 3798 3834 3797
f 3834 3798 3835
f 3799 3835 3798
f 3835 3799 3836
f 3800 3836 3799
f 3836 3800 3837
f 3801 3837 3800
f 3837 3801 3838
f 3802 3838 3801
f 3838 3802 3839
f 3803 3839 3802
f 3839 3803 3840
f 3804 3840 3803
f 3840 3804 3841
f 3805 3841 3804
f 3841 3805 3842
f 3806 3842 3805
f 3842 3806 3843
f 3807 3843 3806
f 3843 3807 3844
f 3808 3844 3807
f 2154 2153 3815
f 2153 2154 4019
f 4020 4019 2154
f 2152 2151 3850
f 2151 2152 4017
f 4017 2152 4018
f 4015 2150 4016
f 2071 2070 2111
f 2110 2111 2070
f 3851 2111 2110
f 2111 3851 3885
f 3852 3885 3851
f 3885 3852 3886
f 3853 3886 3852
f 3886 3853 3887
f 3854 3887 3853
f 3887 3854 3888
f 3855 3888 3854
f 3888 3855 3889
f 3856 3889 3855
f 3889 3856 3890
f 3857 3890 3856
f 3890 3857 3891
f 3858 3891 3857
f 3891 3858 3892
f 3859 3892 3858
f 3892 3859 3893
f 3860 3893 3859
f 3893 3860 3894
f 3861 3894 3860
f 3894 3861 3895
f 3862 3895 3861
f 3895 3862 3896
f 3863 3896 3862
f 3896 3863 3897
f 3864 3897 3863
f 3879 3845 3880
f 3846 3880 3845
f 3880 3846 3881
f 3847 3881 3846
f 3881 3847 3882
f 3848 3882 3847
f 3882 3848 3883
f 3849 3883 3848
f 3883 3849 3884
f 3850 3884 3849
f 3884 3850 2150
f 2151 2150 3850
f 2150 2151 4016
f 4017 4016 2151
f 2070 2069 2110
f 2109 2110 2069
f 3816 2110 2109
f 2110 3816 3851
f 3817 3851 3816
f 3851 3817 3852
f 3818 3852 3817
f 3852 3818 3853
f 3819 3853 3818
f 3853 3819 3854
f 3820 3854 3819
f 3854 3820 3855
f 3821 3855 3820
f 3855 3821 3856
f 3822 3856 3821
f 3856 3822 3857
f 3823 3857 3822
f 3857 3823 3858
f 3824 3858 3823
f 3858 3824 3859
f 3825 3859 3824
f 3859 3825 3860
f 3826 3860 3825
f 3860 3826 3861
f 3827 3861 3826
f 3861 3827 3862
f 3828 3862 3827
f 3862 3828 3863
f 3829 3863 3828
f 3863 3829 3864
f 3830 3864 3829
f 3864 3830 3865
f 3831 3865 3830
f 3865 3831 3866
f 3832 3866 3831
f 3866 3832 3867
f 3833 3867 3832
f 3867 3833 3868
f 3834 3868 3833
f 3868 3834 3869
f 3835 3869 3834
f 3869 3835 3870
f 3836 3870 3835
f 3870 3836 3871
f 3837 3871 3836
f 3871 3837 3872
f 3838 3872 3837
f 3872 3838 3873
f 3839 3873 3838
f 3873 3839 3874
f 3840 3874 3839
f 3874 3840 3875
f 3841 3875 3840
f 3875 3841 3876
f 3842 3876 3841
f 3876 3842 3877
f 3843 3877 3842
f 3877 3843 3878
f 3844 3878 3843
f 3878 3844 3879
f 3879 3844 3845
f 3808 3845 3844
f 3809 3845 3808
f 3845 3809 3846
f 3810 3846 3809
f 3846 3810 3847
f 3811 3847 3810
f 3847 3811 3848
f 3812 3848 3811
f 3848 3812 3849
f 3813 3849 3812
f 3849 3813 3850
f 3814 3850 3813
f 3850 3814 2152
f 3815 2152 3814
f 2153 2152 3815
f 2152 2153 4018
f 4019 4018 2153
f 2149 2148 3917
f 4014 2148 2149
f 2113 2114 2073
f 2114 2113 2115
f 2073 2072 2113
f 2112 2113 2072
f 3918 2113 2112
f 2113 3918 2115
f 2115 3918 2116
f 3919 2116 3918
f 2116 3919 2117
f 3920 2117 3919
f 3930 3898 3931
f 3899 3931 3898
f 3931 3899 3932
f 3900 3932 3899
f 3932 3900 3933
f 3901 3933 3900
f 3933 3901 3934
f 3902 3934 3901
f 3934 3902 3935
f 3903 3935 3902
f 3935 3903 3936
f 3904 3936 3903
f 3936 3904 3937
f 3905 3937 3904
f 3937 3905 3938
f 3906 3938 3905
f 3938 3906 3939
f 3907 3939 3906
f 3939 3907 3940
f 3908 3940 3907
f 3940 3908 3941
f 3909 3941 3908
f 3941 3909 3942
f 3910 3942 3909
f 3942 3910 3943
f 3911 3943 3910
f 3943 3911 3944
f 3912 3944 3911
f 3944 3912 3945
f 3913 3945 3912
f 3945 3913 3946
f 3914 3946 3913
f 3946 3914 3947
f 3915 3947 3914
f 3947 3915 3948
f 3916 3948 3915
f 3948 3916 3949
f 3917 3949 3916
f 2148 3949 3917
f 4014 4013 2148
f 46 2118 47
f 2119 47 2118
f 47 2119 48
f 2120 48 2119
f 48 2120 49
f 2121 49 2120
f 49 2121 50
f 2122 50 2121
f 50 2122 51
f 2123 51 2122
f 51 2123 52
f 2124 52 2123
f 52 2124 53
f 2125 53 2124
f 53 2125 54
f 2126 54 2125
f 54 2126 55
f 2127 55 2126
f 55 2127 56
f 2128 56 2127
f 56 2128 57
f 2129 57 2128
f 57 2129 58
f 2130 58 2129
f 58 2130 59
f 2131 59 2130
f 59 2131 60
f 2132 60 2131
f 60 2132 61
f 2133 61 2132
f 61 2133 62
f 2134 62 2133
f 62 2134 63
f 2135 63 2134
f 63 2135 64
f 2136 64 2135
f 64 2136 65
f 2137 65 2136
f 65 2137 66
f 2138 66 2137
f 66 2138 67
f 2139 67 2138
f 67 2139 68
f 2140 68 2139
f 68 2140 69
f 2141 69 2140
f 69 2141 70
f 2142 70 2141
f 70 2142 71
f 2143 71 2142
f 71 2143 72
f 2144 72 2143
f 72 2144 73
f 2145 73 2144
f 73 2145 74
f 2146 74 2145
f 74 2146 75
f 2147 75 2146
f 75 2147 4012
f 2114 42 2073
f 42 2114 43
f 2115 43 2114
f 43 2115 44
f 2116 44 2115
f 44 2116 45
f 2117 45 2116
f 45 2117 46
f 46 2117 2118
f 3920 2118 2117
f 3921 2118 3920
f 2118 3921 2119
f 3922 2119 3921
f 2119 3922 2120
f 3923 2120 3922
f 2120 3923 2121
f 3924 2121 3923
f 2121 3924 2122
f 3925 2122 3924
f 2122 3925 2123
f 3926 2123 3925
f 2123 3926 2124
f 3927 2124 3926
f 2124 3927 2125
f 3928 2125 3927
f 2125 3928 2126
f 3929 2126 3928
f 2126 3929 2127
f 3930 2127 3929
f 2127 3930 2128
f 3931 2128 3930
f 2128 3931 2129
f 3932 2129 3931
f 2129 3932 2130
f 3933 2130 3932
f 2130 3933 2131
f 3934 2131 3933
f 2131 3934 2132
f 3935 2132 3934
f 2132 3935 2133
f 3936 2133 3935
f 2133 3936 2134
f 3937 2134 3936
f 2134 3937 2135
f 3938 2135 3937
f 2135 3938 2136
f 3939 2136 3938
f 2136 3939 2137
f 3940 2137 3939
f 2137 3940 2138
f 3941 2138 3940
f 2138 3941 2139
f 3942 2139 3941
f 2139 3942 2140
f 3943 2140 3942
f 2140 3943 2141
f 3944 2141 3943
f 2141 3944 2142
f 3945 2142 3944
f 2142 3945 2143
f 3946 2143 3945
f 2143 3946 2144
f 3947 2144 3946
f 2144 3947 2145
f 3948 2145 3947
f 2145 3948 2146
f 3949 2146 3948
f 2146 3949 2147
f 2148 2147 3949
f 4013 2147 2148
f 2147 4013 4012
f 2072 2071 2112
f 2111 2112 2071
f 3885 2112 2111
f 2112 3885 3918
f 3886 3918 3885
f 3918 3886 3919
f 3887 3919 3886
f 3919 3887 3920
f 3888 3920 3887
f 3920 3888 3921
f 3889 3921 3888
f 3921 3889 3922
f 3890 3922 3889
f 3922 3890 3923
f 3891 3923 3890
f 3923 3891 3924
f 3892 3924 3891
f 3924 3892 3925
f 3893 3925 3892
f 3925 3893 3926
f 3894 3926 3893
f 3926 3894 3927
f 3895 3927 3894
f 3927 3895 3928
f 3896 3928 3895
f 3928 3896 3929
f 3897 3929 3896
f 3929 3897 3930
f 3930 3897 3898
f 3864 3898 3897
f 3865 3898 3864
f 3898 3865 3899
f 3866 3899 3865
f 3899 3866 3900
f 3867 3900 3866
f 3900 3867 3901
f 3868 3901 3867
f 3901 3868 3902
f 3869 3902 3868
f 3902 3869 3903
f 3870 3903 3869
f 3903 3870 3904
f 3871 3904 3870
f 3904 3871 3905
f 3872 3905 3871
f 3905 3872 3906
f 3873 3906 3872
f 3906 3873 3907
f 3874 3907 3873
f 3907 3874 3908
f 3875 3908 3874
f 3908 3875 3909
f 3876 3909 3875
f 3909 3876 3910
f 3877 3910 3876
f 3910 3877 3911
f 3878 3911 3877
f 3911 3878 3912
f 3879 3912 3878
f 3912 3879 3913
f 3880 3913 3879
f 3913 3880 3914
f 3881 3914 3880
f 3914 3881 3915
f 3882 3915 3881
f 3915 3882 3916
f 3883 3916 3882
f 3916 3883 3917
f 3917 3883 2149
f 3884 2149 3883
f 2150 2149 3884
f 4015 2149 2150
f 2149 4015 4014
f 2069 2068 2109
f 2108 2109 2068
f 3779 2109 2108
f 2109 3779 3816
f 3780 3816 3779
f 3816 3780 3817
f 3781 3817 3780
f 3817 3781 3818
f 3782 3818 3781
f 3818 3782 3819
f 3783 3819 3782
f 3819 3783 3820
f 3784 3820 3783
f 3820 3784 3821
f 3785 3821 3784
f 3821 3785 3822
f 3786 3822 3785
f 3822 3786 3823
f 3787 3823 3786
f 3823 3787 3824
f 3824 3787 3788
f 3748 3788 3787
f 3749 3788 3748
f 3788 3749 3789
f 3750 3789 3749
f 3789 3750 3790
f 3751 3790 3750
f 3790 3751 3791
f 3752 3791 3751
f 3791 3752 3792
f 3753 3792 3752
f 3792 3753 3793
f 3754 3793 3753
f 3793 3754 3794
f 3755 3794 3754
f 3794 3755 3795
f 3756 3795 3755
f 3795 3756 3796
f 3757 3796 3756
f 3796 3757 3797
f 3758 3797 3757
f 3797 3758 3798
f 3759 3798 3758
f 3798 3759 3799
f 3760 3799 3759
f 3799 3760 3800
f 3761 3800 3760
f 3800 3761 3801
f 3762 3801 3761
f 3801 3762 3802
f 3763 3802 3762
f 3802 3763 3803
f 3764 3803 3763
f 3803 3764 3804
f 3765 3804 3764
f 3804 3765 3805
f 3766 3805 3765
f 3805 3766 3806
f 3767 3806 3766
f 3806 3767 3807
f 3768 3807 3767
f 3807 3768 3808
f 3769 3808 3768
f 3808 3769 3809
f 3770 3809 3769
f 3809 3770 3810
f 3771 3810 3770
f 3810 3771 3811
f 3772 3811 3771
f 3811 3772 3812
f 3773 3812 3772
f 3812 3773 3813
f 3774 3813 3773
f 3813 3774 3814
f 3775 3814 3774
f 3814 3775 3815
f 3776 3815 3775
f 3815 3776 2154
f 3777 2154 3776
f 2155 2154 3777
f 2154 2155 4020
f 4020 2155 4021
f 2156 4021 2155
f 4022 4021 2156
f 2064 2063 2104
f 2103 2104 2063
f 3547 2104 2103
f 2104 3547 3595
f 3548 3595 3547
f 3595 3548 3596
f 3549 3596 3548
f 3596 3549 3597
f 3550 3597 3549
f 3597 3550 3598
f 3551 3598 3550
f 3598 3551 3599
f 3552 3599 3551
f 3599 3552 3600
f 3553 3600 3552
f 3600 3553 3601
f 3554 3601 3553
f 3601 3554 3602
f 3555 3602 3554
f 3602 3555 3603
f 3556 3603 3555
f 3603 3556 3604
f 3557 3604 3556
f 3604 3557 3605
f 3558 3605 3557
f 3605 3558 3606
f 3559 3606 3558
f 3606 3559 3607
f 3560 3607 3559
f 3607 3560 3608
f 3561 3608 3560
f 3608 3561 3609
f 3562 3609 3561
f 3609 3562 3610
f 3563 3610 3562
f 3610 3563 3611
f 3564 3611 3563
f 3611 3564 3612
f 3565 3612 3564
f 3612 3565 3613
f 3566 3613 3565
f 3613 3566 3614
f 3567 3614 3566
f 3614 3567 3615
f 3615 3567 3568
f 3520 3568 3567
f 3521 3568 3520
f 3568 3521 3569
f 3522 3569 3521
f 3569 3522 3570
f 3523 3570 3522
f 3570 3523 3571
f 3524 3571 3523
f 3571 3524 3572
f 3525 3572 3524
f 3572 3525 3573
f 3526 3573 3525
f 3573 3526 3574
f 3527 3574 3526
f 3574 3527 3575
f 3528 3575 3527
f 3575 3528 3576
f 3529 3576 3528
f 3576 3529 3577
f 3530 3577 3529
f 3577 3530 3578
f 3531 3578 3530
f 3578 3531 3579
f 3532 3579 3531
f 3579 3532 3580
f 3533 3580 3532
f 3580 3533 3581
f 3534 3581 3533
f 3581 3534 3582
f 3535 3582 3534
f 3582 3535 3583
f 3536 3583 3535
f 3583 3536 3584
f 3537 3584 3536
f 3584 3537 3585
f 3538 3585 3537
f 3585 3538 3586
f 3539 3586 3538
f 3586 3539 3587
f 3540 3587 3539
f 3587 3540 3588
f 3541 3588 3540
f 3588 3541 3589
f 3542 3589 3541
f 3589 3542 3590
f 3543 3590 3542
f 3590 3543 3591
f 3544 3591 3543
f 3591 3544 3592
f 3545 3592 3544
f 3592 3545 3593
f 3546 3593 3545
f 3593 3546 3594
f 2168 3594 3546
f 3594 2168 2167
f 2167 2168 79
f 80 79 2168
f 3985 3984 3986
f 2054 2053 2094
f 2093 2094 2053
f 3072 2094 2093
f 2094 3072 3119
f 3073 3119 3072
f 3119 3073 3120
f 3074 3120 3073
f 3120 3074 3121
f 3075 3121 3074
f 3121 3075 3122
f 3076 3122 3075
f 3122 3076 3123
f 3077 3123 3076
f 3123 3077 3124
f 3078 3124 3077
f 3124 3078 3125
f 3079 3125 3078
f 3125 3079 3126
f 3080 3126 3079
f 3126 3080 3127
f 3081 3127 3080
f 3127 3081 3128
f 3082 3128 3081
f 3128 3082 3129
f 3083 3129 3082
f 3129 3083 3130
f 3084 3130 3083
f 3130 3084 3131
f 3085 3131 3084
f 3131 3085 3132
f 3086 3132 3085
f 3132 3086 3133
f 3087 3133 3086
f 3133 3087 3134
f 3088 3134 3087
f 3134 3088 3135
f 3089 3135 3088
f 3135 3089 3136
f 3090 3136 3089
f 3136 3090 3137
f 3091 3137 3090
f 3137 3091 3138
f 3092 3138 3091
f 3138 3092 3139
f 3093 3139 3092
f 3139 3093 3140
f 3094 3140 3093
f 3140 3094 3141
f 3095 3141 3094
f 3141 3095 3142
f 3096 3142 3095
f 3142 3096 3143
f 3143 3096 3097
f 3050 3097 3096
f 3051 3097 3050
f 3097 3051 3098
f 3052 3098 3051
f 3098 3052 3099
f 3053 3099 3052
f 3099 3053 3100
f 3054 3100 3053
f 3100 3054 3101
f 3055 3101 3054
f 3101 3055 3102
f 3056 3102 3055
f 3102 3056 3103
f 3057 3103 3056
f 3103 3057 3104
f 3058 3104 3057
f 3104 3058 3105
f 3059 3105 3058
f 3105 3059 3106
f 3060 3106 3059
f 3106 3060 3107
f 3061 3107 3060
f 3107 3061 3108
f 3062 3108 3061
f 3108 3062 3109
f 3063 3109 3062
f 3109 3063 3110
f 3064 3110 3063
f 3110 3064 3111
f 3065 3111 3064
f 3111 3065 3112
f 3066 3112 3065
f 3112 3066 3113
f 3067 3113 3066
f 3113 3067 3114
f 3068 3114 3067
f 3114 3068 3115
f 3069 3115 3068
f 3115 3069 3116
f 3070 3116 3069
f 3116 3070 3117
f 3071 3117 3070
f 3117 3071 3118
f 2179 3118 3071
f 3118 2179 2178
f 2178 2179 4999
f 4998 4999 2179
f 3970 4012 4098
f 4098 4097 3970
f 3971 3970 4097
f 4097 4096 3971
f 3972 3971 4096
f 4096 4095 3972
f 3973 3972 4095
f 4095 4094 3973
f 3974 3973 4094
f 4094 4093 3974
f 3975 3974 4093
f 4014 4099 4013
f 4120 4121 4092
f 4091 4092 4121
f 4121 4122 4091
f 4090 4091 4122
f 4122 4089 4090
f 4011 4090 4089
f 4089 4010 4011
f 4098 4012 4013
f 4013 4099 4098
f 4099 4116 4098
f 4097 4098 4116
f 4116 4117 4097
f 4096 4097 4117
f 4117 4118 4096
f 4095 4096 4118
f 4094 4095 4118
f 4118 4119 4094
f 4093 4094 4119
f 4119 4120 4093
f 4120 4092 4093
f 3975 4093 4092
f 3976 3975 4092
f 4092 4091 3976
f 3977 3976 4091
f 4091 4090 3977
f 3978 3977 4090
f 4090 4011 3978
f 4100 4130 4123
f 4130 4131 4123
f 4124 4123 4131
f 4131 4132 4124
f 4125 4124 4132
f 4132 4133 4125
f 4126 4125 4133
f 4133 4134 4126
f 4127 4126 4134
f 4101 4016 4102
f 4138 4101 4102
f 4142 4143 4135
f 4136 4135 4143
f 4143 4144 4136
f 4137 4136 4144
f 4144 4145 4137
f 4087 4137 4145
f 4145 4086 4087
f 4008 4087 4086
f 4016 4101 4015
f 4100 4015 4101
f 4130 4100 4101
f 4101 4138 4130
f 4131 4130 4138
f 4138 4139 4131
f 4132 4131 4139
f 4139 4140 4132
f 4133 4132 4140
f 4140 4141 4133
f 4134 4133 4141
f 4141 4142 4134
f 4142 4135 4134
f 4127 4134 4135
f 4128 4127 4135
f 4135 4136 4128
f 4129 4128 4136
f 4136 4137 4129
f 4088 4129 4137
f 4137 4087 4088
f 4009 4088 4087
f 4087 4008 4009
f 4015 4100 4014
f 4099 4014 4100
f 4100 4123 4099
f 4116 4099 4123
f 4117 4116 4123
f 4123 4124 4117
f 4118 4117 4124
f 4124 4125 4118
f 4119 4118 4125
f 4125 4126 4119
f 4120 4119 4126
f 4126 4127 4120
f 4121 4120 4127
f 4127 4128 4121
f 4122 4121 4128
f 4128 4129 4122
f 4089 4122 4129
f 4129 4088 4089
f 4010 4089 4088
f 4088 4009 4010
f 4103 4017 4018
f 4018 4104 4103
f 4085 4006 4007
f 4020 4105 4019
f 4164 4165 4155
f 4156 4155 4165
f 4165 4166 4156
f 4157 4156 4166
f 4104 4018 4019
f 4019 4105 4104
f 4105 4164 4104
f 4164 4155 4104
f 4103 4104 4155
f 4146 4103 4155
f 4147 4146 4155
f 4155 4156 4147
f 4148 4147 4156
f 4156 4157 4148
f 4149 4148 4157
f 4157 4158 4149
f 4150 4149 4158
f 4158 4159 4150
f 4151 4150 4159
f 4159 4160 4151
f 4152 4151 4160
f 4160 4161 4152
f 4153 4152 4161
f 4161 4162 4153
f 4154 4153 4162
f 4162 4163 4154
f 4085 4154 4163
f 4163 4084 4085
f 4006 4085 4084
f 4084 4005 4006
f 4177 4178 4167
f 4168 4167 4178
f 4190 4191 4179
f 4180 4179 4191
f 4022 4107 4021
f 4106 4021 4107
f 4174 4106 4107
f 4107 4185 4174
f 4185 4186 4174
f 4175 4174 4186
f 4186 4187 4175
f 4176 4175 4187
f 4187 4188 4176
f 4177 4176 4188
f 4188 4189 4177
f 4178 4177 4189
f 4189 4190 4178
f 4190 4179 4178
f 4168 4178 4179
f 4169 4168 4179
f 4179 4180 4169
f 4170 4169 4180
f 4180 4181 4170
f 4171 4170 4181
f 4181 4182 4171
f 4172 4171 4182
f 4182 4183 4172
f 4173 4172 4183
f 4183 4184 4173
f 4083 4173 4184
f 4184 4082 4083
f 4004 4083 4082
f 4082 4003 4004
f 4021 4106 4020
f 4105 4020 4106
f 4106 4174 4105
f 4164 4105 4174
f 4174 4175 4164
f 4165 4164 4175
f 4175 4176 4165
f 4166 4165 4176
f 4176 4177 4166
f 4177 4167 4166
f 4157 4166 4167
f 4158 4157 4167
f 4167 4168 4158
f 4159 4158 4168
f 4168 4169 4159
f 4160 4159 4169
f 4169 4170 4160
f 4161 4160 4170
f 4170 4171 4161
f 4162 4161 4171
f 4171 4172 4162
f 4163 4162 4172
f 4172 4173 4163
f 4084 4163 4173
f 4173 4083 4084
f 4005 4084 4083
f 4083 4004 4005
f 4102 4016 4017
f 4017 4103 4102
f 4103 4146 4102
f 4138 4102 4146
f 4146 4147 4138
f 4139 4138 4147
f 4147 4148 4139
f 4140 4139 4148
f 4148 4149 4140
f 4141 4140 4149
f 4149 4150 4141
f 4142 4141 4150
f 4150 4151 4142
f 4143 4142 4151
f 4151 4152 4143
f 4144 4143 4152
f 4152 4153 4144
f 4145 4144 4153
f 4153 4154 4145
f 4086 4145 4154
f 4154 4085 4086
f 4085 4007 4086
f 4008 4086 4007
f 4024 4109 4023
f 4108 4023 4109
f 4109 4197 4108
f 4025 4110 4024
f 4109 4024 4110
f 4110 4209 4109
f 4197 4109 4209
f 4209 4210 4197
f 4198 4197 4210
f 4210 4211 4198
f 4199 4198 4211
f 4211 4212 4199
f 4200 4199 4212
f 4212 4213 4200
f 4201 4200 4213
f 4203 4204 4192
f 4193 4192 4204
f 4204 4205 4193
f 4194 4193 4205
f 4205 4206 4194
f 4195 4194 4206
f 4206 4207 4195
f 4196 4195 4207
f 4207 4208 4196
f 4081 4196 4208
f 4208 4080 4081
f 4002 4081 4080
f 4080 4001 4002
f 4027 4112 4026
f 4111 4026 4112
f 4222 4111 4112
f 4112 4236 4222
f 4223 4222 4236
f 4236 4237 4223
f 4224 4223 4237
f 4237 4238 4224
f 4225 4224 4238
f 4227 4228 4214
f 4215 4214 4228
f 4228 4229 4215
f 4216 4215 4229
f 4229 4230 4216
f 4217 4216 4230
f 4230 4231 4217
f 4218 4217 4231
f 4231 4232 4218
f 4219 4218 4232
f 4232 4233 4219
f 4220 4219 4233
f 4233 4234 4220
f 4221 4220 4234
f 4234 4235 4221
f 4079 4221 4235
f 4235 4078 4079
f 4000 4079 4078
f 4078 3999 4000
f 4026 4111 4025
f 4110 4025 4111
f 4111 4222 4110
f 4209 4110 4222
f 4222 4223 4209
f 4210 4209 4223
f 4223 4224 4210
f 4211 4210 4224
f 4224 4225 4211
f 4212 4211 4225
f 4225 4226 4212
f 4213 4212 4226
f 4226 4227 4213
f 4227 4214 4213
f 4201 4213 4214
f 4202 4201 4214
f 4214 4215 4202
f 4203 4202 4215
f 4215 4216 4203
f 4204 4203 4216
f 4216 4217 4204
f 4205 4204 4217
f 4217 4218 4205
f 4206 4205 4218
f 4218 4219 4206
f 4207 4206 4219
f 4219 4220 4207
f 4208 4207 4220
f 4220 4221 4208
f 4080 4208 4221
f 4221 4079 4080
f 4001 4080 4079
f 4079 4000 4001
f 4113 4028 4114
f 4250 4113 4114
f 4253 4254 4239
f 4240 4239 4254
f 4254 4255 4240
f 4241 4240 4255
f 4255 4256 4241
f 4242 4241 4256
f 4256 4257 4242
f 4243 4242 4257
f 4257 4258 4243
f 4244 4243 4258
f 4258 4259 4244
f 4245 4244 4259
f 4259 4260 4245
f 4246 4245 4260
f 4260 4261 4246
f 4247 4246 4261
f 4261 4262 4247
f 4248 4247 4262
f 4262 4263 4248
f 4249 4248 4263
f 4263 4264 4249
f 4077 4249 4264
f 4264 4076 4077
f 3998 4077 4076
f 4076 3997 3998
f 3950 4115 4029
f 4115 4280 4265
f 4266 4265 4280
f 4280 4281 4266
f 4267 4266 4281
f 4281 4282 4267
f 4268 4267 4282
f 4282 4283 4268
f 4269 4268 4283
f 4283 4284 4269
f 4270 4269 4284
f 4284 4285 4270
f 4271 4270 4285
f 4285 4286 4271
f 4272 4271 4286
f 4286 4287 4272
f 4273 4272 4287
f 4287 4288 4273
f 4274 4273 4288
f 4288 4289 4274
f 4275 4274 4289
f 4289 4290 4275
f 4276 4275 4290
f 4290 4291 4276
f 4277 4276 4291
f 4291 4292 4277
f 4278 4277 4292
f 4114 4028 4029
f 4029 4115 4114
f 4115 4265 4114
f 4250 4114 4265
f 4251 4250 4265
f 4265 4266 4251
f 4252 4251 4266
f 4266 4267 4252
f 4253 4252 4267
f 4267 4268 4253
f 4254 4253 4268
f 4268 4269 4254
f 4255 4254 4269
f 4269 4270 4255
f 4256 4255 4270
f 4270 4271 4256
f 4257 4256 4271
f 4271 4272 4257
f 4258 4257 4272
f 4272 4273 4258
f 4259 4258 4273
f 4273 4274 4259
f 4260 4259 4274
f 4274 4275 4260
f 4261 4260 4275
f 4275 4276 4261
f 4262 4261 4276
f 4276 4277 4262
f 4263 4262 4277
f 4277 4278 4263
f 4264 4263 4278
f 4278 4279 4264
f 4076 4264 4279
f 4279 4075 4076
f 3997 4076 4075
f 4075 3996 3997
f 4028 4113 4027
f 4112 4027 4113
f 4236 4112 4113
f 4113 4250 4236
f 4250 4251 4236
f 4237 4236 4251
f 4251 4252 4237
f 4238 4237 4252
f 4252 4253 4238
f 4253 4239 4238
f 4225 4238 4239
f 4226 4225 4239
f 4239 4240 4226
f 4227 4226 4240
f 4240 4241 4227
f 4228 4227 4241
f 4241 4242 4228
f 4229 4228 4242
f 4242 4243 4229
f 4230 4229 4243
f 4243 4244 4230
f 4231 4230 4244
f 4244 4245 4231
f 4232 4231 4245
f 4245 4246 4232
f 4233 4232 4246
f 4246 4247 4233
f 4234 4233 4247
f 4247 4248 4234
f 4235 4234 4248
f 4248 4249 4235
f 4078 4235 4249
f 4249 4077 4078
f 3999 4078 4077
f 4077 3998 3999
f 4023 4108 4022
f 4107 4022 4108
f 4185 4107 4108
f 4108 4197 4185
f 4186 4185 4197
f 4197 4198 4186
f 4187 4186 4198
f 4198 4199 4187
f 4188 4187 4199
f 4199 4200 4188
f 4189 4188 4200
f 4200 4201 4189
f 4190 4189 4201
f 4201 4202 4190
f 4191 4190 4202
f 4202 4203 4191
f 4203 4192 4191
f 4180 4191 4192
f 4181 4180 4192
f 4192 4193 4181
f 4182 4181 4193
f 4193 4194 4182
f 4183 4182 4194
f 4194 4195 4183
f 4184 4183 4195
f 4195 4196 4184
f 4082 4184 4196
f 4196 4081 4082
f 4003 4082 4081
f 4081 4002 4003
f 3951 4031 4030
f 4031 3951 3952
f 3952 4032 4031
f 4295 4031 4032
f 4032 4310 4295
f 4296 4295 4310
f 4297 4296 4310
f 4310 4311 4297
f 4298 4297 4311
f 4311 4312 4298
f 4299 4298 4312
f 4312 4313 4299
f 4300 4299 4313
f 4313 4314 4300
f 4301 4300 4314
f 4314 4315 4301
f 4302 4301 4315
f 4307 4308 4293
f 4294 4293 4308
f 4308 4309 4294
f 4074 4294 4309
f 4309 4073 4074
f 3995 4074 4073
f 4073 3994 3995
f 4033 3953 3954
f 3954 4034 4033
f 4324 4033 4034
f 4325 4324 4338
f 4326 4325 4338
f 4338 4339 4326
f 4327 4326 4339
f 4339 4340 4327
f 4340 4328 4327
f 4329 4330 4316
f 4317 4316 4330
f 4330 4331 4317
f 4318 4317 4331
f 4331 4332 4318
f 4319 4318 4332
f 4332 4333 4319
f 4320 4319 4333
f 4333 4334 4320
f 4321 4320 4334
f 4334 4335 4321
f 4322 4321 4335
f 4335 4336 4322
f 4323 4322 4336
f 4336 4337 4323
f 4072 4323 4337
f 4337 4071 4072
f 3993 4072 4071
f 4071 3992 3993
f 4032 3952 3953
f 3953 4033 4032
f 4310 4032 4033
f 4033 4324 4310
f 4311 4310 4324
f 4324 4325 4311
f 4312 4311 4325
f 4325 4326 4312
f 4313 4312 4326
f 4326 4327 4313
f 4314 4313 4327
f 4327 4328 4314
f 4315 4314 4328
f 4328 4329 4315
f 4329 4316 4315
f 4302 4315 4316
f 4303 4302 4316
f 4316 4317 4303
f 4304 4303 4317
f 4317 4318 4304
f 4305 4304 4318
f 4318 4319 4305
f 4306 4305 4319
f 4319 4320 4306
f 4307 4306 4320
f 4320 4321 4307
f 4308 4307 4321
f 4321 4322 4308
f 4309 4308 4322
f 4322 4323 4309
f 4073 4309 4323
f 4323 4072 4073
f 3994 4073 4072
f 4072 3993 3994
f 4364 4365 4353
f 4354 4353 4365
f 4035 3955 3956
f 3956 4036 4035
f 4351 4035 4036
f 4352 4351 4364
f 4364 4353 4352
f 4353 4354 4341
f 4342 4341 4354
f 4354 4355 4342
f 4343 4342 4355
f 4355 4356 4343
f 4344 4343 4356
f 4356 4357 4344
f 4345 4344 4357
f 4357 4358 4345
f 4346 4345 4358
f 4358 4359 4346
f 4347 4346 4359
f 4359 4360 4347
f 4348 4347 4360
f 4360 4361 4348
f 4349 4348 4361
f 4361 4362 4349
f 4350 4349 4362
f 4362 4363 4350
f 4070 4350 4363
f 4363 4069 4070
f 3991 4070 4069
f 4069 3990 3991
f 3958 4037 3957
f 3959 4039 4038
f 4378 4377 4388
f 3959 4038 3958
f 4037 3958 4038
f 4038 4039 4376
f 4039 4388 4376
f 4388 4377 4376
f 4377 4378 4366
f 4367 4366 4378
f 4378 4379 4367
f 4368 4367 4379
f 4379 4380 4368
f 4369 4368 4380
f 4380 4381 4369
f 4370 4369 4381
f 4381 4382 4370
f 4371 4370 4382
f 4382 4383 4371
f 4372 4371 4383
f 4383 4384 4372
f 4373 4372 4384
f 4384 4385 4373
f 4374 4373 4385
f 4385 4386 4374
f 4375 4374 4386
f 4386 4387 4375
f 4068 4375 4387
f 4387 4067 4068
f 3989 4068 4067
f 4067 3988 3989
f 4036 3956 3957
f 3957 4037 4036
f 4351 4036 4037
f 4364 4351 4037
f 4037 4038 4364
f 4038 4376 4364
f 4365 4364 4376
f 4376 4377 4365
f 4377 4366 4365
f 4354 4365 4366
f 4355 4354 4366
f 4366 4367 4355
f 4356 4355 4367
f 4367 4368 4356
f 4357 4356 4368
f 4368 4369 4357
f 4358 4357 4369
f 4369 4370 4358
f 4359 4358 4370
f 4370 4371 4359
f 4360 4359 4371
f 4371 4372 4360
f 4361 4360 4372
f 4372 4373 4361
f 4362 4361 4373
f 4373 4374 4362
f 4363 4362 4374
f 4374 4375 4363
f 4069 4363 4375
f 4375 4068 4069
f 3990 4069 4068
f 4068 3989 3990
f 4034 3954 3955
f 3955 4035 4034
f 4324 4034 4035
f 4338 4324 4035
f 4035 4351 4338
f 4339 4338 4351
f 4351 4352 4339
f 4340 4339 4352
f 4352 4353 4340
f 4353 4341 4340
f 4328 4340 4341
f 4329 4328 4341
f 4341 4342 4329
f 4330 4329 4342
f 4342 4343 4330
f 4331 4330 4343
f 4343 4344 4331
f 4332 4331 4344
f 4344 4345 4332
f 4333 4332 4345
f 4345 4346 4333
f 4334 4333 4346
f 4346 4347 4334
f 4335 4334 4347
f 4347 4348 4335
f 4336 4335 4348
f 4348 4349 4336
f 4337 4336 4349
f 4349 4350 4337
f 4071 4337 4350
f 4350 4070 4071
f 3992 4071 4070
f 4070 3991 3992
f 4390 4389 4399
f 4399 4400 4390
f 4391 4390 4400
f 4409 4410 4401
f 4402 4401 4410
f 4410 4411 4402
f 4403 4402 4411
f 4411 4412 4403
f 4404 4403 4412
f 4040 3960 3961
f 3961 4041 4040
f 4400 4399 4409
f 4409 4401 4400
f 4391 4400 4401
f 4392 4391 4401
f 4401 4402 4392
f 4393 4392 4402
f 4402 4403 4393
f 4394 4393 4403
f 4403 4404 4394
f 4395 4394 4404
f 4404 4405 4395
f 4396 4395 4405
f 4405 4406 4396
f 4397 4396 4406
f 4406 4407 4397
f 4398 4397 4407
f 4407 4408 4398
f 4066 4398 4408
f 4408 4065 4066
f 3987 4066 4065
f 4065 3986 3987
f 4421 4422 4413
f 4414 4413 4422
f 4422 4423 4414
f 4415 4414 4423
f 4423 4424 4415
f 4416 4415 4424
f 3964 4043 3963
f 4043 3964 4044
f 4432 4433 4425
f 4426 4425 4433
f 4433 4434 4426
f 4063 4426 4434
f 4434 4062 4063
f 3984 4063 4062
f 4042 3962 3963
f 3963 4043 4042
f 4043 4044 4418
f 4044 4427 4418
f 4419 4418 4427
f 4420 4419 4427
f 4427 4428 4420
f 4421 4420 4428
f 4428 4429 4421
f 4422 4421 4429
f 4429 4430 4422
f 4423 4422 4430
f 4430 4431 4423
f 4424 4423 4431
f 4431 4432 4424
f 4432 4425 4424
f 4416 4424 4425
f 4417 4416 4425
f 4425 4426 4417
f 4064 4417 4426
f 4426 4063 4064
f 3985 4064 4063
f 4063 3984 3985
f 4041 3961 3962
f 3962 4042 4041
f 4399 4041 4042
f 4409 4399 4042
f 4042 4043 4409
f 4043 4418 4409
f 4410 4409 4418
f 4418 4419 4410
f 4411 4410 4419
f 4419 4420 4411
f 4412 4411 4420
f 4420 4421 4412
f 4421 4413 4412
f 4404 4412 4413
f 4405 4404 4413
f 4413 4414 4405
f 4406 4405 4414
f 4414 4415 4406
f 4407 4406 4415
f 4415 4416 4407
f 4408 4407 4416
f 4416 4417 4408
f 4065 4408 4417
f 4417 4064 4065
f 3986 4065 4064
f 4064 3985 3986
f 4045 3965 3966
f 3966 4046 4045
f 4435 4045 4046
f 4046 4443 4435
f 4436 4435 4443
f 4437 4436 4443
f 4061 3982 3983
f 4450 4451 4444
f 4445 4444 4451
f 4451 4452 4445
f 4446 4445 4452
f 4452 4453 4446
f 4447 4446 4453
f 4453 4454 4447
f 4448 4447 4454
f 4454 4455 4448
f 4449 4448 4455
f 4455 4456 4449
f 4060 4449 4456
f 4046 3966 3967
f 3967 4047 4046
f 4443 4046 4047
f 4047 4450 4443
f 4450 4444 4443
f 4437 4443 4444
f 4438 4437 4444
f 4444 4445 4438
f 4439 4438 4445
f 4445 4446 4439
f 4440 4439 4446
f 4446 4447 4440
f 4441 4440 4447
f 4447 4448 4441
f 4442 4441 4448
f 4448 4449 4442
f 4061 4442 4449
f 4449 4060 4061
f 3982 4061 4060
f 4060 3981 3982
f 4048 3968 3969
f 3969 4049 4048
f 4457 4048 4049
f 4049 4050 4457
f 4458 4457 4050
f 4463 4058 4059
f 3980 4059 4058
f 4058 3979 3980
f 3971 3972 4051
f 4052 4051 3972
f 3972 3973 4052
f 4053 4052 3973
f 3973 3974 4053
f 4054 4053 3974
f 3974 3975 4054
f 4055 4054 3975
f 3975 3976 4055
f 4056 4055 3976
f 3976 3977 4056
f 4057 4056 3977
f 3977 3978 4057
f 4049 3969 4012
f 4012 3970 4049
f 4050 4049 3970
f 3970 3971 4050
f 3971 4051 4050
f 4458 4050 4051
f 4459 4458 4051
f 4051 4052 4459
f 4052 4053 4459
f 4460 4459 4053
f 4053 4054 4460
f 4461 4460 4054
f 4054 4055 4461
f 4462 4461 4055
f 4055 4056 4462
f 4463 4462 4056
f 4056 4057 4463
f 4058 4463 4057
f 3979 4058 4057
f 4057 3978 3979
f 4047 3967 3968
f 3968 4048 4047
f 4450 4047 4048
f 4048 4457 4450
f 4451 4450 4457
f 4457 4458 4451
f 4452 4451 4458
f 4458 4459 4452
f 4453 4452 4459
f 4459 4460 4453
f 4454 4453 4460
f 4460 4461 4454
f 4455 4454 4461
f 4461 4462 4455
f 4456 4455 4462
f 4462 4463 4456
f 4463 4059 4456
f 4060 4456 4059
f 3981 4060 4059
f 4059 3980 3981
f 4044 3964 3965
f 3965 4045 4044
f 4427 4044 4045
f 4045 4435 4427
f 4428 4427 4435
f 4435 4436 4428
f 4429 4428 4436
f 4436 4437 4429
f 4430 4429 4437
f 4437 4438 4430
f 4431 4430 4438
f 4438 4439 4431
f 4432 4431 4439
f 4439 4440 4432
f 4433 4432 4440
f 4440 4441 4433
f 4434 4433 4441
f 4441 4442 4434
f 4062 4434 4442
f 4442 4061 4062
f 4061 3983 4062
f 3984 4062 3983
f 4039 3959 3960
f 3960 4040 4039
f 4388 4039 4040
f 4040 4041 4388
f 4041 4399 4388
f 4399 4389 4388
f 4378 4388 4389
f 4379 4378 4389
f 4389 4390 4379
f 4380 4379 4390
f 4390 4391 4380
f 4381 4380 4391
f 4391 4392 4381
f 4382 4381 4392
f 4392 4393 4382
f 4383 4382 4393
f 4393 4394 4383
f 4384 4383 4394
f 4394 4395 4384
f 4385 4384 4395
f 4395 4396 4385
f 4386 4385 4396
f 4396 4397 4386
f 4387 4386 4397
f 4397 4398 4387
f 4067 4387 4398
f 4398 4066 4067
f 3988 4067 4066
f 4066 3987 3988
f 3951 4030 3950
f 4115 3950 4030
f 4280 4115 4030
f 4030 4031 4280
f 4031 4295 4280
f 4281 4280 4295
f 4295 4296 4281
f 4282 4281 4296
f 4296 4297 4282
f 4283 4282 4297
f 4297 4298 4283
f 4284 4283 4298
f 4298 4299 4284
f 4285 4284 4299
f 4299 4300 4285
f 4286 4285 4300
f 4300 4301 4286
f 4287 4286 4301
f 4301 4302 4287
f 4288 4287 4302
f 4302 4303 4288
f 4289 4288 4303
f 4303 4304 4289
f 4290 4289 4304
f 4304 4305 4290
f 4291 4290 4305
f 4305 4306 4291
f 4292 4291 4306
f 4306 4307 4292
f 4307 4293 4292
f 4278 4292 4293
f 4279 4278 4293
f 4293 4294 4279
f 4075 4279 4294
f 4294 4074 4075
f 3996 4075 4074
f 4074 3995 3996
f 4484 4612 4526
f 4612 4484 4611
f 4485 4611 4484
f 4611 4485 4610
f 4486 4610 4485
f 4610 4486 4609
f 4487 4609 4486
f 4609 4487 4608
f 4488 4608 4487
f 4608 4488 4607
f 4489 4607 4488
f 4528 4527 4613
f 4634 4606 4635
f 4605 4635 4606
f 4635 4605 4636
f 4604 4636 4605
f 4636 4604 4603
f 4525 4603 4604
f 4603 4525 4524
f 4612 4527 4526
f 4527 4612 4613
f 4613 4612 4630
f 4611 4630 4612
f 4630 4611 4631
f 4610 4631 4611
f 4631 4610 4632
f 4609 4632 4610
f 4608 4632 4609
f 4632 4608 4633
f 4607 4633 4608
f 4633 4607 4634
f 4634 4607 4606
f 4489 4606 4607
f 4490 4606 4489
f 4606 4490 4605
f 4491 4605 4490
f 4605 4491 4604
f 4492 4604 4491
f 4604 4492 4525
f 4614 4637 4644
f 4644 4637 4645
f 4638 4645 4637
f 4645 4638 4646
f 4639 4646 4638
f 4646 4639 4647
f 4640 4647 4639
f 4647 4640 4648
f 4641 4648 4640
f 4615 4616 4530
f 4652 4616 4615
f 4656 4649 4657
f 4650 4657 4649
f 4657 4650 4658
f 4651 4658 4650
f 4658 4651 4659
f 4601 4659 4651
f 4659 4601 4600
f 4522 4600 4601
f 4530 4529 4615
f 4614 4615 4529
f 4644 4615 4614
f 4615 4644 4652
f 4645 4652 4644
f 4652 4645 4653
f 4646 4653 4645
f 4653 4646 4654
f 4647 4654 4646
f 4654 4647 4655
f 4648 4655 4647
f 4655 4648 4656
f 4656 4648 4649
f 4641 4649 4648
f 4642 4649 4641
f 4649 4642 4650
f 4643 4650 4642
f 4650 4643 4651
f 4602 4651 4643
f 4651 4602 4601
f 4523 4601 4602
f 4601 4523 4522
f 4529 4528 4614
f 4613 4614 4528
f 4614 4613 4637
f 4630 4637 4613
f 4631 4637 4630
f 4637 4631 4638
f 4632 4638 4631
f 4638 4632 4639
f 4633 4639 4632
f 4639 4633 4640
f 4634 4640 4633
f 4640 4634 4641
f 4635 4641 4634
f 4641 4635 4642
f 4636 4642 4635
f 4642 4636 4643
f 4603 4643 4636
f 4643 4603 4602
f 4524 4602 4603
f 4602 4524 4523
f 4617 4532 4531
f 4532 4617 4618
f 4599 4521 4520
f 4534 4533 4619
f 4678 4669 4679
f 4670 4679 4669
f 4679 4670 4680
f 4671 4680 4670
f 4618 4533 4532
f 4533 4618 4619
f 4619 4618 4678
f 4678 4618 4669
f 4617 4669 4618
f 4660 4669 4617
f 4661 4669 4660
f 4669 4661 4670
f 4662 4670 4661
f 4670 4662 4671
f 4663 4671 4662
f 4671 4663 4672
f 4664 4672 4663
f 4672 4664 4673
f 4665 4673 4664
f 4673 4665 4674
f 4666 4674 4665
f 4674 4666 4675
f 4667 4675 4666
f 4675 4667 4676
f 4668 4676 4667
f 4676 4668 4677
f 4599 4677 4668
f 4677 4599 4598
f 4520 4598 4599
f 4598 4520 4519
f 4691 4681 4692
f 4682 4692 4681
f 4704 4693 4705
f 4694 4705 4693
f 4536 4535 4621
f 4620 4621 4535
f 4688 4621 4620
f 4621 4688 4699
f 4699 4688 4700
f 4689 4700 4688
f 4700 4689 4701
f 4690 4701 4689
f 4701 4690 4702
f 4691 4702 4690
f 4702 4691 4703
f 4692 4703 4691
f 4703 4692 4704
f 4704 4692 4693
f 4682 4693 4692
f 4683 4693 4682
f 4693 4683 4694
f 4684 4694 4683
f 4694 4684 4695
f 4685 4695 4684
f 4695 4685 4696
f 4686 4696 4685
f 4696 4686 4697
f 4687 4697 4686
f 4697 4687 4698
f 4597 4698 4687
f 4698 4597 4596
f 4518 4596 4597
f 4596 4518 4517
f 4535 4534 4620
f 4619 4620 4534
f 4620 4619 4688
f 4678 4688 4619
f 4688 4678 4689
f 4679 4689 4678
f 4689 4679 4690
f 4680 4690 4679
f 4690 4680 4691
f 4691 4680 4681
f 4671 4681 4680
f 4672 4681 4671
f 4681 4672 4682
f 4673 4682 4672
f 4682 4673 4683
f 4674 4683 4673
f 4683 4674 4684
f 4675 4684 4674
f 4684 4675 4685
f 4676 4685 4675
f 4685 4676 4686
f 4677 4686 4676
f 4686 4677 4687
f 4598 4687 4677
f 4687 4598 4597
f 4519 4597 4598
f 4597 4519 4518
f 4616 4531 4530
f 4531 4616 4617
f 4617 4616 4660
f 4652 4660 4616
f 4660 4652 4661
f 4653 4661 4652
f 4661 4653 4662
f 4654 4662 4653
f 4662 4654 4663
f 4655 4663 4654
f 4663 4655 4664
f 4656 4664 4655
f 4664 4656 4665
f 4657 4665 4656
f 4665 4657 4666
f 4658 4666 4657
f 4666 4658 4667
f 4659 4667 4658
f 4667 4659 4668
f 4600 4668 4659
f 4668 4600 4599
f 4599 4600 4521
f 4522 4521 4600
f 4538 4537 4623
f 4622 4623 4537
f 4623 4622 4711
f 4539 4538 4624
f 4623 4624 4538
f 4624 4623 4723
f 4711 4723 4623
f 4723 4711 4724
f 4712 4724 4711
f 4724 4712 4725
f 4713 4725 4712
f 4725 4713 4726
f 4714 4726 4713
f 4726 4714 4727
f 4715 4727 4714
f 4717 4706 4718
f 4707 4718 4706
f 4718 4707 4719
f 4708 4719 4707
f 4719 4708 4720
f 4709 4720 4708
f 4720 4709 4721
f 4710 4721 4709
f 4721 4710 4722
f 4595 4722 4710
f 4722 4595 4594
f 4516 4594 4595
f 4594 4516 4515
f 4541 4540 4626
f 4625 4626 4540
f 4736 4626 4625
f 4626 4736 4750
f 4737 4750 4736
f 4750 4737 4751
f 4738 4751 4737
f 4751 4738 4752
f 4739 4752 4738
f 4741 4728 4742
f 4729 4742 4728
f 4742 4729 4743
f 4730 4743 4729
f 4743 4730 4744
f 4731 4744 4730
f 4744 4731 4745
f 4732 4745 4731
f 4745 4732 4746
f 4733 4746 4732
f 4746 4733 4747
f 4734 4747 4733
f 4747 4734 4748
f 4735 4748 4734
f 4748 4735 4749
f 4593 4749 4735
f 4749 4593 4592
f 4514 4592 4593
f 4592 4514 4513
f 4540 4539 4625
f 4624 4625 4539
f 4625 4624 4736
f 4723 4736 4624
f 4736 4723 4737
f 4724 4737 4723
f 4737 4724 4738
f 4725 4738 4724
f 4738 4725 4739
f 4726 4739 4725
f 4739 4726 4740
f 4727 4740 4726
f 4740 4727 4741
f 4741 4727 4728
f 4715 4728 4727
f 4716 4728 4715
f 4728 4716 4729
f 4717 4729 4716
f 4729 4717 4730
f 4718 4730 4717
f 4730 4718 4731
f 4719 4731 4718
f 4731 4719 4732
f 4720 4732 4719
f 4732 4720 4733
f 4721 4733 4720
f 4733 4721 4734
f 4722 4734 4721
f 4734 4722 4735
f 4594 4735 4722
f 4735 4594 4593
f 4515 4593 4594
f 4593 4515 4514
f 4627 4628 4542
f 4764 4628 4627
f 4767 4753 4768
f 4754 4768 4753
f 4768 4754 4769
f 4755 4769 4754
f 4769 4755 4770
f 4756 4770 4755
f 4770 4756 4771
f 4757 4771 4756
f 4771 4757 4772
f 4758 4772 4757
f 4772 4758 4773
f 4759 4773 4758
f 4773 4759 4774
f 4760 4774 4759
f 4774 4760 4775
f 4761 4775 4760
f 4775 4761 4776
f 4762 4776 4761
f 4776 4762 4777
f 4763 4777 4762
f 4777 4763 4778
f 4591 4778 4763
f 4778 4591 4590
f 4512 4590 4591
f 4590 4512 4511
f 4464 4543 4629
f 4629 4779 4794
f 4780 4794 4779
f 4794 4780 4795
f 4781 4795 4780
f 4795 4781 4796
f 4782 4796 4781
f 4796 4782 4797
f 4783 4797 4782
f 4797 4783 4798
f 4784 4798 4783
f 4798 4784 4799
f 4785 4799 4784
f 4799 4785 4800
f 4786 4800 4785
f 4800 4786 4801
f 4787 4801 4786
f 4801 4787 4802
f 4788 4802 4787
f 4802 4788 4803
f 4789 4803 4788
f 4803 4789 4804
f 4790 4804 4789
f 4804 4790 4805
f 4791 4805 4790
f 4805 4791 4806
f 4792 4806 4791
f 4628 4543 4542
f 4543 4628 4629
f 4629 4628 4779
f 4764 4779 4628
f 4765 4779 4764
f 4779 4765 4780
f 4766 4780 4765
f 4780 4766 4781
f 4767 4781 4766
f 4781 4767 4782
f 4768 4782 4767
f 4782 4768 4783
f 4769 4783 4768
f 4783 4769 4784
f 4770 4784 4769
f 4784 4770 4785
f 4771 4785 4770
f 4785 4771 4786
f 4772 4786 4771
f 4786 4772 4787
f 4773 4787 4772
f 4787 4773 4788
f 4774 4788 4773
f 4788 4774 4789
f 4775 4789 4774
f 4789 4775 4790
f 4776 4790 4775
f 4790 4776 4791
f 4777 4791 4776
f 4791 4777 4792
f 4778 4792 4777
f 4792 4778 4793
f 4590 4793 4778
f 4793 4590 4589
f 4511 4589 4590
f 4589 4511 4510
f 4542 4541 4627
f 4626 4627 4541
f 4750 4627 4626
f 4627 4750 4764
f 4764 4750 4765
f 4751 4765 4750
f 4765 4751 4766
f 4752 4766 4751
f 4766 4752 4767
f 4767 4752 4753
f 4739 4753 4752
f 4740 4753 4739
f 4753 4740 4754
f 4741 4754 4740
f 4754 4741 4755
f 4742 4755 4741
f 4755 4742 4756
f 4743 4756 4742
f 4756 4743 4757
f 4744 4757 4743
f 4757 4744 4758
f 4745 4758 4744
f 4758 4745 4759
f 4746 4759 4745
f 4759 4746 4760
f 4747 4760 4746
f 4760 4747 4761
f 4748 4761 4747
f 4761 4748 4762
f 4749 4762 4748
f 4762 4749 4763
f 4592 4763 4749
f 4763 4592 4591
f 4513 4591 4592
f 4591 4513 4512
f 4537 4536 4622
f 4621 4622 4536
f 4699 4622 4621
f 4622 4699 4711
f 4700 4711 4699
f 4711 4700 4712
f 4701 4712 4700
f 4712 4701 4713
f 4702 4713 4701
f 4713 4702 4714
f 4703 4714 4702
f 4714 4703 4715
f 4704 4715 4703
f 4715 4704 4716
f 4705 4716 4704
f 4716 4705 4717
f 4717 4705 4706
f 4694 4706 4705
f 4695 4706 4694
f 4706 4695 4707
f 4696 4707 4695
f 4707 4696 4708
f 4697 4708 4696
f 4708 4697 4709
f 4698 4709 4697
f 4709 4698 4710
f 4596 4710 4698
f 4710 4596 4595
f 4517 4595 4596
f 4595 4517 4516
f 4465 4544 4545
f 4545 4466 4465
f 4466 4545 4546
f 4809 4546 4545
f 4546 4809 4824
f 4810 4824 4809
f 4811 4824 4810
f 4824 4811 4825
f 4812 4825 4811
f 4825 4812 4826
f 4813 4826 4812
f 4826 4813 4827
f 4814 4827 4813
f 4827 4814 4828
f 4815 4828 4814
f 4828 4815 4829
f 4816 4829 4815
f 4821 4807 4822
f 4808 4822 4807
f 4822 4808 4823
f 4588 4823 4808
f 4823 4588 4587
f 4509 4587 4588
f 4587 4509 4508
f 4547 4468 4467
f 4468 4547 4548
f 4838 4548 4547
f 4839 4852 4838
f 4840 4852 4839
f 4852 4840 4853
f 4841 4853 4840
f 4853 4841 4854
f 4854 4841 4842
f 4843 4830 4844
f 4831 4844 4830
f 4844 4831 4845
f 4832 4845 4831
f 4845 4832 4846
f 4833 4846 4832
f 4846 4833 4847
f 4834 4847 4833
f 4847 4834 4848
f 4835 4848 4834
f 4848 4835 4849
f 4836 4849 4835
f 4849 4836 4850
f 4837 4850 4836
f 4850 4837 4851
f 4586 4851 4837
f 4851 4586 4585
f 4507 4585 4586
f 4585 4507 4506
f 4546 4467 4466
f 4467 4546 4547
f 4824 4547 4546
f 4547 4824 4838
f 4825 4838 4824
f 4838 4825 4839
f 4826 4839 4825
f 4839 4826 4840
f 4827 4840 4826
f 4840 4827 4841
f 4828 4841 4827
f 4841 4828 4842
f 4829 4842 4828
f 4842 4829 4843
f 4843 4829 4830
f 4816 4830 4829
f 4817 4830 4816
f 4830 4817 4831
f 4818 4831 4817
f 4831 4818 4832
f 4819 4832 4818
f 4832 4819 4833
f 4820 4833 4819
f 4833 4820 4834
f 4821 4834 4820
f 4834 4821 4835
f 4822 4835 4821
f 4835 4822 4836
f 4823 4836 4822
f 4836 4823 4837
f 4587 4837 4823
f 4837 4587 4586
f 4508 4586 4587
f 4586 4508 4507
f 4878 4867 4879
f 4868 4879 4867
f 4549 4470 4469
f 4470 4549 4550
f 4865 4550 4549
f 4866 4878 4865
f 4878 4866 4867
f 4867 4855 4868
f 4856 4868 4855
f 4868 4856 4869
f 4857 4869 4856
f 4869 4857 4870
f 4858 4870 4857
f 4870 4858 4871
f 4859 4871 4858
f 4871 4859 4872
f 4860 4872 4859
f 4872 4860 4873
f 4861 4873 4860
f 4873 4861 4874
f 4862 4874 4861
f 4874 4862 4875
f 4863 4875 4862
f 4875 4863 4876
f 4864 4876 4863
f 4876 4864 4877
f 4584 4877 4864
f 4877 4584 4583
f 4505 4583 4584
f 4583 4505 4504
f 4472 4471 4551
f 4473 4552 4553
f 4892 4902 4891
f 4473 4472 4552
f 4551 4552 4472
f 4552 4890 4553
f 4553 4890 4902
f 4902 4890 4891
f 4891 4880 4892
f 4881 4892 4880
f 4892 4881 4893
f 4882 4893 4881
f 4893 4882 4894
f 4883 4894 4882
f 4894 4883 4895
f 4884 4895 4883
f 4895 4884 4896
f 4885 4896 4884
f 4896 4885 4897
f 4886 4897 4885
f 4897 4886 4898
f 4887 4898 4886
f 4898 4887 4899
f 4888 4899 4887
f 4899 4888 4900
f 4889 4900 4888
f 4900 4889 4901
f 4582 4901 4889
f 4901 4582 4581
f 4503 4581 4582
f 4581 4503 4502
f 4550 4471 4470
f 4471 4550 4551
f 4865 4551 4550
f 4878 4551 4865
f 4551 4878 4552
f 4552 4878 4890
f 4879 4890 4878
f 4890 4879 4891
f 4891 4879 4880
f 4868 4880 4879
f 4869 4880 4868
f 4880 4869 4881
f 4870 4881 4869
f 4881 4870 4882
f 4871 4882 4870
f 4882 4871 4883
f 4872 4883 4871
f 4883 4872 4884
f 4873 4884 4872
f 4884 4873 4885
f 4874 4885 4873
f 4885 4874 4886
f 4875 4886 4874
f 4886 4875 4887
f 4876 4887 4875
f 4887 4876 4888
f 4877 4888 4876
f 4888 4877 4889
f 4583 4889 4877
f 4889 4583 4582
f 4504 4582 4583
f 4582 4504 4503
f 4548 4469 4468
f 4469 4548 4549
f 4838 4549 4548
f 4852 4549 4838
f 4549 4852 4865
f 4853 4865 4852
f 4865 4853 4866
f 4854 4866 4853
f 4866 4854 4867
f 4867 4854 4855
f 4842 4855 4854
f 4843 4855 4842
f 4855 4843 4856
f 4844 4856 4843
f 4856 4844 4857
f 4845 4857 4844
f 4857 4845 4858
f 4846 4858 4845
f 4858 4846 4859
f 4847 4859 4846
f 4859 4847 4860
f 4848 4860 4847
f 4860 4848 4861
f 4849 4861 4848
f 4861 4849 4862
f 4850 4862 4849
f 4862 4850 4863
f 4851 4863 4850
f 4863 4851 4864
f 4585 4864 4851
f 4864 4585 4584
f 4506 4584 4585
f 4584 4506 4505
f 4904 4913 4903
f 4913 4904 4914
f 4905 4914 4904
f 4923 4915 4924
f 4916 4924 4915
f 4924 4916 4925
f 4917 4925 4916
f 4925 4917 4926
f 4918 4926 4917
f 4554 4475 4474
f 4475 4554 4555
f 4914 4923 4913
f 4923 4914 4915
f 4905 4915 4914
f 4906 4915 4905
f 4915 4906 4916
f 4907 4916 4906
f 4916 4907 4917
f 4908 4917 4907
f 4917 4908 4918
f 4909 4918 4908
f 4918 4909 4919
f 4910 4919 4909
f 4919 4910 4920
f 4911 4920 4910
f 4920 4911 4921
f 4912 4921 4911
f 4921 4912 4922
f 4580 4922 4912
f 4922 4580 4579
f 4501 4579 4580
f 4579 4501 4500
f 4935 4927 4936
f 4928 4936 4927
f 4936 4928 4937
f 4929 4937 4928
f 4937 4929 4938
f 4930 4938 4929
f 4478 4477 4557
f 4557 4558 4478
f 4946 4939 4947
f 4940 4947 4939
f 4947 4940 4948
f 4577 4948 4940
f 4948 4577 4576
f 4498 4576 4577
f 4556 4477 4476
f 4477 4556 4557
f 4557 4932 4558
f 4558 4932 4941
f 4933 4941 4932
f 4934 4941 4933
f 4941 4934 4942
f 4935 4942 4934
f 4942 4935 4943
f 4936 4943 4935
f 4943 4936 4944
f 4937 4944 4936
f 4944 4937 4945
f 4938 4945 4937
f 4945 4938 4946
f 4946 4938 4939
f 4930 4939 4938
f 4931 4939 4930
f 4939 4931 4940
f 4578 4940 4931
f 4940 4578 4577
f 4499 4577 4578
f 4577 4499 4498
f 4555 4476 4475
f 4476 4555 4556
f 4913 4556 4555
f 4923 4556 4913
f 4556 4923 4557
f 4557 4923 4932
f 4924 4932 4923
f 4932 4924 4933
f 4925 4933 4924
f 4933 4925 4934
f 4926 4934 4925
f 4934 4926 4935
f 4935 4926 4927
f 4918 4927 4926
f 4919 4927 4918
f 4927 4919 4928
f 4920 4928 4919
f 4928 4920 4929
f 4921 4929 4920
f 4929 4921 4930
f 4922 4930 4921
f 4930 4922 4931
f 4579 4931 4922
f 4931 4579 4578
f 4500 4578 4579
f 4578 4500 4499
f 4559 4480 4479
f 4480 4559 4560
f 4949 4560 4559
f 4560 4949 4957
f 4950 4957 4949
f 4951 4957 4950
f 4575 4497 4496
f 4964 4958 4965
f 4959 4965 4958
f 4965 4959 4966
f 4960 4966 4959
f 4966 4960 4967
f 4961 4967 4960
f 4967 4961 4968
f 4962 4968 4961
f 4968 4962 4969
f 4963 4969 4962
f 4969 4963 4970
f 4574 4970 4963
f 4560 4481 4480
f 4481 4560 4561
f 4957 4561 4560
f 4561 4957 4964
f 4964 4957 4958
f 4951 4958 4957
f 4952 4958 4951
f 4958 4952 4959
f 4953 4959 4952
f 4959 4953 4960
f 4954 4960 4953
f 4960 4954 4961
f 4955 4961 4954
f 4961 4955 4962
f 4956 4962 4955
f 4962 4956 4963
f 4575 4963 4956
f 4963 4575 4574
f 4496 4574 4575
f 4574 4496 4495
f 4562 4483 4482
f 4483 4562 4563
f 4971 4563 4562
f 4563 4971 4564
f 4972 4564 4971
f 4977 4573 4572
f 4494 4572 4573
f 4572 4494 4493
f 4485 4565 4486
f 4566 4486 4565
f 4486 4566 4487
f 4567 4487 4566
f 4487 4567 4488
f 4568 4488 4567
f 4488 4568 4489
f 4569 4489 4568
f 4489 4569 4490
f 4570 4490 4569
f 4490 4570 4491
f 4571 4491 4570
f 4491 4571 4492
f 4563 4526 4483
f 4526 4563 4484
f 4564 4484 4563
f 4484 4564 4485
f 4485 4564 4565
f 4972 4565 4564
f 4973 4565 4972
f 4565 4973 4566
f 4566 4973 4567
f 4974 4567 4973
f 4567 4974 4568
f 4975 4568 4974
f 4568 4975 4569
f 4976 4569 4975
f 4569 4976 4570
f 4977 4570 4976
f 4570 4977 4571
f 4572 4571 4977
f 4493 4571 4572
f 4571 4493 4492
f 4561 4482 4481
f 4482 4561 4562
f 4964 4562 4561
f 4562 4964 4971
f 4965 4971 4964
f 4971 4965 4972
f 4966 4972 4965
f 4972 4966 4973
f 4967 4973 4966
f 4973 4967 4974
f 4968 4974 4967
f 4974 4968 4975
f 4969 4975 4968
f 4975 4969 4976
f 4970 4976 4969
f 4976 4970 4977
f 4977 4970 4573
f 4574 4573 4970
f 4495 4573 4574
f 4573 4495 4494
f 4558 4479 4478
f 4479 4558 4559
f 4941 4559 4558
f 4559 4941 4949
f 4942 4949 4941
f 4949 4942 4950
f 4943 4950 4942
f 4950 4943 4951
f 4944 4951 4943
f 4951 4944 4952
f 4945 4952 4944
f 4952 4945 4953
f 4946 4953 4945
f 4953 4946 4954
f 4947 4954 4946
f 4954 4947 4955
f 4948 4955 4947
f 4955 4948 4956
f 4576 4956 4948
f 4956 4576 4575
f 4575 4576 4497
f 4498 4497 4576
f 4553 4474 4473
f 4474 4553 4554
f 4902 4554 4553
f 4554 4902 4555
f 4555 4902 4913
f 4913 4902 4903
f 4892 4903 4902
f 4893 4903 4892
f 4903 4893 4904
f 4894 4904 4893
f 4904 4894 4905
f 4895 4905 4894
f 4905 4895 4906
f 4896 4906 4895
f 4906 4896 4907
f 4897 4907 4896
f 4907 4897 4908
f 4898 4908 4897
f 4908 4898 4909
f 4899 4909 4898
f 4909 4899 4910
f 4900 4910 4899
f 4910 4900 4911
f 4901 4911 4900
f 4911 4901 4912
f 4581 4912 4901
f 4912 4581 4580
f 4502 4580 4581
f 4580 4502 4501
f 4465 4464 4544
f 4629 4544 4464
f 4794 4544 4629
f 4544 4794 4545
f 4545 4794 4809
f 4795 4809 4794
f 4809 4795 4810
f 4796 4810 4795
f 4810 4796 4811
f 4797 4811 4796
f 4811 4797 4812
f 4798 4812 4797
f 4812 4798 4813
f 4799 4813 4798
f 4813 4799 4814
f 4800 4814 4799
f 4814 4800 4815
f 4801 4815 4800
f 4815 4801 4816
f 4802 4816 4801
f 4816 4802 4817
f 4803 4817 4802
f 4817 4803 4818
f 4804 4818 4803
f 4818 4804 4819
f 4805 4819 4804
f 4819 4805 4820
f 4806 4820 4805
f 4820 4806 4821
f 4821 4806 4807
f 4792 4807 4806
f 4793 4807 4792
f 4807 4793 4808
f 4589 4808 4793
f 4808 4589 4588
f 4510 4588 4589
f 4588 4510 4509
f 5104 5042 5105
f 5006 5042 5005
f 5042 5006 5105
f 5007 5105 5006
f 5105 5007 5104
f 5008 5104 5007
f 5104 5008 5041
f 5043 4979 4978
f 4979 5043 5044
f 5044 5043 5102
f 5103 5102 5043
f 5040 5102 5103
f 5102 5040 5039
f 5042 4978 5005
f 4978 5042 5043
f 5043 5042 5103
f 5104 5103 5042
f 5041 5103 5104
f 5103 5041 5040
f 5045 4981 4980
f 4981 5045 5046
f 5046 5045 5100
f 5101 5100 5045
f 5038 5100 5101
f 5100 5038 5037
f 5098 5099 5036
f 4983 5047 5048
f 5048 5047 5097
f 4983 4982 5047
f 5098 5047 5099
f 5047 5098 5097
f 5097 5098 5035
f 5036 5035 5098
f 5046 4982 4981
f 4982 5046 5047
f 5047 5046 5099
f 5100 5099 5046
f 5037 5099 5100
f 5099 5037 5036
f 5044 4980 4979
f 4980 5044 5045
f 5045 5044 5101
f 5102 5101 5044
f 5039 5101 5102
f 5101 5039 5038
f 5033 5032 5095
f 5049 4985 4984
f 5096 5095 5049
f 5095 5096 5033
f 5034 5033 5096
f 4987 4986 5051
f 5050 5051 4986
f 5094 5051 5050
f 5051 5094 5093
f 5031 5093 5094
f 5093 5031 5030
f 4986 4985 5050
f 5049 5050 4985
f 5095 5050 5049
f 5050 5095 5094
f 5032 5094 5095
f 5094 5032 5031
f 4989 4988 5053
f 5052 5053 4988
f 5053 5052 5091
f 5092 5091 5052
f 5029 5091 5092
f 5091 5029 5028
f 5090 5089 5054
f 5089 5090 5027
f 4991 4990 5055
f 4990 5054 5055
f 5089 5055 5054
f 5055 5089 5088
f 5088 5089 5026
f 5027 5026 5089
f 4990 4989 5054
f 5053 5054 4989
f 5054 5053 5090
f 5091 5090 5053
f 5028 5090 5091
f 5090 5028 5027
f 4988 4987 5052
f 5051 5052 4987
f 5093 5052 5051
f 5052 5093 5092
f 5030 5092 5093
f 5092 5030 5029
f 5048 4984 4983
f 4984 5048 5049
f 5049 5048 5096
f 5097 5096 5048
f 5096 5097 5034
f 5035 5034 5097
f 5024 5023 5086
f 5056 5057 4992
f 5087 5057 5056
f 5057 5087 5086
f 5086 5087 5024
f 5025 5024 5087
f 5084 5059 4994
f 5058 4994 4993
f 4994 5058 5084
f 5085 5084 5058
f 5022 5084 5085
f 5084 5022 5021
f 5057 4993 4992
f 4993 5057 5058
f 5058 5057 5085
f 5086 5085 5057
f 5023 5085 5086
f 5085 5023 5022
f 5083 5060 4995
f 5081 5082 5019
f 5060 4996 4995
f 5083 5082 5060
f 5020 5082 5083
f 5082 5020 5019
f 5079 5063 4998
f 4998 5062 5079
f 4998 4997 5062
f 5061 5062 4997
f 5080 5062 5061
f 5062 5080 5079
f 5079 5080 5017
f 5018 5017 5080
f 4997 4996 5061
f 5060 5061 4996
f 5082 5061 5060
f 5081 5061 5082
f 5061 5081 5080
f 5080 5081 5018
f 5019 5018 5081
f 5059 4995 4994
f 4995 5059 5083
f 5084 5083 5059
f 5021 5083 5084
f 5083 5021 5020
f 5016 5015 5078
f 5000 4999 5064
f 5078 5064 4999
f 5064 5078 5077
f 5015 5077 5078
f 5077 5015 5014
f 5002 5001 5066
f 5065 5066 5001
f 5066 5065 5075
f 5076 5075 5065
f 5013 5075 5076
f 5075 5013 5012
f 5001 5000 5065
f 5064 5065 5000
f 5077 5065 5064
f 5065 5077 5076
f 5014 5076 5077
f 5076 5014 5013
f 5074 5073 5067
f 5073 5074 5011
f 5073 5003 5067
f 5003 5073 5068
f 5068 5073 5072
f 5072 5073 5010
f 5011 5010 5073
f 5007 5071 5008
f 5069 5005 5004
f 5005 5069 5006
f 5070 5006 5069
f 5006 5070 5007
f 5007 5070 5071
f 5009 5071 5070
f 5071 5009 5008
f 5068 5004 5003
f 5004 5068 5069
f 5072 5069 5068
f 5069 5072 5070
f 5070 5072 5009
f 5010 5009 5072
f 5003 5002 5067
f 5066 5067 5002
f 5067 5066 5074
f 5075 5074 5066
f 5012 5074 5075
f 5074 5012 5011
f 5063 4999 4998
f 4999 5063 5078
f 5079 5078 5063
f 5078 5079 5016
f 5017 5016 5079
f 4992 4991 5056
f 5055 5056 4991
f 5088 5056 5055
f 5056 5088 5087
f 5087 5088 5025
f 5026 5025 5088
f 3988 3981 3989
f 3980 3989 3981
f 3989 3980 3990
f 3990 3980 3991
f 3991 3980 3992
f 3979 3992 3980
f 3992 3979 3993
f 3993 3979 3994
f 3994 3979 3995
f 3995 3979 3996
f 3996 3979 3997
f 3978 3997 3979
f 3997 3978 3998
f 3998 3978 3999
f 3999 3978 4000
f 4000 3978 4001
f 4011 4001 3978
f 4001 4011 4002
f 4002 4011 4003
f 4004 4003 4011
f 4497 4498 4500
f 4499 4500 4498
f 4522 4523 4521
f 4520 4521 4523
f 4523 4524 4520
f 4519 4520 4524
f 4518 4519 4524
f 4497 4500 4496
f 4518 4524 4517
f 4524 4525 4517
f 4516 4517 4525
f 4515 4516 4525
f 4514 4515 4525
f 4525 4492 4514
f 4513 4514 4492
f 4512 4513 4492
f 4511 4512 4492
f 4510 4511 4492
f 4492 4493 4510
f 4509 4510 4493
f 4508 4509 4493
f 4507 4508 4493
f 4506 4507 4493
f 4493 4494 4506
f 4505 4506 4494
f 4504 4505 4494
f 4503 4504 4494
f 4494 4495 4503
f 4502 4503 4495
f 4501 4502 4495
f 4495 4496 4501
f 4496 4500 4501
f 5021 5022 5020
f 5025 5026 5016
f 5016 5017 5025
f 5024 5025 5017
f 5023 5024 5017
f 5017 5018 5023
f 5022 5023 5018
f 5020 5022 5018
f 5018 5019 5020
f 5013 5012 5014
f 5041 5008 5040
f 5039 5040 5015
f 5014 5015 5040
f 5040 5008 5014
f 5013 5014 5008
f 5008 5009 5013
f 5009 5010 5013
f 5012 5013 5010
f 5010 5011 5012
f 5033 5034 5032
f 5031 5032 5034
f 5034 5035 5031
f 5030 5031 5035
f 5035 5036 5030
f 5029 5030 5036
f 5036 5037 5029
f 5028 5029 5037
f 5037 5038 5028
f 5027 5028 5038
f 5038 5039 5027
f 5039 5015 5027
f 5026 5027 5015
f 5016 5026 5015
f 5106 86 89
f 5106 89 4464
f 5106 4464 86
f 5107 5014 5012
